{
  "generated_at": "2026-03-21T17:53:27.729639",
  "speed_mps": 70.0,
  "tilt_front_deg": 90.0,
  "mass_kg": 3040.0,
  "weight_N": 29822.4,
  "front_group_coeff_per_rpm2": {
    "F": [
      0.00072,
      0.0,
      -4.408728476930471e-20
    ],
    "M": [
      0.0,
      -0.00014309999999999995,
      0.0
    ]
  },
  "rear_group_coeff_per_rpm2": {
    "F": [
      0.0,
      0.0,
      -0.00072
    ],
    "M": [
      0.0,
      -0.0015498947368421054,
      0.0
    ]
  },
  "best_candidate": {
    "alpha_deg": 16.0,
    "rpm_front": 2229.8563619658985,
    "rpm_rear": 2788.861880425923,
    "F_aero_N": [
      -5338.780692203792,
      0.0,
      -5173.6183459392805
    ],
    "F_front_N": [
      3580.0267643998504,
      0.0,
      -2.1921341589420656e-13
    ],
    "F_rear_N": [
      0.0,
      0.0,
      -5599.980423426828
    ],
    "F_total_N": [
      -1758.7539278039412,
      0.0,
      19048.801230633893
    ],
    "M_aero_Nm": [
      0.0,
      3917.1486540709802,
      0.0
    ],
    "M_front_Nm": [
      0.0,
      -711.53031942447,
      0.0
    ],
    "M_rear_Nm": [
      0.0,
      -12054.694700955646,
      0.0
    ],
    "M_total_Nm": [
      0.0,
      -8849.076366309135,
      0.0
    ],
    "residual_vector_[Fx,Fz,My]": [
      -1758.7539278039412,
      19048.801230633893,
      -8849.076366309135
    ],
    "residual_norm": 21077.385896726755,
    "power_proxy": 2950064.6738289623
  },
  "best_feasible_candidate": null,
  "num_candidates": 481
}