{
  "generated_at": "2026-03-21T17:53:27.608311",
  "speed_mps": 60.0,
  "tilt_front_deg": 90.0,
  "mass_kg": 3040.0,
  "weight_N": 29822.4,
  "front_group_coeff_per_rpm2": {
    "F": [
      0.00072,
      0.0,
      -4.408728476930471e-20
    ],
    "M": [
      0.0,
      -0.00014309999999999995,
      0.0
    ]
  },
  "rear_group_coeff_per_rpm2": {
    "F": [
      0.0,
      0.0,
      -0.00072
    ],
    "M": [
      0.0,
      -0.0015498947368421054,
      0.0
    ]
  },
  "best_candidate": {
    "alpha_deg": 16.0,
    "rpm_front": 1680.5921392064904,
    "rpm_rear": 2779.8803110497206,
    "F_aero_N": [
      -3922.3694881497254,
      0.0,
      -3801.025723547227
    ],
    "F_front_N": [
      2033.5607556211062,
      0.0,
      -1.24519683512153e-13
    ],
    "F_rear_N": [
      0.0,
      0.0,
      -5563.968871508562
    ],
    "F_total_N": [
      -1888.8087325286192,
      0.0,
      20457.405404944213
    ],
    "M_aero_Nm": [
      0.0,
      2877.90513360317,
      0.0
    ],
    "M_front_Nm": [
      0.0,
      -404.1702001796947,
      0.0
    ],
    "M_rear_Nm": [
      0.0,
      -11977.175097089483,
      0.0
    ],
    "M_total_Nm": [
      0.0,
      -9503.440163666008,
      0.0
    ],
    "residual_vector_[Fx,Fz,My]": [
      -1888.8087325286192,
      20457.405404944213,
      -9503.440163666008
    ],
    "residual_norm": 22635.99808435001,
    "power_proxy": 2360594.217211978
  },
  "best_feasible_candidate": null,
  "num_candidates": 481
}