{
  "generated_at": "2026-03-21T17:53:27.488462",
  "speed_mps": 40.0,
  "tilt_front_deg": 90.0,
  "mass_kg": 3040.0,
  "weight_N": 29822.4,
  "front_group_coeff_per_rpm2": {
    "F": [
      0.00072,
      0.0,
      -4.408728476930471e-20
    ],
    "M": [
      0.0,
      -0.00014309999999999995,
      0.0
    ]
  },
  "rear_group_coeff_per_rpm2": {
    "F": [
      0.0,
      0.0,
      -0.00072
    ],
    "M": [
      0.0,
      -0.0015498947368421054,
      0.0
    ]
  },
  "best_candidate": {
    "alpha_deg": 16.0,
    "rpm_front": 0.0,
    "rpm_rear": 2759.4081713715004,
    "F_aero_N": [
      -1743.2753280665447,
      0.0,
      -1689.3447660209895
    ],
    "F_front_N": [
      0.0,
      0.0,
      -0.0
    ],
    "F_rear_N": [
      0.0,
      0.0,
      -5482.320088486902
    ],
    "F_total_N": [
      -1743.2753280665447,
      0.0,
      22650.735145492108
    ],
    "M_aero_Nm": [
      0.0,
      1279.0689482680757,
      0.0
    ],
    "M_front_Nm": [
      0.0,
      -0.0,
      0.0
    ],
    "M_rear_Nm": [
      0.0,
      -11801.415348374438,
      0.0
    ],
    "M_total_Nm": [
      0.0,
      -10522.346400106362,
      0.0
    ],
    "residual_vector_[Fx,Fz,My]": [
      -1743.2753280665447,
      22650.735145492108,
      -10522.346400106362
    ],
    "residual_norm": 25036.265401702953,
    "power_proxy": 1890994.8562806107
  },
  "best_feasible_candidate": null,
  "num_candidates": 481
}