{
  "generated_at": "2026-03-21T17:53:27.847774",
  "speed_mps": 80.0,
  "tilt_front_deg": 90.0,
  "mass_kg": 3040.0,
  "weight_N": 29822.4,
  "front_group_coeff_per_rpm2": {
    "F": [
      0.00072,
      0.0,
      -4.408728476930471e-20
    ],
    "M": [
      0.0,
      -0.00014309999999999995,
      0.0
    ]
  },
  "rear_group_coeff_per_rpm2": {
    "F": [
      0.0,
      0.0,
      -0.00072
    ],
    "M": [
      0.0,
      -0.0015498947368421054,
      0.0
    ]
  },
  "best_candidate": {
    "alpha_deg": 16.0,
    "rpm_front": 2729.573282860197,
    "rpm_rear": 2799.1894198990276,
    "F_aero_N": [
      -6973.101312266179,
      0.0,
      -6757.379064083958
    ],
    "F_front_N": [
      5364.41062068302,
      0.0,
      -3.284754147965763e-13
    ],
    "F_rear_N": [
      0.0,
      0.0,
      -5641.532214101751
    ],
    "F_total_N": [
      -1608.6906915831587,
      0.0,
      17423.48872181429
    ],
    "M_aero_Nm": [
      0.0,
      5116.275793072303,
      0.0
    ],
    "M_front_Nm": [
      0.0,
      -1066.1766108607499,
      0.0
    ],
    "M_rear_Nm": [
      0.0,
      -12144.140397724295,
      0.0
    ],
    "M_total_Nm": [
      0.0,
      -8094.041215512742,
      0.0
    ],
    "residual_vector_[Fx,Fz,My]": [
      -1608.6906915831587,
      17423.48872181429,
      -8094.041215512742
    ],
    "residual_norm": 19278.987218699924,
    "power_proxy": 3804283.6492801276
  },
  "best_feasible_candidate": null,
  "num_candidates": 481
}