source_file,source_kind,source_run_prefix,name,key,tilt_deg,vinf_mps,alpha_target_deg,trim_formulation,family,seed_name,phase,rear_fixed_rpm,success,acceptable,classification,score,max_normalized,worst_component,worst_component_normalized,front_collective_rpm,rear_collective_rpm,delta_f_deg,delta_a_deg,delta_e_deg,delta_r_deg,theta_deg,u_mps,w_mps,alpha_deg,gamma_deg,termination_string,max_state_residual,attempt_count,rear_on_ok,linearization_available,linearization_index_source,linearization_latest_file
newmap_hover_anchor_direct_db,direct_vinf_alpha_force_balance_v1,newmap_hover_anchor,BridgeFrontier_Tilt30_V12p5_A0,tilt_30_v_12p5_a_0,30,12.5,0,vinf_alpha_force_balance_v1,front_rear_free_flap_elevator,force_balance_V12p5_T30_A0_G15p88,,NaN,1,1,exact_trim,2.25597152459965e-09,4.25349303224687e-09,q_dot,4.25349303224687e-09,1978.90411850248,1663.34228585142,-4.47139563161242,0,0.369461425525604,0,17.2110002055708,12.5,2.7748908914039e-17,1.27191629349391e-16,17.2110002055708,Operating point specifications were successfully met.,NaN,NaN,1,0,,
newmap_hover_anchor_direct_db,direct_vinf_alpha_force_balance_v1,newmap_hover_anchor,BridgeFrontier_Tilt30_V12p5_A10,tilt_30_v_12p5_a_10,30,12.5,10,vinf_alpha_force_balance_v1,front_rear_free_flap_elevator,force_balance_V12p5_T30_A10_G6p645,,NaN,1,1,exact_trim,2.34919109652079e-12,4.41326829906433e-12,q_dot,4.41326829906433e-12,1940.02533040672,1579.37148367069,0.93906793261972,0,0.81913666180045,0,17.0326613724903,12.3100969126526,2.17060222083663,10,7.03266137249028,Operating point specifications were successfully met.,NaN,NaN,1,0,,
newmap_hover_anchor_direct_db,direct_vinf_alpha_force_balance_v1,newmap_hover_anchor,BridgeFrontier_Tilt30_V5_A0,tilt_30_v_5_a_0,30,5,0,vinf_alpha_force_balance_v1,front_rear_free_flap_elevator,force_balance_V5_T30_A0_G16p34,,NaN,1,1,exact_trim,1.61195642698726e-09,3.0268729235228e-09,q_dot,3.0268729235228e-09,1987.23330104521,1674.91370508276,1.66979078722888,0,6.01587318263185,0,17.4712785264697,5,4.49828452431405e-19,5.15465436584417e-18,17.4712785264697,Operating point specifications were successfully met.,NaN,NaN,1,0,,
newmap_hover_anchor_direct_db,direct_vinf_alpha_force_balance_v1,newmap_hover_anchor,BridgeFrontier_Tilt30_V5_A10,tilt_30_v_5_a_10,30,5,10,vinf_alpha_force_balance_v1,front_rear_free_flap_elevator,force_balance_V5_T30_A10_G6p427,,NaN,1,1,exact_trim,1.68378997476664e-10,3.07413126955885e-10,q_dot,3.07413126955885e-10,1983.71648473059,1666.12782496104,-2.52046536423583,0,-0.430188057038318,0,17.4995785980984,4.92403876506104,0.868240888334652,10,7.49957859809837,Operating point specifications were successfully met.,NaN,NaN,1,0,,
newmap_hover_anchor_direct_db,direct_vinf_alpha_force_balance_v1,newmap_hover_anchor,BridgeFrontier_Tilt15_V12p5_A0,tilt_15_v_12p5_a_0,15,12.5,0,vinf_alpha_force_balance_v1,front_rear_free_flap_elevator,force_balance_V12p5_T15_A0_G8p592,,NaN,1,1,exact_trim,2.13940783101741e-10,4.68965311029024e-10,w_dot,4.68965311029024e-10,1913.28517582406,1717.94760378876,-10.7929690523659,0,14.4844815526696,0,8.1035716189913,12.5,-1.11586015375067e-17,-5.1147261869386e-17,8.1035716189913,Operating point specifications were successfully met.,NaN,NaN,1,0,,
newmap_hover_anchor_direct_db,direct_vinf_alpha_force_balance_v1,newmap_hover_anchor,BridgeFrontier_Tilt15_V12p5_A10,tilt_15_v_12p5_a_10,15,12.5,10,vinf_alpha_force_balance_v1,front_rear_free_flap_elevator,force_balance_V12p5_T15_A10_Gm0p9375,,NaN,0,1,quasi_trim_usable,0.0806994560797036,0.117477837782786,q_dot,0.115064012384328,1864.07176102254,1657.530494212,-5.96515073226134,0,-6.46614010712794,0,8.17407226545111,12.3100969126526,2.17060222083663,10,-1.82592773454889,Could not find a solution that satisfies all constraints.  Relax the constraints to find a feasible solution.,NaN,NaN,1,0,,
newmap_hover_anchor_direct_db,direct_vinf_alpha_force_balance_v1,newmap_hover_anchor,BridgeFrontier_Tilt15_V5_A0,tilt_15_v_5_a_0,15,5,0,vinf_alpha_force_balance_v1,front_rear_free_flap_elevator,force_balance_V5_T15_A0_G8p78,,NaN,1,1,exact_trim,8.09371841917662e-10,1.51048024161778e-09,q_dot,1.51048024161778e-09,1900.18496370261,1727.35999378577,-1.68890208759125,0,1.06828741482711,0,8.15912757979947,5,3.39038513653291e-21,3.88509518494442e-20,8.15912757979947,Operating point specifications were successfully met.,NaN,NaN,1,0,,
newmap_hover_anchor_direct_db,direct_vinf_alpha_force_balance_v1,newmap_hover_anchor,BridgeFrontier_Tilt15_V5_A10,tilt_15_v_5_a_10,15,5,10,vinf_alpha_force_balance_v1,front_rear_free_flap_elevator,force_balance_V5_T15_A10_Gm1p116,,NaN,1,1,exact_trim,4.13413184303496e-08,7.52625378218769e-08,q_dot,7.52625378218769e-08,1895.61666434838,1722.53812969122,13.8529554042364,0,-4.78854815980224,0,8.02224344311042,4.92403876506104,0.868240888334652,10,-1.97775655688958,Operating point specifications were successfully met.,NaN,NaN,1,0,,
newmap_hover_anchor_direct_db,direct_vinf_alpha_force_balance_v1,newmap_hover_anchor,BridgeFrontier_Tilt0_V12p5_A0,tilt_0_v_12p5_a_0,0,12.5,0,vinf_alpha_force_balance_v1,front_rear_free_flap_elevator,entry_BridgeFrontier_Tilt15_V12p5_A0,,NaN,0,1,quasi_trim_usable,0.194150496282163,0.426298515842632,w_dot,0.426298515842632,1884.34550079862,1751.64001150582,-10.557460785847,0,14.3296833802395,0,-0.244880865131103,12.5,-4.2499103168671e-18,-1.94801539572473e-17,-0.244880865131103,Could not find a solution that satisfies all constraints.  Relax the constraints to find a feasible solution.,NaN,NaN,1,0,,
newmap_hover_anchor_direct_db,direct_vinf_alpha_force_balance_v1,newmap_hover_anchor,BridgeFrontier_Tilt0_V12p5_A10,tilt_0_v_12p5_a_10,0,12.5,10,vinf_alpha_force_balance_v1,front_rear_free_flap_elevator,force_balance_V12p5_T0_A10_Gm9p312,,NaN,1,1,exact_trim,6.28512962511891e-08,1.3008755547772e-07,w_dot,1.14557906272239e-07,1814.14283500745,1669.9460565612,5.46394974762987,0,-7.19644508504842,0,0.0905937227792148,12.3100969126526,2.17060222083665,10.0000000000001,-9.90940627722087,Operating point specifications were successfully met.,NaN,NaN,1,0,,
newmap_hover_anchor_direct_db,direct_vinf_alpha_force_balance_v1,newmap_hover_anchor,BridgeFrontier_Tilt0_V5_A0,tilt_0_v_5_a_0,0,5,0,vinf_alpha_force_balance_v1,front_rear_free_flap_elevator,force_balance_V5_T0_A0_Gm0p005379,,NaN,1,1,exact_trim,2.01014489642082e-07,3.51944998816287e-07,q_dot,3.51944998816287e-07,1867.72093824228,1760.24181187888,-14.0644998857554,0,-4.51226611178803,0,-0.0296580546113437,5,2.15871986330569e-15,2.47371074636948e-14,-0.0296580546113684,Operating point specifications were successfully met.,NaN,NaN,1,0,,
newmap_hover_anchor_direct_db,direct_vinf_alpha_force_balance_v1,newmap_hover_anchor,BridgeFrontier_Tilt0_V5_A10,tilt_0_v_5_a_10,0,5,10,vinf_alpha_force_balance_v1,front_rear_free_flap_elevator,force_balance_V5_T0_A10_Gm9p884,,NaN,1,1,exact_trim,6.56369211712556e-08,1.23133867395154e-07,q_dot,1.23133867395154e-07,1857.82508187452,1748.55342078281,11.4049282044481,0,-15.3140413432305,0,-0.105297439963874,4.92403876506104,0.868240888334652,10,-10.1052974399639,Operating point specifications were successfully met.,NaN,NaN,1,0,,
newmap_cruise_anchor_direct_db,direct_vinf_alpha_force_balance_v1,newmap_cruise_anchor,BridgeFrontier_Tilt75_V60_A0,tilt_75_v_60_a_0,75,60,0,vinf_alpha_force_balance_v1,front_rear_free_flap_elevator,force_balance_V60_T75_A0_G15p92,,NaN,0,0,not_usable,2.38495186410773,4.53596353634954,q_dot,4.53596353634954,1463.13109909466,1139.98067311194,3.4328685610271,0,-11.0352310530443,0,13.8552254315369,60,2.73619631025993e-19,2.61287500828604e-19,13.8552254315369,Could not find a solution that satisfies all constraints.  Relax the constraints to find a feasible solution.,NaN,NaN,1,0,,
newmap_cruise_anchor_direct_db,direct_vinf_alpha_force_balance_v1,newmap_cruise_anchor,BridgeFrontier_Tilt75_V60_Am5,tilt_75_v_60_a_m5,75,60,-5,vinf_alpha_force_balance_v1,front_rear_free_flap_elevator,force_balance_V60_T75_Am5_G14p94,,NaN,1,1,exact_trim,1.00990377981619e-07,2.21861000682111e-07,w_dot,2.21861000682111e-07,1290.52950433501,1696.46143829927,11.1275731568396,0,-16.1154762618879,0,5.13716501523423,59.7716818855047,-5.22934456485949,-5,10.1371650152342,Operating point specifications were successfully met.,NaN,NaN,1,0,,
newmap_cruise_anchor_direct_db,direct_vinf_alpha_force_balance_v1,newmap_cruise_anchor,BridgeFrontier_Tilt75_V60_A5,tilt_75_v_60_a_5,75,60,5,vinf_alpha_force_balance_v1,front_rear_free_flap_elevator,entry_BridgeFrontier_Tilt75_V60_Am5,,NaN,0,0,not_usable,1.66638527942058,3.06276435573787,q_dot,3.06276435573787,1333.812644426,1398.61681636858,-5.52481349683902,0,-25,0,14.0770527943792,60.684374181374,5.20278190973948,4.90027728139853,9.1767755129807,Could not find a solution that satisfies all constraints.  Relax the constraints to find a feasible solution.,NaN,NaN,1,0,,
newmap_cruise_anchor_direct_db,direct_vinf_alpha_force_balance_v1,newmap_cruise_anchor,BridgeFrontier_Tilt90_V60_A0,tilt_90_v_60_a_0,90,60,0,vinf_alpha_force_balance_v1,front_rear_free_flap_elevator,force_balance_V60_T90_A0_G18p15,,NaN,0,0,not_usable,6.61303779093847,12.5260557854736,q_dot,12.5260557854736,1758.07205252421,923.400819348915,5.82002159510971,0,-10.2223688664789,0,21.8481107392876,60,-1.5186173856313e-18,-1.45017278153108e-18,21.8481107392876,Could not find a solution that satisfies all constraints.  Relax the constraints to find a feasible solution.,NaN,NaN,1,0,,
newmap_cruise_anchor_direct_db,direct_vinf_alpha_force_balance_v1,newmap_cruise_anchor,BridgeFrontier_Tilt90_V60_Am5,tilt_90_v_60_a_m5,90,60,-5,vinf_alpha_force_balance_v1,front_rear_free_flap_elevator,entry_BridgeFrontier_Tilt75_V60_Am5,,NaN,1,1,exact_trim,1.54203738845173e-08,2.78113344076166e-08,q_dot,2.78113344076166e-08,1139.01472493047,1519.47293412883,13.8273921348452,0,-24.3821334049941,0,-2.32377095799607,59.7716818855047,-5.22934456485949,-5,2.67622904200393,Operating point specifications were successfully met.,NaN,NaN,1,0,,
newmap_cruise_anchor_direct_db,direct_vinf_alpha_force_balance_v1,newmap_cruise_anchor,BridgeFrontier_Tilt90_V60_A5,tilt_90_v_60_a_5,90,60,5,vinf_alpha_force_balance_v1,front_rear_free_flap_elevator,entry_BridgeFrontier_Tilt90_V60_Am5,,NaN,0,0,not_usable,15.0450353364036,28.5016789818421,q_dot,28.5016789818421,913.922126154525,1270.84738120464,-2.47580111541573,0,-21.0819665437424,0,5.3415144903971,59.7716375821994,5.23092522923363,5.00150736438512,0.340007126011987,Could not find a solution that satisfies all constraints.  Relax the constraints to find a feasible solution.,NaN,NaN,1,0,,
newmap_cruise_anchor_direct_db,direct_vinf_alpha_force_balance_v1,newmap_cruise_anchor,BridgeFrontier_Tilt75_V75_A0,tilt_75_v_75_a_0,75,75,0,vinf_alpha_force_balance_v1,front_rear_free_flap_elevator,force_balance_V75_T75_A0_G4p049,,NaN,0,0,not_usable,10.8000024816366,20.4914245611368,q_dot,20.4914245611368,604.079189799487,125.944365712199,0.519239701088159,0,-2.21485655336944,0,-2.32780545638976,75,-1.15079291548109e-18,-8.79141028674958e-19,-2.32780545638976,Could not find a solution that satisfies all constraints.  Relax the constraints to find a feasible solution.,NaN,NaN,1,0,,
newmap_cruise_anchor_direct_db,direct_vinf_alpha_force_balance_v1,newmap_cruise_anchor,BridgeFrontier_Tilt75_V75_Am5,tilt_75_v_75_a_m5,75,75,-5,vinf_alpha_force_balance_v1,front_rear_free_flap_elevator,entry_BridgeFrontier_Tilt75_V60_Am5,,NaN,0,0,not_usable,32.2659661982354,60.7023151602252,q_dot,60.7023151602252,1290.52950433501,1696.46143829927,11.1275731568396,0,-16.1154762618879,0,5.13716501523423,74.7146023568809,-6.53668070607436,-5,10.1371650152342,Could not find a solution that satisfies all constraints.  Relax the constraints to find a feasible solution.,NaN,NaN,1,0,,
newmap_cruise_anchor_direct_db,direct_vinf_alpha_force_balance_v1,newmap_cruise_anchor,BridgeFrontier_Tilt75_V75_A5,tilt_75_v_75_a_5,75,75,5,vinf_alpha_force_balance_v1,front_rear_free_flap_elevator,force_balance_V75_T75_A5_G3p21,,NaN,0,0,not_usable,7.29462134395041,13.0932093224004,q_dot,13.0932093224004,840.262630973636,100.000332053142,-6.35677029512202,0,-13.5859330216537,0,8.2103695929914,74.7146023568809,6.53668070607436,5,3.2103695929914,Could not find a solution that satisfies all constraints.  Relax the constraints to find a feasible solution.,NaN,NaN,1,0,,
newmap_cruise_anchor_direct_db,direct_vinf_alpha_force_balance_v1,newmap_cruise_anchor,BridgeFrontier_Tilt90_V75_A0,tilt_90_v_75_a_0,90,75,0,vinf_alpha_force_balance_v1,front_rear_free_flap_elevator,force_balance_V75_T90_A0_G6p41,,NaN,0,0,not_usable,28.6489574032692,53.9666145597832,q_dot,53.9666145597832,973.988506723538,851.512043272963,1.50532279979203,0,-2.49178293979583,0,6.41024575823199,75,0,0,6.41024575823199,Could not find a solution that satisfies all constraints.  Relax the constraints to find a feasible solution.,NaN,NaN,1,0,,
newmap_cruise_anchor_direct_db,direct_vinf_alpha_force_balance_v1,newmap_cruise_anchor,BridgeFrontier_Tilt90_V75_Am5,tilt_90_v_75_a_m5,90,75,-5,vinf_alpha_force_balance_v1,front_rear_free_flap_elevator,force_balance_V75_T90_Am5_G4p273,,NaN,0,0,not_usable,9.09697666125385,17.2571737438311,q_dot,17.2571737438311,743.941617850199,1729.93409984808,6.72784057555116,0,-5.27049961356572,0,-3.49375322440938,74.7146023568809,-6.53668070607436,-5,1.50624677559062,Could not find a solution that satisfies all constraints.  Relax the constraints to find a feasible solution.,NaN,NaN,1,0,,
newmap_cruise_anchor_direct_db,direct_vinf_alpha_force_balance_v1,newmap_cruise_anchor,BridgeFrontier_Tilt90_V75_A5,tilt_90_v_75_a_5,90,75,5,vinf_alpha_force_balance_v1,front_rear_free_flap_elevator,force_balance_V75_T90_A5_G3p571,,NaN,0,0,not_usable,6.8025482375251,12.2370333200892,q_dot,12.2370333200892,840.25766539353,100.000265833596,-6.02060434625006,0,-14.2387167748176,0,8.57140711401494,74.7146023568809,6.53668070607436,5,3.57140711401494,Could not find a solution that satisfies all constraints.  Relax the constraints to find a feasible solution.,NaN,NaN,1,0,,
newmap_cruise_refine_direct_db,direct_vinf_alpha_force_balance_v1,newmap_cruise_refine,BridgeFrontier_Tilt90_V60_A0,tilt_90_v_60_a_0,90,60,0,vinf_alpha_force_balance_v1,front_rear_free_flap_elevator,force_balance_V60_T90_A0_G18p15,,NaN,0,0,not_usable,6.61303779093847,12.5260557854736,q_dot,12.5260557854736,1758.07205252421,923.400819348915,5.82002159510971,0,-10.2223688664789,0,21.8481107392876,60,-1.5186173856313e-18,-1.45017278153108e-18,21.8481107392876,Could not find a solution that satisfies all constraints.  Relax the constraints to find a feasible solution.,NaN,NaN,1,0,,
newmap_cruise_refine_direct_db,direct_vinf_alpha_force_balance_v1,newmap_cruise_refine,BridgeFrontier_Tilt90_V60_Am2p5,tilt_90_v_60_a_m2p5,90,60,-2.5,vinf_alpha_force_balance_v1,front_rear_free_flap_elevator,BridgeFrontier_Tilt90_V60_Am5,,NaN,0,0,not_usable,2.37082657405885,4.46517817064823,q_dot,4.46517817064823,1139.01468852013,1519.47282169331,9.50932686776458,0,-21.1778650685434,0,2.22441048374554,59.9998549594906,-2.62131294599724,-2.50158474640402,4.72599523014955,Could not find a solution that satisfies all constraints.  Relax the constraints to find a feasible solution.,NaN,NaN,1,0,,
newmap_cruise_refine_direct_db,direct_vinf_alpha_force_balance_v1,newmap_cruise_refine,BridgeFrontier_Tilt90_V60_Am7p5,tilt_90_v_60_a_m7p5,90,60,-7.5,vinf_alpha_force_balance_v1,front_rear_free_flap_elevator,BridgeFrontier_Tilt90_V60_Am5,,NaN,0,0,not_usable,1.46995972084316,2.79778000700516,q_dot,2.79778000700516,1142.61412630912,1555.62403935521,18.017958206237,0,-25,0,-5.78676512285828,59.5435088115188,-7.83737618372174,-7.49841524309104,1.71165012023277,Could not find a solution that satisfies all constraints.  Relax the constraints to find a feasible solution.,NaN,NaN,1,0,,
newmap_cruise_refine_direct_db,direct_vinf_alpha_force_balance_v1,newmap_cruise_refine,BridgeFrontier_Tilt90_V60_Am10,tilt_90_v_60_a_m10,90,60,-10,vinf_alpha_force_balance_v1,front_rear_free_flap_elevator,BridgeFrontier_Tilt90_V60_Am5,,NaN,0,0,not_usable,1.27304626352919,2.422546078966,q_dot,2.422546078966,1143.04405323135,1559.94210245882,18.0027290360474,0,-24.6910667024971,0,-5.65714474014745,59.5435088115188,-7.83737618372174,-7.49841524309104,1.8412705029436,Could not find a solution that satisfies all constraints.  Relax the constraints to find a feasible solution.,NaN,NaN,1,0,,
newmap_cruise_refine_direct_db,direct_vinf_alpha_force_balance_v1,newmap_cruise_refine,BridgeFrontier_Tilt75_V60_A0,tilt_75_v_60_a_0,75,60,0,vinf_alpha_force_balance_v1,front_rear_free_flap_elevator,BridgeFrontier_Tilt75_V60_Am5,,NaN,0,0,near_trim_borderline,0.724526607548631,1.36206141744032,q_dot,1.36206141744032,1307.17116186752,1581.94508264517,2.85458783570816,0,-25,0,7.90277209405527,60.2280280334765,-0.0132813271349947,-0.0126347151596946,7.91540680921496,Could not find a solution that satisfies all constraints.  Relax the constraints to find a feasible solution.,NaN,NaN,1,0,,
newmap_cruise_refine_direct_db,direct_vinf_alpha_force_balance_v1,newmap_cruise_refine,BridgeFrontier_Tilt75_V60_Am2p5,tilt_75_v_60_a_m2p5,75,60,-2.5,vinf_alpha_force_balance_v1,front_rear_free_flap_elevator,BridgeFrontier_Tilt75_V60_Am5,,NaN,0,0,not_usable,3.36093630086226,6.38103493582763,q_dot,6.38103493582763,1293.85042199535,1673.60920990164,7.04428899686352,0,-25,0,4.81563145484385,59.9998549594906,-2.62131294599724,-2.50158474640402,7.31721620124787,Could not find a solution that satisfies all constraints.  Relax the constraints to find a feasible solution.,NaN,NaN,1,0,,
newmap_cruise_refine_direct_db,direct_vinf_alpha_force_balance_v1,newmap_cruise_refine,BridgeFrontier_Tilt75_V60_Am7p5,tilt_75_v_60_a_m7p5,75,60,-7.5,vinf_alpha_force_balance_v1,front_rear_free_flap_elevator,BridgeFrontier_Tilt75_V60_Am5,,NaN,0,0,not_usable,8.46948009668784,16.0938782123717,q_dot,16.0938782123717,1290.52942913505,1696.46191286874,15.1755170135244,0,-4.28048921839613,0,6.59068609290344,59.5435088115188,-7.83737618372174,-7.49841524309104,14.0891013359945,Could not find a solution that satisfies all constraints.  Relax the constraints to find a feasible solution.,NaN,NaN,1,0,,
newmap_cruise_refine_direct_db,direct_vinf_alpha_force_balance_v1,newmap_cruise_refine,BridgeFrontier_Tilt75_V60_Am10,tilt_75_v_60_a_m10,75,60,-10,vinf_alpha_force_balance_v1,front_rear_free_flap_elevator,force_balance_V60_T75_Am10_G14p05,,NaN,0,0,not_usable,12.0650264606874,21.9928050526231,q_dot,21.9928050526231,985.263683876994,1890.64042662136,22.4087926061919,0,-20.4884700871468,0,-9.63600882867919,59.0884651807325,-10.4188906600158,-10,0.363991171320807,Could not find a solution that satisfies all constraints.  Relax the constraints to find a feasible solution.,NaN,NaN,1,0,,
newmap_cruise_refine_direct_db,direct_vinf_alpha_force_balance_v1,newmap_cruise_refine,BridgeFrontier_Tilt90_V65_A0,tilt_90_v_65_a_0,90,65,0,vinf_alpha_force_balance_v1,front_rear_free_flap_elevator,force_balance_V65_T90_A0_G13p87,,NaN,0,0,not_usable,4.39330998194403,8.33369024199784,q_dot,8.33369024199784,1602.75745788737,1017.63698376571,3.39120804607022,0,-9.64952756142798,0,16.9068717329067,65,8.0635049266296e-20,7.1077661596742e-20,16.9068717329067,Could not find a solution that satisfies all constraints.  Relax the constraints to find a feasible solution.,NaN,NaN,1,0,,
newmap_cruise_refine_direct_db,direct_vinf_alpha_force_balance_v1,newmap_cruise_refine,BridgeFrontier_Tilt90_V65_Am2p5,tilt_90_v_65_a_m2p5,90,65,-2.5,vinf_alpha_force_balance_v1,front_rear_free_flap_elevator,BridgeFrontier_Tilt90_V60_Am5,,NaN,0,0,not_usable,9.24819960430828,17.1838165528663,q_dot,17.1838165528663,1139.01472493047,1519.47293412883,13.8273921348452,0,-24.3821334049941,0,-2.32377095799607,64.7526553759635,-5.66512327859778,-5,2.67622904200393,Could not find a solution that satisfies all constraints.  Relax the constraints to find a feasible solution.,NaN,NaN,1,0,,
newmap_cruise_refine_direct_db,direct_vinf_alpha_force_balance_v1,newmap_cruise_refine,BridgeFrontier_Tilt90_V65_Am5,tilt_90_v_65_a_m5,90,65,-5,vinf_alpha_force_balance_v1,front_rear_free_flap_elevator,force_balance_V65_T90_Am5_G9p839,,NaN,0,0,not_usable,4.16289276642789,7.8663263860348,q_dot,7.8663263860348,850.164185109175,1646.2740429219,10.8880409826908,0,-8.78019009946223,0,-2.64883941127064,64.7526553759635,-5.66512327859778,-5,2.35116058872936,Could not find a solution that satisfies all constraints.  Relax the constraints to find a feasible solution.,NaN,NaN,1,0,,
newmap_cruise_refine_direct_db,direct_vinf_alpha_force_balance_v1,newmap_cruise_refine,BridgeFrontier_Tilt90_V65_Am7p5,tilt_90_v_65_a_m7p5,90,65,-7.5,vinf_alpha_force_balance_v1,front_rear_free_flap_elevator,force_balance_V65_T90_Am7p5_G8p362,,NaN,1,1,exact_trim,3.39807165817382e-12,6.40994371315278e-12,q_dot,6.40994371315278e-12,803.292307888403,1793.06345740148,14.5377192272044,0,-10.2040474266031,0,-5.19778744275053,64.4439159892977,-8.48420249430335,-7.5,2.30221255724947,Operating point specifications were successfully met.,NaN,NaN,1,0,,
newmap_cruise_refine_direct_db,direct_vinf_alpha_force_balance_v1,newmap_cruise_refine,BridgeFrontier_Tilt90_V65_Am10,tilt_90_v_65_a_m10,90,65,-10,vinf_alpha_force_balance_v1,front_rear_free_flap_elevator,force_balance_V65_T90_Am10_G9p41,,NaN,1,1,exact_trim,2.28964365737758e-09,3.55109364136297e-09,w_dot,3.55109364136297e-09,661.63232847871,1250.67191884807,20.060290207792,0,6.42637033916395,0,-11.9097596843037,64.0125039457935,-11.2871315483505,-10,-1.90975968430371,Operating point specifications were successfully met.,NaN,NaN,1,0,,
newmap_cruise_refine_direct_db,direct_vinf_alpha_force_balance_v1,newmap_cruise_refine,BridgeFrontier_Tilt90_V55_A0,tilt_90_v_55_a_0,90,55,0,vinf_alpha_force_balance_v1,front_rear_free_flap_elevator,BridgeFrontier_Tilt90_V60_Am5,,NaN,0,0,not_usable,8.50834366355291,15.809111282035,q_dot,15.809111282035,1139.01472493047,1519.47293412883,13.8273921348452,0,-24.3821334049941,0,-2.32377095799607,54.790708395046,-4.7935658511212,-5,2.67622904200393,Could not find a solution that satisfies all constraints.  Relax the constraints to find a feasible solution.,NaN,NaN,1,0,,
newmap_cruise_refine_direct_db,direct_vinf_alpha_force_balance_v1,newmap_cruise_refine,BridgeFrontier_Tilt90_V55_Am2p5,tilt_90_v_55_a_m2p5,90,55,-2.5,vinf_alpha_force_balance_v1,front_rear_free_flap_elevator,BridgeFrontier_Tilt90_V60_Am5,,NaN,0,0,not_usable,8.50834366355291,15.809111282035,q_dot,15.809111282035,1139.01472493047,1519.47293412883,13.8273921348452,0,-24.3821334049941,0,-2.32377095799607,54.790708395046,-4.7935658511212,-5,2.67622904200393,Could not find a solution that satisfies all constraints.  Relax the constraints to find a feasible solution.,NaN,NaN,1,0,,
newmap_cruise_refine_direct_db,direct_vinf_alpha_force_balance_v1,newmap_cruise_refine,BridgeFrontier_Tilt90_V55_Am5,tilt_90_v_55_a_m5,90,55,-5,vinf_alpha_force_balance_v1,front_rear_free_flap_elevator,entry_BridgeFrontier_Tilt90_V65_Am7p5,,NaN,0,0,not_usable,1.63564958623516,3.10327823356124,q_dot,3.10327823356124,1191.33446499537,1382.5160244168,17.2484013767871,0,-16.1934815215651,0,1.01972656265088,54.7907085424278,-4.79356441117956,-4.9999984922799,6.01972505493079,Could not find a solution that satisfies all constraints.  Relax the constraints to find a feasible solution.,NaN,NaN,1,0,,
newmap_cruise_refine_direct_db,direct_vinf_alpha_force_balance_v1,newmap_cruise_refine,BridgeFrontier_Tilt90_V55_Am7p5,tilt_90_v_55_a_m7p5,90,55,-7.5,vinf_alpha_force_balance_v1,front_rear_free_flap_elevator,entry_BridgeFrontier_Tilt90_V65_Am7p5,,NaN,1,1,exact_trim,2.03443558422916e-10,3.82112034515032e-10,q_dot,3.82112034515032e-10,906.530010904309,1469.61817993453,21.0026203153002,0,-14.1653359206898,0,-6.54960107521644,54.5294673755596,-7.17894057210284,-7.5,0.950398924783559,Operating point specifications were successfully met.,NaN,NaN,1,0,,
newmap_cruise_refine_direct_db,direct_vinf_alpha_force_balance_v1,newmap_cruise_refine,BridgeFrontier_Tilt90_V55_Am10,tilt_90_v_55_a_m10,90,55,-10,vinf_alpha_force_balance_v1,front_rear_free_flap_elevator,BridgeFrontier_Tilt90_V60_Am5,,NaN,0,0,not_usable,8.50834366355291,15.809111282035,q_dot,15.809111282035,1139.01472493047,1519.47293412883,13.8273921348452,0,-24.3821334049941,0,-2.32377095799607,54.790708395046,-4.7935658511212,-5,2.67622904200393,Could not find a solution that satisfies all constraints.  Relax the constraints to find a feasible solution.,NaN,NaN,1,0,,
newmap_cruise_refine_direct_db,direct_vinf_alpha_force_balance_v1,newmap_cruise_refine,BridgeFrontier_Tilt75_V65_A0,tilt_75_v_65_a_0,75,65,0,vinf_alpha_force_balance_v1,front_rear_free_flap_elevator,force_balance_V65_T75_A0_G11p26,,NaN,0,0,not_usable,2.16715005795338,4.03803361511017,q_dot,4.03803361511017,1580.95803326953,349.636976955137,2.14701077286856,0,-3.13228430401991,0,15.5865975833923,65,-2.49169933684539e-18,-2.19636701256595e-18,15.5865975833923,Could not find a solution that satisfies all constraints.  Relax the constraints to find a feasible solution.,NaN,NaN,1,0,,
newmap_cruise_refine_direct_db,direct_vinf_alpha_force_balance_v1,newmap_cruise_refine,BridgeFrontier_Tilt75_V65_Am2p5,tilt_75_v_65_a_m2p5,75,65,-2.5,vinf_alpha_force_balance_v1,front_rear_free_flap_elevator,force_balance_V65_T75_Am2p5_G11p04,,NaN,1,1,exact_trim,1.61970843879262e-09,2.75639524801503e-09,q_dot,2.75639524801503e-09,1396.17460009682,717.886613993369,6.59161018735985,0,-1.16865353625378,0,9.40346631707768,64.9381344028208,-2.83526017874684,-2.5,11.9034663170777,Operating point specifications were successfully met.,NaN,NaN,1,0,,
newmap_cruise_refine_direct_db,direct_vinf_alpha_force_balance_v1,newmap_cruise_refine,BridgeFrontier_Tilt75_V65_Am5,tilt_75_v_65_a_m5,75,65,-5,vinf_alpha_force_balance_v1,front_rear_free_flap_elevator,force_balance_V65_T75_Am5_G10p36,,NaN,1,1,exact_trim,3.58741519729965e-08,5.95698967170015e-08,q_dot,5.95698967170015e-08,1022.22402260311,702.802029569941,11.7922805367916,0,2.60256020353524,0,-1.58451299302299,64.7526553759635,-5.66512327859778,-5,3.41548700697701,Operating point specifications were successfully met.,NaN,NaN,1,0,,
newmap_cruise_refine_direct_db,direct_vinf_alpha_force_balance_v1,newmap_cruise_refine,BridgeFrontier_Tilt75_V65_Am7p5,tilt_75_v_65_a_m7p5,75,65,-7.5,vinf_alpha_force_balance_v1,front_rear_free_flap_elevator,entry_BridgeFrontier_Tilt75_V65_Am2p5,,NaN,0,0,not_usable,2.28759373979167,4.35310408517763,q_dot,4.35310408517763,1396.17464345663,717.886632829022,15.3142469850597,0,7.3999758023194,0,4.22784312847806,64.6907109291828,-8.50218145249796,-7.48736532552733,11.7152084540054,Could not find a solution that satisfies all constraints.  Relax the constraints to find a feasible solution.,NaN,NaN,1,0,,
newmap_cruise_refine_direct_db,direct_vinf_alpha_force_balance_v1,newmap_cruise_refine,BridgeFrontier_Tilt75_V65_Am10,tilt_75_v_65_a_m10,75,65,-10,vinf_alpha_force_balance_v1,front_rear_free_flap_elevator,force_balance_V65_T75_Am10_Gm1p267,,NaN,0,0,near_trim_borderline,1.00905577608836,1.91589724398663,q_dot,1.91589724398663,670.767956571587,682.280001485241,20.4414900835602,0,13.1794559019582,0,-13.0850284101535,64.0125039457935,-11.2871315483505,-10,-3.08502841015345,Could not find a solution that satisfies all constraints.  Relax the constraints to find a feasible solution.,NaN,NaN,1,0,,
newmap_cruise_refine_direct_db,direct_vinf_alpha_force_balance_v1,newmap_cruise_refine,BridgeFrontier_Tilt75_V55_A0,tilt_75_v_55_a_0,75,55,0,vinf_alpha_force_balance_v1,front_rear_free_flap_elevator,force_balance_V55_T75_A0_G19p37,,NaN,0,0,not_usable,1.47950093268132,2.74010585944115,q_dot,2.74010585944115,1394.43618205158,1294.57883735662,6.25995002749529,0,-16.0476326572481,0,11.9872454053818,55,-7.23111058959273e-18,-7.53294759956399e-18,11.9872454053818,Could not find a solution that satisfies all constraints.  Relax the constraints to find a feasible solution.,NaN,NaN,1,0,,
newmap_cruise_refine_direct_db,direct_vinf_alpha_force_balance_v1,newmap_cruise_refine,BridgeFrontier_Tilt75_V55_Am2p5,tilt_75_v_55_a_m2p5,75,55,-2.5,vinf_alpha_force_balance_v1,front_rear_free_flap_elevator,entry_BridgeFrontier_Tilt75_V65_Am2p5,,NaN,0,0,not_usable,4.53043958302922,9.26416769760251,w_dot,9.26416769760251,1396.17460009682,717.886613993369,6.59161018735985,0,-1.16865353625378,0,9.40346631707768,54.9476521870022,-2.39906630509348,-2.5,11.9034663170777,Could not find a solution that satisfies all constraints.  Relax the constraints to find a feasible solution.,NaN,NaN,1,0,,
newmap_cruise_refine_direct_db,direct_vinf_alpha_force_balance_v1,newmap_cruise_refine,BridgeFrontier_Tilt75_V55_Am5,tilt_75_v_55_a_m5,75,55,-5,vinf_alpha_force_balance_v1,front_rear_free_flap_elevator,force_balance_V55_T75_Am5_G6p044,,NaN,1,1,exact_trim,1.1802562157125e-09,2.1945971279378e-09,q_dot,2.1945971279378e-09,981.199668237703,1169.52659545859,16.4707957665679,0,-5.36600235040088,0,-1.67310955865025,54.790708395046,-4.7935658511212,-5,3.32689044134975,Operating point specifications were successfully met.,NaN,NaN,1,0,,
newmap_cruise_refine_direct_db,direct_vinf_alpha_force_balance_v1,newmap_cruise_refine,BridgeFrontier_Tilt75_V55_Am7p5,tilt_75_v_55_a_m7p5,75,55,-7.5,vinf_alpha_force_balance_v1,front_rear_free_flap_elevator,entry_BridgeFrontier_Tilt75_V55_Am5,,NaN,1,1,exact_trim,3.44537644475913e-11,6.40038760440611e-11,q_dot,6.40038760440611e-11,981.199682372225,1169.52663118107,20.7500022754527,0,-0.323414565812216,0,-4.45727555009209,54.5294673755596,-7.17894057210284,-7.5,3.0427244499079,Operating point specifications were successfully met.,NaN,NaN,1,0,,
newmap_cruise_refine_direct_db,direct_vinf_alpha_force_balance_v1,newmap_cruise_refine,BridgeFrontier_Tilt75_V55_Am10,tilt_75_v_55_a_m10,75,55,-10,vinf_alpha_force_balance_v1,front_rear_free_flap_elevator,entry_BridgeFrontier_Tilt75_V55_Am5,,NaN,1,1,exact_trim,6.17374383494043e-09,1.11144822068157e-08,q_dot,1.11144822068157e-08,985.336428711649,1175.85981570677,24.9986403653531,0,4.60407602952878,0,-7.43570867461334,54.1644264156906,-9.5506497716839,-9.99999999999934,2.564291325386,Operating point specifications were successfully met.,NaN,NaN,1,0,,
newmap_cruise_refine_direct_db,direct_vinf_alpha_force_balance_v1,newmap_cruise_refine,BridgeFrontier_Tilt82p5_V60_A0,tilt_82p5_v_60_a_0,82.5,60,0,vinf_alpha_force_balance_v1,front_rear_free_flap_elevator,force_balance_V60_T82p5_A0_G16p9,,NaN,1,1,exact_trim,6.98559993707892e-08,1.93912797374907e-07,u_dot,1.93912797374907e-07,1351.68149102472,1259.80402315075,4.55804114131288,0,-14.6345393491175,0,10.9705358956712,60,-1.02985120873058e-21,-9.83435463111806e-22,10.9705358956712,Operating point specifications were successfully met.,NaN,NaN,1,0,,
newmap_cruise_refine_direct_db,direct_vinf_alpha_force_balance_v1,newmap_cruise_refine,BridgeFrontier_Tilt82p5_V60_Am2p5,tilt_82p5_v_60_a_m2p5,82.5,60,-2.5,vinf_alpha_force_balance_v1,front_rear_free_flap_elevator,entry_BridgeFrontier_Tilt82p5_V60_A0,,NaN,1,1,exact_trim,1.42578418344427e-07,2.65102819631217e-07,q_dot,2.65102819631217e-07,1351.68150769445,1259.80405593824,8.92831348068573,0,-9.68256061217239,0,8.94266108581071,59.9428932949117,-2.61716324192016,-2.49999999999999,11.4426610858107,Operating point specifications were successfully met.,NaN,NaN,1,0,,
newmap_cruise_refine_direct_db,direct_vinf_alpha_force_balance_v1,newmap_cruise_refine,BridgeFrontier_Tilt82p5_V60_Am5,tilt_82p5_v_60_a_m5,82.5,60,-5,vinf_alpha_force_balance_v1,front_rear_free_flap_elevator,BridgeFrontier_Tilt90_V60_Am5,,NaN,1,1,exact_trim,1.69188385509515e-10,3.496154477034e-10,w_dot,3.496154477034e-10,982.479222025136,1575.32740586081,12.9577072337461,0,-24.99998641246,0,-4.9102163280601,59.7716818855047,-5.22934456485949,-5,0.0897836719398981,Operating point specifications were successfully met.,NaN,NaN,1,0,,
newmap_cruise_refine_direct_db,direct_vinf_alpha_force_balance_v1,newmap_cruise_refine,BridgeFrontier_Tilt82p5_V60_Am7p5,tilt_82p5_v_60_a_m7p5,82.5,60,-7.5,vinf_alpha_force_balance_v1,front_rear_free_flap_elevator,entry_BridgeFrontier_Tilt82p5_V60_A0,,NaN,0,0,not_usable,2.95991053119192,5.52580566488229,q_dot,5.52580566488229,1351.68153445228,1259.80413210007,17.6476245749623,0,1.04463739883385,0,5.55602274823808,60,-7.85398122435744,-7.45759786999115,13.0136206182292,Could not find a solution that satisfies all constraints.  Relax the constraints to find a feasible solution.,NaN,NaN,1,0,,
newmap_cruise_refine_direct_db,direct_vinf_alpha_force_balance_v1,newmap_cruise_refine,BridgeFrontier_Tilt82p5_V60_Am10,tilt_82p5_v_60_a_m10,82.5,60,-10,vinf_alpha_force_balance_v1,front_rear_free_flap_elevator,force_balance_V60_T82p5_Am10_G0p4315,,NaN,0,0,not_usable,2.37824985363511,4.5165515048026,q_dot,4.5165515048026,652.269458482956,1381.75024713648,21.9595440533111,0,3.49156933034477,0,-10.61950119923,59.0884651807325,-10.4188906600158,-10,-0.619501199230005,Could not find a solution that satisfies all constraints.  Relax the constraints to find a feasible solution.,NaN,NaN,1,0,,
newmap_cruise_refine_direct_db,direct_vinf_alpha_force_balance_v1,newmap_cruise_refine,BridgeFrontier_Tilt82p5_V65_A0,tilt_82p5_v_65_a_0,82.5,65,0,vinf_alpha_force_balance_v1,front_rear_free_flap_elevator,force_balance_V65_T82p5_A0_G13p14,,NaN,0,0,not_usable,2.79455935307747,5.32054520545529,q_dot,5.32054520545529,1123.41861647529,1161.44365104074,3.05126745454899,0,-11.6215228821759,0,5.62887875959128,65,6.96583387216471e-19,6.14019817945092e-19,5.62887875959128,Could not find a solution that satisfies all constraints.  Relax the constraints to find a feasible solution.,NaN,NaN,1,0,,
newmap_cruise_refine_direct_db,direct_vinf_alpha_force_balance_v1,newmap_cruise_refine,BridgeFrontier_Tilt82p5_V65_Am2p5,tilt_82p5_v_65_a_m2p5,82.5,65,-2.5,vinf_alpha_force_balance_v1,front_rear_free_flap_elevator,entry_BridgeFrontier_Tilt82p5_V60_A0,,NaN,0,0,not_usable,6.19396526055253,11.037065085471,q_dot,11.037065085471,1351.68149102472,1259.80402315075,4.55804114131288,0,-14.6345393491175,0,10.9705358956712,65,-1.11567214279146e-21,-9.83435463111806e-22,10.9705358956712,Could not find a solution that satisfies all constraints.  Relax the constraints to find a feasible solution.,NaN,NaN,1,0,,
newmap_cruise_refine_direct_db,direct_vinf_alpha_force_balance_v1,newmap_cruise_refine,BridgeFrontier_Tilt82p5_V65_Am5,tilt_82p5_v_65_a_m5,82.5,65,-5,vinf_alpha_force_balance_v1,front_rear_free_flap_elevator,force_balance_V65_T82p5_Am5_G10p47,,NaN,0,0,not_usable,2.59624236322696,4.82057934017479,q_dot,4.82057934017479,1058.63005988851,150.632918470312,12.9763708388075,0,4.65512750487914,0,-3.15102503310835,64.7526553759635,-5.66512327859778,-5,1.84897496689165,Could not find a solution that satisfies all constraints.  Relax the constraints to find a feasible solution.,NaN,NaN,1,0,,
newmap_cruise_refine_direct_db,direct_vinf_alpha_force_balance_v1,newmap_cruise_refine,BridgeFrontier_Tilt82p5_V65_Am7p5,tilt_82p5_v_65_a_m7p5,82.5,65,-7.5,vinf_alpha_force_balance_v1,front_rear_free_flap_elevator,BridgeFrontier_Tilt90_V60_Am5,,NaN,0,0,not_usable,1.80163488126789,3.18263785790231,q_dot,3.18263785790231,764.453827832534,1822.16229934706,14.414334951637,0,-25,0,-13.3362442143981,64.5054679010261,-8.49049086738058,-7.49841524204506,-5.83782897235301,Could not find a solution that satisfies all constraints.  Relax the constraints to find a feasible solution.,NaN,NaN,1,0,,
newmap_cruise_refine_direct_db,direct_vinf_alpha_force_balance_v1,newmap_cruise_refine,BridgeFrontier_Tilt82p5_V65_Am10,tilt_82p5_v_65_a_m10,82.5,65,-10,vinf_alpha_force_balance_v1,front_rear_free_flap_elevator,entry_BridgeFrontier_Tilt82p5_V60_A0,,NaN,0,0,not_usable,6.19396526055253,11.037065085471,q_dot,11.037065085471,1351.68149102472,1259.80402315075,4.55804114131288,0,-14.6345393491175,0,10.9705358956712,65,-1.11567214279146e-21,-9.83435463111806e-22,10.9705358956712,Could not find a solution that satisfies all constraints.  Relax the constraints to find a feasible solution.,NaN,NaN,1,0,,
newmap_cruise_refine_direct_db,direct_vinf_alpha_force_balance_v1,newmap_cruise_refine,BridgeFrontier_Tilt82p5_V55_A0,tilt_82p5_v_55_a_0,82.5,55,0,vinf_alpha_force_balance_v1,front_rear_free_flap_elevator,force_balance_V55_T82p5_A0_G18p46,,NaN,0,0,not_usable,4.37678003357948,8.28316758719678,q_dot,8.28316758719678,1675.91135698324,1207.41223820495,7.34899406276546,0,-23.7935742171323,0,19.8456803957563,55,-1.59432520284117e-18,-1.6608746417116e-18,19.8456803957563,Could not find a solution that satisfies all constraints.  Relax the constraints to find a feasible solution.,NaN,NaN,1,0,,
newmap_cruise_refine_direct_db,direct_vinf_alpha_force_balance_v1,newmap_cruise_refine,BridgeFrontier_Tilt82p5_V55_Am2p5,tilt_82p5_v_55_a_m2p5,82.5,55,-2.5,vinf_alpha_force_balance_v1,front_rear_free_flap_elevator,BridgeFrontier_Tilt90_V60_Am5,,NaN,0,0,not_usable,5.28284212183228,9.69949544600026,q_dot,9.69949544600026,1139.01472493047,1519.47293412883,13.8273921348452,0,-24.3821334049941,0,-2.32377095799607,54.790708395046,-4.7935658511212,-5,2.67622904200393,Could not find a solution that satisfies all constraints.  Relax the constraints to find a feasible solution.,NaN,NaN,1,0,,
newmap_cruise_refine_direct_db,direct_vinf_alpha_force_balance_v1,newmap_cruise_refine,BridgeFrontier_Tilt82p5_V55_Am5,tilt_82p5_v_55_a_m5,82.5,55,-5,vinf_alpha_force_balance_v1,front_rear_free_flap_elevator,BridgeFrontier_Tilt90_V60_Am5,,NaN,0,1,quasi_trim_usable,0.328920721247393,0.582856203510443,q_dot,0.582856203510443,1182.33371036132,1431.11617659858,16.3741751896747,0,-21.9637826320709,0,-0.173423940081849,54.790708395046,-4.7935658511212,-5,4.82657605991815,Could not find a solution that satisfies all constraints.  Relax the constraints to find a feasible solution.,NaN,NaN,1,0,,
newmap_cruise_refine_direct_db,direct_vinf_alpha_force_balance_v1,newmap_cruise_refine,BridgeFrontier_Tilt82p5_V55_Am7p5,tilt_82p5_v_55_a_m7p5,82.5,55,-7.5,vinf_alpha_force_balance_v1,front_rear_free_flap_elevator,entry_BridgeFrontier_Tilt82p5_V55_Am5,,NaN,0,1,quasi_trim_usable,0.328920721247393,0.582856203510443,q_dot,0.582856203510443,1182.33371036132,1431.11617659858,16.3741751896747,0,-21.9637826320709,0,-0.173423940081849,54.790708395046,-4.7935658511212,-5,4.82657605991815,Could not find a solution that satisfies all constraints.  Relax the constraints to find a feasible solution.,NaN,NaN,1,0,,
newmap_cruise_refine_direct_db,direct_vinf_alpha_force_balance_v1,newmap_cruise_refine,BridgeFrontier_Tilt82p5_V55_Am10,tilt_82p5_v_55_a_m10,82.5,55,-10,vinf_alpha_force_balance_v1,front_rear_free_flap_elevator,entry_BridgeFrontier_Tilt82p5_V55_Am5,,NaN,0,1,quasi_trim_usable,0.328920721247393,0.582856203510443,q_dot,0.582856203510443,1182.33371036132,1431.11617659858,16.3741751896747,0,-21.9637826320709,0,-0.173423940081849,54.790708395046,-4.7935658511212,-5,4.82657605991815,Could not find a solution that satisfies all constraints.  Relax the constraints to find a feasible solution.,NaN,NaN,1,0,,
newmap_cruise_refine_direct_db,direct_vinf_alpha_force_balance_v1,newmap_cruise_refine,BridgeFrontier_Tilt90_V50_A0,tilt_90_v_50_a_0,90,50,0,vinf_alpha_force_balance_v1,front_rear_free_flap_elevator,force_balance_V50_T90_A0_G25,,NaN,0,0,not_usable,3.52308589525388,6.68520767637432,q_dot,6.68520767637432,1794.51289669958,340.565963000252,14.3968674025915,0,-10.7930241202154,0,22.3415192002136,49.9999999999942,-1.82356906011218e-12,-2.08965621590157e-12,22.3415192002157,Could not find a solution that satisfies all constraints.  Relax the constraints to find a feasible solution.,NaN,NaN,1,0,,
newmap_cruise_refine_direct_db,direct_vinf_alpha_force_balance_v1,newmap_cruise_refine,BridgeFrontier_Tilt90_V50_Am2p5,tilt_90_v_50_a_m2p5,90,50,-2.5,vinf_alpha_force_balance_v1,front_rear_free_flap_elevator,entry_BridgeFrontier_Tilt90_V55_Am7p5,,NaN,0,0,not_usable,8.53669998926444,15.7685041657389,q_dot,15.7685041657389,906.530010904309,1469.61817993453,21.0026203153002,0,-14.1653359206898,0,-6.54960107521644,49.5722430686905,-6.52630961100258,-7.5,0.950398924783561,Could not find a solution that satisfies all constraints.  Relax the constraints to find a feasible solution.,NaN,NaN,1,0,,
newmap_cruise_refine_direct_db,direct_vinf_alpha_force_balance_v1,newmap_cruise_refine,BridgeFrontier_Tilt90_V50_Am5,tilt_90_v_50_a_m5,90,50,-5,vinf_alpha_force_balance_v1,front_rear_free_flap_elevator,entry_BridgeFrontier_Tilt90_V55_Am7p5,,NaN,0,0,not_usable,4.98573938362475,9.48303668360546,q_dot,9.48303668360546,1264.51380695943,823.8046839207,23.2812057073098,0,-3.62728410988035,0,0.243765437338919,49.821604250288,-4.3587388307736,-4.99990100531755,5.24366644265647,Could not find a solution that satisfies all constraints.  Relax the constraints to find a feasible solution.,NaN,NaN,1,0,,
newmap_cruise_refine_direct_db,direct_vinf_alpha_force_balance_v1,newmap_cruise_refine,BridgeFrontier_Tilt90_V50_Am7p5,tilt_90_v_50_a_m7p5,90,50,-7.5,vinf_alpha_force_balance_v1,front_rear_free_flap_elevator,entry_BridgeFrontier_Tilt90_V55_Am7p5,,NaN,0,0,not_usable,8.53669998926444,15.7685041657389,q_dot,15.7685041657389,906.530010904309,1469.61817993453,21.0026203153002,0,-14.1653359206898,0,-6.54960107521644,49.5722430686905,-6.52630961100258,-7.5,0.950398924783561,Could not find a solution that satisfies all constraints.  Relax the constraints to find a feasible solution.,NaN,NaN,1,0,,
newmap_cruise_refine_direct_db,direct_vinf_alpha_force_balance_v1,newmap_cruise_refine,BridgeFrontier_Tilt90_V50_Am10,tilt_90_v_50_a_m10,90,50,-10,vinf_alpha_force_balance_v1,front_rear_free_flap_elevator,entry_BridgeFrontier_Tilt90_V55_Am7p5,,NaN,0,0,not_usable,8.53669998926444,15.7685041657389,q_dot,15.7685041657389,906.530010904309,1469.61817993453,21.0026203153002,0,-14.1653359206898,0,-6.54960107521644,49.5722430686905,-6.52630961100258,-7.5,0.950398924783561,Could not find a solution that satisfies all constraints.  Relax the constraints to find a feasible solution.,NaN,NaN,1,0,,
newmap_cruise_refine_direct_db,direct_vinf_alpha_force_balance_v1,newmap_cruise_refine,BridgeFrontier_Tilt75_V50_A0,tilt_75_v_50_a_0,75,50,0,vinf_alpha_force_balance_v1,front_rear_free_flap_elevator,force_balance_V50_T75_A0_G22p64,,NaN,0,0,not_usable,1.48869502336346,2.7736241236536,q_dot,2.7736241236536,1695.83866240109,1178.74965674222,7.88762133055927,0,-14.8060212072751,0,20.8578545100412,50,3.48977079693726e-17,3.99898276265021e-17,20.8578545100412,Could not find a solution that satisfies all constraints.  Relax the constraints to find a feasible solution.,NaN,NaN,1,0,,
newmap_cruise_refine_direct_db,direct_vinf_alpha_force_balance_v1,newmap_cruise_refine,BridgeFrontier_Tilt75_V50_Am2p5,tilt_75_v_50_a_m2p5,75,50,-2.5,vinf_alpha_force_balance_v1,front_rear_free_flap_elevator,force_balance_V50_T75_Am2p5_G21p11,,NaN,0,0,near_trim_borderline,0.937456961125633,1.37352215385209,q_dot,1.25025584172687,2102.82717307657,794.121150132983,9.80947337411346,0,-1.25937807842104,0,30.8655307160076,49.9524110790929,-2.1809693682668,-2.5,33.3655307160076,Could not find a solution that satisfies all constraints.  Relax the constraints to find a feasible solution.,NaN,NaN,1,0,,
newmap_cruise_refine_direct_db,direct_vinf_alpha_force_balance_v1,newmap_cruise_refine,BridgeFrontier_Tilt75_V50_Am5,tilt_75_v_50_a_m5,75,50,-5,vinf_alpha_force_balance_v1,front_rear_free_flap_elevator,force_balance_V50_T75_Am5_G10p94,,NaN,1,1,exact_trim,5.61661518035248e-11,8.67713051330088e-11,q_dot,8.67713051330088e-11,1370.89470770894,733.715939409595,20.4011743042174,0,-0.0491351431914032,0,5.09654118102075,49.8097349045873,-4.35778713738291,-5,10.0965411810207,Operating point specifications were successfully met.,NaN,NaN,1,0,,
newmap_cruise_refine_direct_db,direct_vinf_alpha_force_balance_v1,newmap_cruise_refine,BridgeFrontier_Tilt75_V50_Am7p5,tilt_75_v_50_a_m7p5,75,50,-7.5,vinf_alpha_force_balance_v1,front_rear_free_flap_elevator,entry_BridgeFrontier_Tilt75_V50_Am5,,NaN,1,1,exact_trim,4.08355067647967e-11,7.50503702125706e-11,q_dot,7.50503702125706e-11,1370.89473704141,733.715959056808,24.8102514086661,0,4.53340241420759,0,1.91536676886097,49.5722430686906,-6.52630961100258,-7.5,9.41536676886097,Operating point specifications were successfully met.,NaN,NaN,1,0,,
newmap_cruise_refine_direct_db,direct_vinf_alpha_force_balance_v1,newmap_cruise_refine,BridgeFrontier_Tilt75_V50_Am10,tilt_75_v_50_a_m10,75,50,-10,vinf_alpha_force_balance_v1,front_rear_free_flap_elevator,entry_BridgeFrontier_Tilt75_V50_Am5,,NaN,1,1,exact_trim,8.51429472991843e-12,1.79269932232273e-11,w_dot,1.79269932232273e-11,1910.52272498947,993.380219400616,24.8739746077204,0,8.42814791392213,0,17.7361742554903,49.2403876506104,-8.68240888334652,-10,27.7361742554903,Operating point specifications were successfully met.,NaN,NaN,1,0,,
newmap_cruise_refine_direct_db,direct_vinf_alpha_force_balance_v1,newmap_cruise_refine,BridgeFrontier_Tilt82p5_V50_A0,tilt_82p5_v_50_a_0,82.5,50,0,vinf_alpha_force_balance_v1,front_rear_free_flap_elevator,force_balance_V50_T82p5_A0_G21p41,,NaN,0,1,quasi_trim_usable,0.367902646757199,0.673167745668515,w_dot,0.673167745668515,1558.43353370506,1086.60599993648,12.0932438937339,0,-23.3699940599053,0,12.9160663302198,49.9999999999995,6.92781798386671e-13,7.93869463420796e-13,12.916066330219,Could not find a solution that satisfies all constraints.  Relax the constraints to find a feasible solution.,NaN,NaN,1,0,,
newmap_cruise_refine_direct_db,direct_vinf_alpha_force_balance_v1,newmap_cruise_refine,BridgeFrontier_Tilt82p5_V50_Am2p5,tilt_82p5_v_50_a_m2p5,82.5,50,-2.5,vinf_alpha_force_balance_v1,front_rear_free_flap_elevator,entry_BridgeFrontier_Tilt82p5_V50_A0,,NaN,0,1,quasi_trim_usable,0.36790264675721,0.673167745669154,w_dot,0.673167745669154,1558.43353370506,1086.60599993648,12.0932438937339,0,-23.3699940599053,0,12.9160663302198,50,6.92781798386678e-13,7.93869463420796e-13,12.916066330219,Could not find a solution that satisfies all constraints.  Relax the constraints to find a feasible solution.,NaN,NaN,1,0,,
newmap_cruise_refine_direct_db,direct_vinf_alpha_force_balance_v1,newmap_cruise_refine,BridgeFrontier_Tilt82p5_V50_Am5,tilt_82p5_v_50_a_m5,82.5,50,-5,vinf_alpha_force_balance_v1,front_rear_free_flap_elevator,entry_BridgeFrontier_Tilt82p5_V50_A0,,NaN,0,1,quasi_trim_usable,0.36790264675721,0.673167745669154,w_dot,0.673167745669154,1558.43353370506,1086.60599993648,12.0932438937339,0,-23.3699940599053,0,12.9160663302198,50,6.92781798386678e-13,7.93869463420796e-13,12.916066330219,Could not find a solution that satisfies all constraints.  Relax the constraints to find a feasible solution.,NaN,NaN,1,0,,
newmap_cruise_refine_direct_db,direct_vinf_alpha_force_balance_v1,newmap_cruise_refine,BridgeFrontier_Tilt82p5_V50_Am7p5,tilt_82p5_v_50_a_m7p5,82.5,50,-7.5,vinf_alpha_force_balance_v1,front_rear_free_flap_elevator,entry_BridgeFrontier_Tilt82p5_V50_A0,,NaN,0,1,quasi_trim_usable,0.36790264675721,0.673167745669154,w_dot,0.673167745669154,1558.43353370506,1086.60599993648,12.0932438937339,0,-23.3699940599053,0,12.9160663302198,50,6.92781798386678e-13,7.93869463420796e-13,12.916066330219,Could not find a solution that satisfies all constraints.  Relax the constraints to find a feasible solution.,NaN,NaN,1,0,,
newmap_cruise_refine_direct_db,direct_vinf_alpha_force_balance_v1,newmap_cruise_refine,BridgeFrontier_Tilt82p5_V50_Am10,tilt_82p5_v_50_a_m10,82.5,50,-10,vinf_alpha_force_balance_v1,front_rear_free_flap_elevator,entry_BridgeFrontier_Tilt82p5_V50_A0,,NaN,0,1,quasi_trim_usable,0.36790264675721,0.673167745669154,w_dot,0.673167745669154,1558.43353370506,1086.60599993648,12.0932438937339,0,-23.3699940599053,0,12.9160663302198,50,6.92781798386678e-13,7.93869463420796e-13,12.916066330219,Could not find a solution that satisfies all constraints.  Relax the constraints to find a feasible solution.,NaN,NaN,1,0,,
newmap_hover_v0_anchor_direct_db,direct_vinf_alpha_force_balance_v1,newmap_hover_v0_anchor,MidbandGuide_Tilt0_V0_A0,tilt_0_v_0_a_0,0,0,0,vinf_alpha_force_balance_v1,front_rear_free_flap_elevator,force_balance_V0_T0_A0_G0,,NaN,1,1,exact_trim,9.32714291520117e-06,1.77480163857325e-05,q_dot,1.77480163857325e-05,1865.74061945633,1756.3968576675,0,0,0,0,0,0,0,0,0,Operating point specifications were successfully met.,NaN,NaN,1,0,,
newmap_hover_v0_anchor_direct_db,direct_vinf_alpha_force_balance_v1,newmap_hover_v0_anchor,MidbandGuide_Tiltm2p5_V0_A0,tilt_m2p5_v_0_a_0,-2.5,0,0,vinf_alpha_force_balance_v1,front_rear_free_flap_elevator,entry_MidbandGuide_Tilt0_V0_A0,,NaN,0,1,quasi_trim_usable,0.314193866549828,0.553256717832189,q_dot,0.553256717832189,1865.74061945633,1756.3968576675,0,0,0,0,0,0,0,0,0,Could not find a solution that satisfies all constraints.  Relax the constraints to find a feasible solution.,NaN,NaN,1,0,,
newmap_hover_v0_anchor_direct_db,direct_vinf_alpha_force_balance_v1,newmap_hover_v0_anchor,MidbandGuide_Tilt2p5_V0_A0,tilt_2p5_v_0_a_0,2.5,0,0,vinf_alpha_force_balance_v1,front_rear_free_flap_elevator,entry_MidbandGuide_Tilt0_V0_A0,,NaN,0,1,quasi_trim_usable,0.431978241392862,0.790370088086302,q_dot,0.790370088086302,1865.74061945633,1756.3968576675,0,0,0,0,0,0,0,0,0,Could not find a solution that satisfies all constraints.  Relax the constraints to find a feasible solution.,NaN,NaN,1,0,,
newmap_hover_v0_anchor_direct_db,direct_vinf_alpha_force_balance_v1,newmap_hover_v0_anchor,MidbandGuide_Tiltm5_V0_A0,tilt_m5_v_0_a_0,-5,0,0,vinf_alpha_force_balance_v1,front_rear_free_flap_elevator,entry_MidbandGuide_Tiltm2p5_V0_A0,,NaN,0,1,quasi_trim_usable,0.515712342354347,0.906571545543719,q_dot,0.868293699538024,1865.74061945633,1756.3968576675,0,0,0,0,0,0,0,0,0,Could not find a solution that satisfies all constraints.  Relax the constraints to find a feasible solution.,NaN,NaN,1,0,,
newmap_hover_v0_anchor_direct_db,direct_vinf_alpha_force_balance_v1,newmap_hover_v0_anchor,MidbandGuide_Tilt5_V0_A0,tilt_5_v_0_a_0,5,0,0,vinf_alpha_force_balance_v1,front_rear_free_flap_elevator,force_balance_V0_T5_A0_G2p652,,NaN,0,0,near_trim_borderline,0.69231984858779,1.31769688986192,q_dot,1.31769688986192,1869.3416685773,1756.22519759597,0,0,0,0,2.65214267984458,0,0,0,2.65214267984458,Could not find a solution that satisfies all constraints.  Relax the constraints to find a feasible solution.,NaN,NaN,1,0,,
newmap_hover_v0_anchor_direct_db,direct_vinf_alpha_force_balance_v1,newmap_hover_v0_anchor,MidbandGuide_Tiltm7p5_V0_A0,tilt_m7p5_v_0_a_0,-7.5,0,0,vinf_alpha_force_balance_v1,front_rear_free_flap_elevator,force_balance_V0_Tm7p5_A0_Gm3p907,,NaN,0,1,quasi_trim_usable,0.409352101212391,0.724905539853729,w_dot,0.724905539853729,1880.04952852138,1779.77636635553,0,0,0,0,-3.90748352541355,0,0,0,-3.90748352541355,Could not find a solution that satisfies all constraints.  Relax the constraints to find a feasible solution.,NaN,NaN,1,0,,
newmap_hover_v0_anchor_direct_db,direct_vinf_alpha_force_balance_v1,newmap_hover_v0_anchor,MidbandGuide_Tilt7p5_V0_A0,tilt_7p5_v_0_a_0,7.5,0,0,vinf_alpha_force_balance_v1,front_rear_free_flap_elevator,force_balance_V0_T7p5_A0_G3p988,,NaN,0,0,near_trim_borderline,1.05068700741799,1.99883333615935,q_dot,1.99883333615935,1873.82120882621,1756.23809709949,0,0,0,0,3.98820594280556,0,0,0,3.98820594280556,Could not find a solution that satisfies all constraints.  Relax the constraints to find a feasible solution.,NaN,NaN,1,0,,
newmap_cruise_endpoint_v70_t90_direct_db,direct_vinf_alpha_force_balance_v1,newmap_cruise_endpoint_v70_t90,BridgeFrontier_Tilt90_V70_A0,tilt_90_v_70_a_0,90,70,0,vinf_alpha_force_balance_v1,front_rear_free_flap_elevator,force_balance_V70_T90_A0_G7p887,,NaN,0,0,not_usable,7.16273374868622,13.6125498845033,q_dot,13.6125498845033,1013.57339847238,581.512557294991,2.18054361560536,0,-4.73751387504107,0,3.93004238965497,70.0000000000024,-1.35996682638161e-13,-1.11314799184949e-13,3.93004238965508,Could not find a solution that satisfies all constraints.  Relax the constraints to find a feasible solution.,NaN,NaN,1,0,,
newmap_cruise_endpoint_v70_t90_direct_db,direct_vinf_alpha_force_balance_v1,newmap_cruise_endpoint_v70_t90,BridgeFrontier_Tilt90_V70_Am2p5,tilt_90_v_70_a_m2p5,90,70,-2.5,vinf_alpha_force_balance_v1,front_rear_free_flap_elevator,force_balance_V70_T90_Am2p5_G7p913,,NaN,0,0,not_usable,6.94036059354003,13.1615897849627,q_dot,13.1615897849627,951.183627016008,1506.12615766298,5.09609658284576,0,-7.97078740413957,0,1.05263847389073,69.93337551073,-3.05335711557352,-2.5,3.55263847389073,Could not find a solution that satisfies all constraints.  Relax the constraints to find a feasible solution.,NaN,NaN,1,0,,
newmap_cruise_endpoint_v70_t90_direct_db,direct_vinf_alpha_force_balance_v1,newmap_cruise_endpoint_v70_t90,BridgeFrontier_Tilt90_V70_A2p5,tilt_90_v_70_a_2p5,90,70,2.5,vinf_alpha_force_balance_v1,front_rear_free_flap_elevator,force_balance_V70_T90_A2p5_G1p358,,NaN,0,0,not_usable,5.70815811398986,10.2073512628823,q_dot,10.2073512628823,600.2027056118,100.000229789404,0.0229250477791488,0,-10.2510164438896,0,3.85805879260608,69.93337551073,3.05335711557352,2.5,1.35805879260608,Could not find a solution that satisfies all constraints.  Relax the constraints to find a feasible solution.,NaN,NaN,1,0,,
newmap_cruise_endpoint_v70_t90_direct_db,direct_vinf_alpha_force_balance_v1,newmap_cruise_endpoint_v70_t90,BridgeFrontier_Tilt90_V70_Am5,tilt_90_v_70_a_m5,90,70,-5,vinf_alpha_force_balance_v1,front_rear_free_flap_elevator,force_balance_V70_T90_Am5_G6p18,,NaN,0,0,not_usable,10.9670695629841,20.803491653624,q_dot,20.803491653624,789.365831675843,1762.0545528613,8.41466338779792,0,-6.73019869847314,0,-2.57323869903426,69.7336288664222,-6.10090199233607,-5,2.42676130096574,Could not find a solution that satisfies all constraints.  Relax the constraints to find a feasible solution.,NaN,NaN,1,0,,
newmap_cruise_endpoint_v70_t90_direct_db,direct_vinf_alpha_force_balance_v1,newmap_cruise_endpoint_v70_t90,BridgeFrontier_Tilt90_V70_A5,tilt_90_v_70_a_5,90,70,5,vinf_alpha_force_balance_v1,front_rear_free_flap_elevator,force_balance_V70_T90_A5_G7p334,,NaN,0,0,not_usable,2.03128508404771,3.97031720493604,w_dot,3.97031720493604,1050.27145173251,429.944359762821,-4.9789571984919,0,-14.3341620850462,0,12.3340717824,69.7336288664222,6.10090199233607,5,7.33407178240003,Could not find a solution that satisfies all constraints.  Relax the constraints to find a feasible solution.,NaN,NaN,1,0,,
newmap_cruise_endpoint_v70_t90_direct_db,direct_vinf_alpha_force_balance_v1,newmap_cruise_endpoint_v70_t90,BridgeFrontier_Tilt90_V70_Am7p5,tilt_90_v_70_a_m7p5,90,70,-7.5,vinf_alpha_force_balance_v1,front_rear_free_flap_elevator,force_balance_V70_T90_Am7p5_G5p365,,NaN,0,0,not_usable,2.93863715621161,5.59429876095477,q_dot,5.59429876095477,739.764961603983,1712.12826697504,12.2464699900977,0,-3.39535512290924,0,-5.61671251156219,69.4011402961667,-9.13683345540361,-7.5,1.88328748843781,Could not find a solution that satisfies all constraints.  Relax the constraints to find a feasible solution.,NaN,NaN,1,0,,
newmap_cruise_endpoint_v70_t90_direct_db,direct_vinf_alpha_force_balance_v1,newmap_cruise_endpoint_v70_t90,BridgeFrontier_Tilt90_V70_Am10,tilt_90_v_70_a_m10,90,70,-10,vinf_alpha_force_balance_v1,front_rear_free_flap_elevator,force_balance_V70_T90_Am10_G7p126,,NaN,0,0,not_usable,3.59938869744644,6.80378757531246,q_dot,6.80378757531246,1174.73286118682,1925.04836470488,16.3239595023608,0,-4.1230072950458,0,-0.815244488508456,68.9365427108546,-12.1553724366851,-10,9.18475551149154,Could not find a solution that satisfies all constraints.  Relax the constraints to find a feasible solution.,NaN,NaN,1,0,,
newmap_cruise_endpoint_v70_t90_direct_db,direct_vinf_alpha_force_balance_v1,newmap_cruise_endpoint_v70_t90,BridgeFrontier_Tilt90_V70_Am12p5,tilt_90_v_70_a_m12p5,90,70,-12.5,vinf_alpha_force_balance_v1,front_rear_free_flap_elevator,force_balance_V70_T90_Am12p5_G6p215,,NaN,1,1,exact_trim,6.01483076468406e-12,1.13497168498944e-11,q_dot,1.13497168498944e-11,743.233360064257,1691.25617329957,20.8776369724688,0,5.51161728083859,0,-11.2704564928036,68.3407204983953,-15.1507729756672,-12.5,1.2295435071964,Operating point specifications were successfully met.,NaN,NaN,1,0,,
newmap_cruise_endpoint_v70_t90_direct_db,direct_vinf_alpha_force_balance_v1,newmap_cruise_endpoint_v70_t90,BridgeFrontier_Tilt90_V70_Am15,tilt_90_v_70_a_m15,90,70,-15,vinf_alpha_force_balance_v1,front_rear_free_flap_elevator,entry_BridgeFrontier_Tilt90_V70_Am12p5,,NaN,1,1,exact_trim,2.7134654650282e-10,5.12413252702355e-10,q_dot,5.12413252702355e-10,707.652574075851,1791.54191233272,24.9999925910578,0,8.34103672965658,0,-14.2390421001878,67.6148078402348,-18.1173331571765,-15,0.760957899812244,Operating point specifications were successfully met.,NaN,NaN,1,0,,
newmap_cruise_endpoint_v70_t90_normal_seed_direct_db,direct_vinf_alpha_force_balance_v1,newmap_cruise_endpoint_v70_t90_normal_seed,BridgeFrontier_Tilt90_V70_A0,tilt_90_v_70_a_0,90,70,0,vinf_alpha_force_balance_v1,front_rear_free_flap_elevator,guide_V70_T90_Fm50_Rm250,,NaN,0,0,not_usable,7.61462126500829,14.4781756128696,q_dot,14.4781756128696,780.074058653404,201.758349080062,2.64087621507459,0,-6.03831302304889,0,-0.276996703662335,70,-1.4975677238891e-18,-1.22577585876941e-18,-0.276996703662335,Could not find a solution that satisfies all constraints.  Relax the constraints to find a feasible solution.,NaN,NaN,1,0,,
newmap_cruise_endpoint_v70_t90_normal_seed_direct_db,direct_vinf_alpha_force_balance_v1,newmap_cruise_endpoint_v70_t90_normal_seed,BridgeFrontier_Tilt90_V70_Am2p5,tilt_90_v_70_a_m2p5,90,70,-2.5,vinf_alpha_force_balance_v1,front_rear_free_flap_elevator,guide_V70_T90_Fm50_Rm250,,NaN,0,0,not_usable,9.44126326930061,20.1999887872224,w_dot,20.1999887872224,745,200,0,0,0,0,-2.5,69.93337551073,-3.05335711557352,-2.5,4.44089209850063e-16,Could not find a solution that satisfies all constraints.  Relax the constraints to find a feasible solution.,NaN,NaN,1,0,,
newmap_cruise_endpoint_v70_t90_normal_seed_direct_db,direct_vinf_alpha_force_balance_v1,newmap_cruise_endpoint_v70_t90_normal_seed,BridgeFrontier_Tilt90_V70_A2p5,tilt_90_v_70_a_2p5,90,70,2.5,vinf_alpha_force_balance_v1,front_rear_free_flap_elevator,guide_V70_T90_Fm50_R250,,NaN,0,0,not_usable,4.24357676740982,8.0708854998589,q_dot,8.0708854998589,838.63855648347,741.287455656333,-2.26511020579177,0,-9.99978512635295,0,3.51849995688901,69.93337551073,3.05335711557352,2.5,1.01849995688901,Could not find a solution that satisfies all constraints.  Relax the constraints to find a feasible solution.,NaN,NaN,1,0,,
newmap_cruise_endpoint_v70_t90_normal_seed_direct_db,direct_vinf_alpha_force_balance_v1,newmap_cruise_endpoint_v70_t90_normal_seed,BridgeFrontier_Tilt90_V70_A5,tilt_90_v_70_a_5,90,70,5,vinf_alpha_force_balance_v1,front_rear_free_flap_elevator,guide_V70_T90_F50_R0,,NaN,1,1,exact_trim,1.37660977566258e-11,3.02478042613075e-11,w_dot,3.02478042613075e-11,843.021572202922,419.536734921704,-6.09929180407579,0,-13.8250410258202,0,4.9069191645106,69.7336288664222,6.10090199233607,5,-0.0930808354894008,Operating point specifications were successfully met.,NaN,NaN,1,0,,
newmap_cruise_branch_scout_direct_db,direct_vinf_alpha_force_balance_v1,newmap_cruise_branch_scout,BridgeFrontier_Tilt90_V70_A0,tilt_90_v_70_a_0,90,70,0,vinf_alpha_force_balance_v1,front_rear_free_flap_elevator,guide_V70_T90_F75_R250,,NaN,1,1,exact_trim,4.71957191277693e-12,8.80632175270302e-12,q_dot,8.80632175270302e-12,1002.45771732582,979.435600916866,1.79179070407674,0,-8.05199285156978,0,3.38879151884767,70,6.35950774520027e-17,5.2053279082962e-17,3.38879151884767,Operating point specifications were successfully met.,NaN,NaN,1,0,,
newmap_cruise_branch_scout_direct_db,direct_vinf_alpha_force_balance_v1,newmap_cruise_branch_scout,BridgeFrontier_Tilt90_V70_A2p5,tilt_90_v_70_a_2p5,90,70,2.5,vinf_alpha_force_balance_v1,front_rear_free_flap_elevator,guide_V70_T90_F75_R250,,NaN,0,0,not_usable,4.1435539788612,7.88018123798354,q_dot,7.88018123798354,867.457959889973,746.504959962386,-2.2678545676861,0,-10.0591841981215,0,4.0251332658131,69.93337551073,3.05335711557352,2.5,1.5251332658131,Could not find a solution that satisfies all constraints.  Relax the constraints to find a feasible solution.,NaN,NaN,1,0,,
newmap_cruise_branch_scout_direct_db,direct_vinf_alpha_force_balance_v1,newmap_cruise_branch_scout,BridgeFrontier_Tilt90_V70_A7p5,tilt_90_v_70_a_7p5,90,70,7.5,vinf_alpha_force_balance_v1,front_rear_free_flap_elevator,guide_V70_T90_F75_R250,,NaN,1,1,exact_trim,4.08621354388059e-12,8.97415475265007e-12,w_dot,8.97415475265007e-12,1028.63815630331,188.754223722807,-10.3002495346812,0,-17.9734144487377,0,9.58126772381967,69.4011402961667,9.13683345540361,7.5,2.08126772381967,Operating point specifications were successfully met.,NaN,NaN,1,0,,
newmap_cruise_branch_scout_direct_db,direct_vinf_alpha_force_balance_v1,newmap_cruise_branch_scout,BridgeFrontier_Tilt90_V65_A0,tilt_90_v_65_a_0,90,65,0,vinf_alpha_force_balance_v1,front_rear_free_flap_elevator,guide_V65_T90_F0_R250,,NaN,1,1,exact_trim,3.46888691509192e-11,6.14274021089005e-11,q_dot,6.14274021089005e-11,600,805.411909703759,4.04698070159659,0,-7.63638780617527,0,-2.09897599970321,65,-1.4750947914002e-17,-1.30025701429172e-17,-2.09897599970321,Operating point specifications were successfully met.,NaN,NaN,1,0,,
newmap_cruise_branch_scout_direct_db,direct_vinf_alpha_force_balance_v1,newmap_cruise_branch_scout,BridgeFrontier_Tilt90_V65_A2p5,tilt_90_v_65_a_2p5,90,65,2.5,vinf_alpha_force_balance_v1,front_rear_free_flap_elevator,guide_V65_T90_Fm75_R250,,NaN,1,1,exact_trim,3.29838672906482e-08,5.90340820241492e-08,q_dot,5.90340820241492e-08,1209.13461275176,655.205642268982,-0.00455965293746609,0,-11.8621732122914,0,9.80781819864381,64.9381344028208,2.83526017874684,2.5,7.30781819864381,Operating point specifications were successfully met.,NaN,NaN,1,0,,
newmap_cruise_branch_scout_direct_db,direct_vinf_alpha_force_balance_v1,newmap_cruise_branch_scout,BridgeFrontier_Tilt90_V65_A5,tilt_90_v_65_a_5,90,65,5,vinf_alpha_force_balance_v1,front_rear_free_flap_elevator,guide_V65_T90_F0_R0,,NaN,0,0,not_usable,4.96002357565691,9.44255413565912,q_dot,9.44255413565912,884.607853904171,140.806799816652,-3.49206731791103,0,-15.5417199670445,0,6.66867122368558,64.7526553759635,5.66512327859778,5,1.66867122368558,Could not find a solution that satisfies all constraints.  Relax the constraints to find a feasible solution.,NaN,NaN,1,0,,
newmap_cruise_branch_scout_direct_db,direct_vinf_alpha_force_balance_v1,newmap_cruise_branch_scout,BridgeFrontier_Tilt90_V65_A7p5,tilt_90_v_65_a_7p5,90,65,7.5,vinf_alpha_force_balance_v1,front_rear_free_flap_elevator,guide_V65_T90_F75_Rm250,,NaN,1,1,exact_trim,8.54269359642201e-07,1.31046792972711e-06,q_dot,1.15158072298285e-06,1023.4828939066,261.238038469215,-8.13578996645937,0,-19.2633536275749,0,10.1814580402306,64.4439159892977,8.48420249430335,7.5,2.68145804023064,Operating point specifications were successfully met.,NaN,NaN,1,0,,
newmap_cruise_branch_scout_direct_db,direct_vinf_alpha_force_balance_v1,newmap_cruise_branch_scout,BridgeFrontier_Tilt90_V60_A0,tilt_90_v_60_a_0,90,60,0,vinf_alpha_force_balance_v1,front_rear_free_flap_elevator,guide_V60_T90_F75_R0,,NaN,1,1,exact_trim,6.17412731907996e-07,1.11054315794675e-06,q_dot,1.11054315794675e-06,897.729818795045,521.02839670516,7.14981399060422,0,-7.43252856232659,0,1.60591021598609,60,3.52191529739229e-21,3.36318137238568e-21,1.60591021598609,Operating point specifications were successfully met.,NaN,NaN,1,0,,
newmap_cruise_branch_scout_direct_db,direct_vinf_alpha_force_balance_v1,newmap_cruise_branch_scout,BridgeFrontier_Tilt90_V60_A2p5,tilt_90_v_60_a_2p5,90,60,2.5,vinf_alpha_force_balance_v1,front_rear_free_flap_elevator,guide_V60_T90_F0_Rm250,,NaN,1,1,exact_trim,1.21441928373871e-08,2.20895518132968e-08,q_dot,2.20895518132968e-08,1034.49911959654,271.944983158101,3.11492248901831,0,-11.2270412159589,0,6.48032884662575,59.9428932949115,2.61716324192016,2.5,3.98032884662575,Operating point specifications were successfully met.,NaN,NaN,1,0,,
newmap_cruise_branch_scout_direct_db,direct_vinf_alpha_force_balance_v1,newmap_cruise_branch_scout,BridgeFrontier_Tilt90_V60_A5,tilt_90_v_60_a_5,90,60,5,vinf_alpha_force_balance_v1,front_rear_free_flap_elevator,guide_V60_T90_F75_Rm250,,NaN,0,0,not_usable,5.80779283545596,10.9887112701321,q_dot,10.9887112701321,1837.15084785665,121.527074671335,-1.15010868321622,0,-19.1524111699273,0,22.3036403420017,59.7716818855047,5.22934456485949,5,17.3036403420017,Could not find a solution that satisfies all constraints.  Relax the constraints to find a feasible solution.,NaN,NaN,1,0,,
newmap_cruise_branch_scout_direct_db,direct_vinf_alpha_force_balance_v1,newmap_cruise_branch_scout,BridgeFrontier_Tilt90_V60_A7p5,tilt_90_v_60_a_7p5,90,60,7.5,vinf_alpha_force_balance_v1,front_rear_free_flap_elevator,guide_V60_T90_Fm75_Rm250,,NaN,1,1,exact_trim,4.24452046222518e-06,8.00931859878253e-06,q_dot,8.00931859878253e-06,899.413890140557,434.772325590198,-5.48816880774875,0,-21.4098309693027,0,8.36551931309044,59.4866916824286,7.8315715332031,7.5,0.865519313090437,Operating point specifications were successfully met.,NaN,NaN,1,0,,
newmap_cruise_branch_scout_direct_db,direct_vinf_alpha_force_balance_v1,newmap_cruise_branch_scout,BridgeFrontier_Tilt90_V55_A0,tilt_90_v_55_a_0,90,55,0,vinf_alpha_force_balance_v1,front_rear_free_flap_elevator,guide_V55_T90_F0_R0,,NaN,0,0,not_usable,4.35639682110589,8.29239061989059,q_dot,8.29239061989059,1068.19165657177,409.858028915869,11.0164650959885,0,-10.4549898692573,0,4.53889530363882,55,-6.83317984736242e-18,-7.11840665286754e-18,4.53889530363882,Could not find a solution that satisfies all constraints.  Relax the constraints to find a feasible solution.,NaN,NaN,1,0,,
newmap_cruise_branch_scout_direct_db,direct_vinf_alpha_force_balance_v1,newmap_cruise_branch_scout,BridgeFrontier_Tilt90_V55_A2p5,tilt_90_v_55_a_2p5,90,55,2.5,vinf_alpha_force_balance_v1,front_rear_free_flap_elevator,guide_V55_T90_F75_Rm250,,NaN,1,1,exact_trim,1.77071331455563e-10,3.3326653597038e-10,q_dot,3.3326653597038e-10,957.704818053564,286.608622711364,6.56326926669966,0,-12.8431662693817,0,4.80499465315116,54.9476521870022,2.39906630509348,2.5,2.30499465315116,Operating point specifications were successfully met.,NaN,NaN,1,0,,
newmap_cruise_branch_scout_direct_db,direct_vinf_alpha_force_balance_v1,newmap_cruise_branch_scout,BridgeFrontier_Tilt90_V55_A5,tilt_90_v_55_a_5,90,55,5,vinf_alpha_force_balance_v1,front_rear_free_flap_elevator,guide_V55_T90_F0_Rm250,,NaN,0,0,not_usable,4.90780066053561,9.32861173353788,q_dot,9.32861173353788,1487.92902736086,547.363363858145,1.77962718001655,0,-23.1386210241601,0,15.9744134829401,54.790708395046,4.7935658511212,5,10.9744134829401,Could not find a solution that satisfies all constraints.  Relax the constraints to find a feasible solution.,NaN,NaN,1,0,,
newmap_cruise_branch_scout_direct_db,direct_vinf_alpha_force_balance_v1,newmap_cruise_branch_scout,BridgeFrontier_Tilt90_V55_A7p5,tilt_90_v_55_a_7p5,90,55,7.5,vinf_alpha_force_balance_v1,front_rear_free_flap_elevator,guide_V55_T90_F0_Rm250,,NaN,1,1,exact_trim,3.89584779792699e-07,6.03281136690564e-07,q_dot,6.03281136690564e-07,933.862705089111,532.460942917653,-2.17331354888477,0,-24.5816537035948,0,8.76594163376744,54.5294673755596,7.17894057210284,7.5,1.26594163376744,Operating point specifications were successfully met.,NaN,NaN,1,0,,
newmap_cruise_branch_scout_direct_db,direct_vinf_alpha_force_balance_v1,newmap_cruise_branch_scout,BridgeFrontier_Tilt85_V60_A0,tilt_85_v_60_a_0,85,60,0,vinf_alpha_force_balance_v1,front_rear_free_flap_elevator,guide_V60_T85_Fm75_R0,,NaN,1,1,exact_trim,8.96588078960065e-06,1.68040815138974e-05,q_dot,1.68040815138974e-05,626.642390339432,726.386784822237,6.65558322969773,0,-8.34504146412115,0,-1.85468894604343,60,1.2551378550093e-15,1.19856836331893e-15,-1.85468894604343,Operating point specifications were successfully met.,NaN,NaN,1,0,,
newmap_cruise_branch_scout_direct_db,direct_vinf_alpha_force_balance_v1,newmap_cruise_branch_scout,BridgeFrontier_Tilt85_V60_A2p5,tilt_85_v_60_a_2p5,85,60,2.5,vinf_alpha_force_balance_v1,front_rear_free_flap_elevator,guide_V60_T85_Fm75_Rm250,,NaN,1,1,exact_trim,1.32876603032815e-06,2.49351895394124e-06,q_dot,2.49351895394124e-06,816.300119439459,322.856470750925,2.83555849577044,0,-10.7273059072449,0,3.0051690272959,59.9428932949115,2.61716324192016,2.5,0.505169027295898,Operating point specifications were successfully met.,NaN,NaN,1,0,,
newmap_cruise_branch_scout_direct_db,direct_vinf_alpha_force_balance_v1,newmap_cruise_branch_scout,BridgeFrontier_Tilt85_V60_A5,tilt_85_v_60_a_5,85,60,5,vinf_alpha_force_balance_v1,front_rear_free_flap_elevator,guide_V60_T85_Fm75_R250,,NaN,1,1,exact_trim,2.91804664640887e-08,5.44902359310578e-08,q_dot,5.44902359310578e-08,600.003434894808,210.948382019169,-1.19424135131996,0,-15.098220548493,0,2.64950807123304,59.7716818855047,5.22934456485949,5,-2.35049192876696,Operating point specifications were successfully met.,NaN,NaN,1,0,,
newmap_cruise_branch_scout_direct_db,direct_vinf_alpha_force_balance_v1,newmap_cruise_branch_scout,BridgeFrontier_Tilt85_V60_A7p5,tilt_85_v_60_a_7p5,85,60,7.5,vinf_alpha_force_balance_v1,front_rear_free_flap_elevator,guide_V60_T85_Fm75_R0,,NaN,1,1,exact_trim,9.70104231337716e-09,2.11046611298116e-08,w_dot,2.11046611298116e-08,1191.39539843086,424.43771251745,-6.27027971572608,0,-20.683347790013,0,13.6965520642582,59.4866916824286,7.8315715332031,7.5,6.19655206425822,Operating point specifications were successfully met.,NaN,NaN,1,0,,
newmap_cruise_branch_scout_direct_db,direct_vinf_alpha_force_balance_v1,newmap_cruise_branch_scout,BridgeFrontier_Tilt80_V60_A0,tilt_80_v_60_a_0,80,60,0,vinf_alpha_force_balance_v1,front_rear_free_flap_elevator,guide_V60_T80_Fm75_Rm250,,NaN,1,1,exact_trim,2.26565310106299e-07,4.94689516017388e-07,w_dot,4.94689516017388e-07,837.054827338793,296.173796942874,6.81540178163516,0,-5.89208868972735,0,0.724756867071406,60,1.57215124872954e-22,1.50129385514041e-22,0.724756867071406,Operating point specifications were successfully met.,NaN,NaN,1,0,,
newmap_cruise_branch_scout_direct_db,direct_vinf_alpha_force_balance_v1,newmap_cruise_branch_scout,BridgeFrontier_Tilt80_V60_A2p5,tilt_80_v_60_a_2p5,80,60,2.5,vinf_alpha_force_balance_v1,front_rear_free_flap_elevator,guide_V60_T80_F0_Rm250,,NaN,1,1,exact_trim,6.86886872501702e-09,1.50444847690778e-08,w_dot,1.50444847690778e-08,818.747376330953,228.042394514086,2.6375201260449,0,-10.1330095932626,0,3.04254449430281,59.9428932949115,2.61716324192016,2.5,0.542544494302813,Operating point specifications were successfully met.,NaN,NaN,1,0,,
newmap_cruise_branch_scout_direct_db,direct_vinf_alpha_force_balance_v1,newmap_cruise_branch_scout,BridgeFrontier_Tilt80_V60_A5,tilt_80_v_60_a_5,80,60,5,vinf_alpha_force_balance_v1,front_rear_free_flap_elevator,guide_V60_T80_F0_R0,,NaN,0,0,not_usable,7.05088090829379,13.4046521611862,q_dot,13.4046521611862,951.092292804866,769.90588208192,-2.2553949609606,0,-20.2955032602879,0,7.35300679748641,59.7716818855047,5.22934456485949,5,2.35300679748641,Could not find a solution that satisfies all constraints.  Relax the constraints to find a feasible solution.,NaN,NaN,1,0,,
newmap_cruise_branch_scout_direct_db,direct_vinf_alpha_force_balance_v1,newmap_cruise_branch_scout,BridgeFrontier_Tilt80_V60_A7p5,tilt_80_v_60_a_7p5,80,60,7.5,vinf_alpha_force_balance_v1,front_rear_free_flap_elevator,guide_V60_T80_Fm75_Rm250,,NaN,1,1,exact_trim,2.70451791164174e-07,4.84581445250606e-07,q_dot,4.84581445250606e-07,1020.80612597939,407.31182837286,-6.34730885154248,0,-19.9204382763409,0,10.3344455068839,59.4866916824286,7.8315715332031,7.5,2.83444550688394,Operating point specifications were successfully met.,NaN,NaN,1,0,,
newmap_cruise_branch_scout_direct_db,direct_vinf_alpha_force_balance_v1,newmap_cruise_branch_scout,BridgeFrontier_Tilt85_V55_A0,tilt_85_v_55_a_0,85,55,0,vinf_alpha_force_balance_v1,front_rear_free_flap_elevator,guide_V55_T85_F0_R250,,NaN,0,0,not_usable,2.79718551083855,4.99147941562202,q_dot,4.99147941562202,743.576091178787,1281.82706848377,9.52729434341719,0,-23.8204646843769,0,-0.337767131039616,55,3.30417267110669e-18,3.44209361521602e-18,-0.337767131039616,Could not find a solution that satisfies all constraints.  Relax the constraints to find a feasible solution.,NaN,NaN,1,0,,
newmap_cruise_branch_scout_direct_db,direct_vinf_alpha_force_balance_v1,newmap_cruise_branch_scout,BridgeFrontier_Tilt85_V55_A2p5,tilt_85_v_55_a_2p5,85,55,2.5,vinf_alpha_force_balance_v1,front_rear_free_flap_elevator,guide_V55_T85_Fm75_Rm250,,NaN,0,0,not_usable,2.14622642720203,4.03309563638895,q_dot,4.03309563638895,977.442707228731,333.588968706529,6.25052561963805,0,-11.6529253740597,0,6.11859969817761,54.9476521870022,2.39906630509348,2.5,3.61859969817761,Could not find a solution that satisfies all constraints.  Relax the constraints to find a feasible solution.,NaN,NaN,1,0,,
newmap_cruise_branch_scout_direct_db,direct_vinf_alpha_force_balance_v1,newmap_cruise_branch_scout,BridgeFrontier_Tilt85_V55_A5,tilt_85_v_55_a_5,85,55,5,vinf_alpha_force_balance_v1,front_rear_free_flap_elevator,guide_V55_T85_F75_Rm250,,NaN,1,1,exact_trim,2.09094547109623e-10,4.58143745163397e-10,w_dot,4.58143745163397e-10,1210.776182103,263.590269802851,1.45652142081837,0,-16.8930105242491,0,12.2315092913788,54.790708395046,4.7935658511212,5,7.23150929137882,Operating point specifications were successfully met.,NaN,NaN,1,0,,
newmap_cruise_branch_scout_direct_db,direct_vinf_alpha_force_balance_v1,newmap_cruise_branch_scout,BridgeFrontier_Tilt85_V55_A7p5,tilt_85_v_55_a_7p5,85,55,7.5,vinf_alpha_force_balance_v1,front_rear_free_flap_elevator,guide_V55_T85_Fm75_Rm250,,NaN,1,1,exact_trim,1.30561173234812e-12,3.73390207641933e-12,u_dot,3.73390207641933e-12,1000.68138190653,355.126069319251,-2.513307440654,0,-22.3720231584343,0,10.1759547032573,54.5294673755596,7.17894057210284,7.5,2.67595470325732,Operating point specifications were successfully met.,NaN,NaN,1,0,,
newmap_cruise_branch_scout_direct_db,direct_vinf_alpha_force_balance_v1,newmap_cruise_branch_scout,BridgeFrontier_Tilt80_V55_A0,tilt_80_v_55_a_0,80,55,0,vinf_alpha_force_balance_v1,front_rear_free_flap_elevator,guide_V55_T80_Fm75_Rm250,,NaN,1,1,exact_trim,4.47654568145723e-10,8.1476577687725e-10,q_dot,8.1476577687725e-10,602.986629510396,357.832247498803,10.3276607455052,0,-7.2370691028262,0,-2.62166325883973,55,-2.22866705214777e-18,-2.32169483687145e-18,-2.62166325883973,Operating point specifications were successfully met.,NaN,NaN,1,0,,
newmap_cruise_branch_scout_direct_db,direct_vinf_alpha_force_balance_v1,newmap_cruise_branch_scout,BridgeFrontier_Tilt80_V55_A2p5,tilt_80_v_55_a_2p5,80,55,2.5,vinf_alpha_force_balance_v1,front_rear_free_flap_elevator,guide_V55_T80_F75_Rm250,,NaN,1,1,exact_trim,2.11698657148054e-07,3.98411168820649e-07,q_dot,3.98411168820649e-07,966.284435905417,441.772863132539,5.61279476123032,0,-12.1630613841225,0,5.08487535581901,54.9476521870022,2.39906630509348,2.5,2.58487535581901,Operating point specifications were successfully met.,NaN,NaN,1,0,,
newmap_cruise_branch_scout_direct_db,direct_vinf_alpha_force_balance_v1,newmap_cruise_branch_scout,BridgeFrontier_Tilt80_V55_A5,tilt_80_v_55_a_5,80,55,5,vinf_alpha_force_balance_v1,front_rear_free_flap_elevator,guide_V55_T80_Fm75_R0,,NaN,0,0,not_usable,3.92355925249166,7.4633564692833,q_dot,7.4633564692833,1164.74076519233,227.939546053971,1.22321905078113,0,-17.2354719844958,0,10.5105316362793,54.790708395046,4.7935658511212,5,5.51053163627927,Could not find a solution that satisfies all constraints.  Relax the constraints to find a feasible solution.,NaN,NaN,1,0,,
newmap_cruise_branch_scout_direct_db,direct_vinf_alpha_force_balance_v1,newmap_cruise_branch_scout,BridgeFrontier_Tilt80_V55_A7p5,tilt_80_v_55_a_7p5,80,55,7.5,vinf_alpha_force_balance_v1,front_rear_free_flap_elevator,guide_V55_T80_F0_Rm250,,NaN,1,1,exact_trim,2.13225239788702e-10,4.60708804439491e-10,w_dot,4.60708804439491e-10,658.464051308052,374.652013965608,-2.30588347759018,0,-22.1549625904108,0,5.1961995393479,54.5294673755596,7.17894057210284,7.5,-2.3038004606521,Operating point specifications were successfully met.,NaN,NaN,1,0,,
newmap_cruise_branch_scout_direct_db,direct_vinf_alpha_force_balance_v1,newmap_cruise_branch_scout,BridgeFrontier_Tilt85_V70_A0,tilt_85_v_70_a_0,85,70,0,vinf_alpha_force_balance_v1,front_rear_free_flap_elevator,guide_V70_T85_Fm75_R250,,NaN,0,0,not_usable,1.55610207196883,2.86402267830212,q_dot,2.86402267830212,1246.4703219714,312.288634571926,2.42255920022105,0,-5.14644290897306,0,5.59505119101899,70,-3.36251268346249e-19,-2.75225407602299e-19,5.59505119101899,Could not find a solution that satisfies all constraints.  Relax the constraints to find a feasible solution.,NaN,NaN,1,0,,
newmap_cruise_branch_scout_direct_db,direct_vinf_alpha_force_balance_v1,newmap_cruise_branch_scout,BridgeFrontier_Tilt85_V70_A2p5,tilt_85_v_70_a_2p5,85,70,2.5,vinf_alpha_force_balance_v1,front_rear_free_flap_elevator,guide_V70_T85_F0_R250,,NaN,0,0,not_usable,5.25539447566928,9.99339755828374,q_dot,9.99339755828374,842.808758770168,677.207731944456,-2.39628374660847,0,-9.31263525358539,0,3.6196846771469,69.93337551073,3.05335711557352,2.5,1.1196846771469,Could not find a solution that satisfies all constraints.  Relax the constraints to find a feasible solution.,NaN,NaN,1,0,,
newmap_cruise_branch_scout_direct_db,direct_vinf_alpha_force_balance_v1,newmap_cruise_branch_scout,BridgeFrontier_Tilt85_V70_A5,tilt_85_v_70_a_5,85,70,5,vinf_alpha_force_balance_v1,front_rear_free_flap_elevator,guide_V70_T85_F0_R0,,NaN,0,0,not_usable,3.42937486626232,6.40174034387709,q_dot,6.40174034387709,851.056948866401,980.965946520062,-6.28665581394587,0,-17.9633154829994,0,6.01971786478539,69.7336288664222,6.10090199233607,5,1.01971786478539,Could not find a solution that satisfies all constraints.  Relax the constraints to find a feasible solution.,NaN,NaN,1,0,,
newmap_cruise_branch_scout_direct_db,direct_vinf_alpha_force_balance_v1,newmap_cruise_branch_scout,BridgeFrontier_Tilt85_V70_A7p5,tilt_85_v_70_a_7p5,85,70,7.5,vinf_alpha_force_balance_v1,front_rear_free_flap_elevator,guide_V70_T85_F75_R250,,NaN,0,0,not_usable,2.48835076275516,4.64696547750958,q_dot,4.64696547750958,1119.53856030111,626.612496488261,-11.5799376736871,0,-18.1667412310136,0,14.2483807330996,69.4011402961667,9.13683345540361,7.5,6.74838073309965,Could not find a solution that satisfies all constraints.  Relax the constraints to find a feasible solution.,NaN,NaN,1,0,,
newmap_cruise_branch_scout_direct_db,direct_vinf_alpha_force_balance_v1,newmap_cruise_branch_scout,BridgeFrontier_Tilt85_V65_A0,tilt_85_v_65_a_0,85,65,0,vinf_alpha_force_balance_v1,front_rear_free_flap_elevator,guide_V65_T85_Fm75_Rm250,,NaN,0,0,not_usable,2.67800374673773,5.23067129595821,q_dot,3.29759341309429,2157.66890040667,430.08179684534,3.89315623231354,0,-5.78719999819073,0,20.4577532007234,65,1.06060412798465e-15,9.34894465656517e-16,20.4577532007234,Could not find a solution that satisfies all constraints.  Relax the constraints to find a feasible solution.,NaN,NaN,1,0,,
newmap_cruise_branch_scout_direct_db,direct_vinf_alpha_force_balance_v1,newmap_cruise_branch_scout,BridgeFrontier_Tilt85_V65_A2p5,tilt_85_v_65_a_2p5,85,65,2.5,vinf_alpha_force_balance_v1,front_rear_free_flap_elevator,guide_V65_T85_Fm75_R250,,NaN,0,0,not_usable,1.77176153916174,3.3606330811662,q_dot,3.3606330811662,1145.47956980017,1442.11719954651,-1.95432141438305,0,-20.2296110469867,0,7.61568929934452,64.9381344028208,2.83526017874684,2.5,5.11568929934452,Could not find a solution that satisfies all constraints.  Relax the constraints to find a feasible solution.,NaN,NaN,1,0,,
newmap_cruise_branch_scout_direct_db,direct_vinf_alpha_force_balance_v1,newmap_cruise_branch_scout,BridgeFrontier_Tilt85_V65_A5,tilt_85_v_65_a_5,85,65,5,vinf_alpha_force_balance_v1,front_rear_free_flap_elevator,guide_V65_T85_F0_R250,,NaN,0,0,not_usable,3.65350919434846,6.7324953180494,q_dot,6.7324953180494,600,109.429773881037,-3.30458973614226,0,-13.2745290716982,0,2.61777852936728,64.752655372882,5.66512327792566,4.99999999964653,-2.38222147027925,Could not find a solution that satisfies all constraints.  Relax the constraints to find a feasible solution.,NaN,NaN,1,0,,
newmap_cruise_branch_scout_direct_db,direct_vinf_alpha_force_balance_v1,newmap_cruise_branch_scout,BridgeFrontier_Tilt85_V65_A7p5,tilt_85_v_65_a_7p5,85,65,7.5,vinf_alpha_force_balance_v1,front_rear_free_flap_elevator,guide_V65_T85_Fm75_Rm250,,NaN,1,1,exact_trim,1.54990299138981e-10,4.33685087841695e-10,u_dot,4.33685087841695e-10,1229.98249273905,259.577569349512,-8.79409275231385,0,-18.5645743727009,0,14.1252818786887,64.4439159892977,8.48420249430335,7.5,6.62528187868866,Operating point specifications were successfully met.,NaN,NaN,1,0,,
newmap_cruise_branch_scout_direct_db,direct_vinf_alpha_force_balance_v1,newmap_cruise_branch_scout,BridgeFrontier_Tilt80_V65_A0,tilt_80_v_65_a_0,80,65,0,vinf_alpha_force_balance_v1,front_rear_free_flap_elevator,guide_V65_T80_F0_R250,,NaN,0,0,not_usable,3.03662163939948,5.78112318198848,q_dot,5.78112318198848,644.40626319561,414.037861011704,4.46922361843791,0,-6.12362451114436,0,-2.09213128222375,65,-5.43032634366349e-18,-4.78668893647117e-18,-2.09213128222375,Could not find a solution that satisfies all constraints.  Relax the constraints to find a feasible solution.,NaN,NaN,1,0,,
newmap_cruise_branch_scout_direct_db,direct_vinf_alpha_force_balance_v1,newmap_cruise_branch_scout,BridgeFrontier_Tilt80_V65_A2p5,tilt_80_v_65_a_2p5,80,65,2.5,vinf_alpha_force_balance_v1,front_rear_free_flap_elevator,guide_V65_T80_F0_R250,,NaN,0,0,not_usable,2.82863279962339,5.37708139803414,q_dot,5.37708139803414,657.438614798011,720.20665052761,-0.363803185547706,0,-10.5622207541689,0,1.10768560655904,64.9381344028208,2.83526017874684,2.5,-1.39231439344096,Could not find a solution that satisfies all constraints.  Relax the constraints to find a feasible solution.,NaN,NaN,1,0,,
newmap_cruise_branch_scout_direct_db,direct_vinf_alpha_force_balance_v1,newmap_cruise_branch_scout,BridgeFrontier_Tilt80_V65_A5,tilt_80_v_65_a_5,80,65,5,vinf_alpha_force_balance_v1,front_rear_free_flap_elevator,guide_V65_T80_F75_R250,,NaN,0,0,not_usable,4.89037274244646,9.26098973612818,q_dot,9.26098973612818,1416.56110120799,422.601083376988,-4.72578948386259,0,-14.8911071117374,0,15.00416439411,64.7526553759635,5.66512327859778,5,10.00416439411,Could not find a solution that satisfies all constraints.  Relax the constraints to find a feasible solution.,NaN,NaN,1,0,,
newmap_cruise_branch_scout_direct_db,direct_vinf_alpha_force_balance_v1,newmap_cruise_branch_scout,BridgeFrontier_Tilt80_V65_A7p5,tilt_80_v_65_a_7p5,80,65,7.5,vinf_alpha_force_balance_v1,front_rear_free_flap_elevator,guide_V65_T80_Fm75_R250,,NaN,1,1,exact_trim,4.76078059782406e-07,1.26029646896342e-06,u_dot,1.26029646896342e-06,1357.33804611596,849.848800074286,-10.2492923457697,0,-20.8270818320879,0,15.8347254778229,64.4439159892977,8.48420249430335,7.5,8.33472547782289,Operating point specifications were successfully met.,NaN,NaN,1,0,,
newmap_cruise_branch_scout_direct_db,direct_vinf_alpha_force_balance_v1,newmap_cruise_branch_scout,BridgeFrontier_Tilt80_V70_A0,tilt_80_v_70_a_0,80,70,0,vinf_alpha_force_balance_v1,front_rear_free_flap_elevator,guide_V70_T80_F75_Rm250,,NaN,0,0,not_usable,5.28908414277508,10.0596854044209,q_dot,10.0596854044209,890.937886746111,205.99407538445,2.20299195411907,0,-5.21172597078786,0,1.39085046195667,70,1.18777867896413e-34,9.72210075718126e-35,1.39085046195667,Could not find a solution that satisfies all constraints.  Relax the constraints to find a feasible solution.,NaN,NaN,1,0,,
newmap_cruise_branch_scout_direct_db,direct_vinf_alpha_force_balance_v1,newmap_cruise_branch_scout,BridgeFrontier_Tilt80_V70_A2p5,tilt_80_v_70_a_2p5,80,70,2.5,vinf_alpha_force_balance_v1,front_rear_free_flap_elevator,guide_V70_T80_F0_R250,,NaN,0,0,not_usable,6.27009974160459,11.9111338247635,q_dot,11.9111338247635,1093.8174826004,650.55091475331,-2.77556469561714,0,-8.66974545204049,0,7.01109956133471,69.93337551073,3.05335711557352,2.5,4.51109956133471,Could not find a solution that satisfies all constraints.  Relax the constraints to find a feasible solution.,NaN,NaN,1,0,,
newmap_cruise_branch_scout_direct_db,direct_vinf_alpha_force_balance_v1,newmap_cruise_branch_scout,BridgeFrontier_Tilt80_V70_A5,tilt_80_v_70_a_5,80,70,5,vinf_alpha_force_balance_v1,front_rear_free_flap_elevator,guide_V70_T80_F0_R0,,NaN,1,1,exact_trim,5.48124206443694e-08,7.95274200243794e-08,q_dot,7.95274200243794e-08,811.706049336599,552.10015611652,-6.56634965066983,0,-13.7293115600267,0,4.24274177299829,69.7336288664222,6.10090199233607,5,-0.757258227001705,Operating point specifications were successfully met.,NaN,NaN,1,0,,
newmap_cruise_branch_scout_direct_db,direct_vinf_alpha_force_balance_v1,newmap_cruise_branch_scout,BridgeFrontier_Tilt80_V70_A7p5,tilt_80_v_70_a_7p5,80,70,7.5,vinf_alpha_force_balance_v1,front_rear_free_flap_elevator,guide_V70_T80_F0_R0,,NaN,1,1,exact_trim,2.04212894333331e-08,4.16637604416792e-08,w_dot,2.91781319106121e-08,1632.47531849551,454.945671600785,-12.5818004330175,0,-16.8580681532222,0,22.7445444593982,69.4011402961667,9.13683345540361,7.5,15.2445444593982,Operating point specifications were successfully met.,NaN,NaN,1,0,,
newmap_path_corridor_overnight_direct_db,direct_vinf_alpha_force_balance_v1,newmap_path_corridor_overnight,MidbandGuide_Tilt15_V10_A0,tilt_15_v_10_a_0,15,10,0,vinf_alpha_force_balance_v1,front_rear_free_flap_elevator,guide_V10_T15_Fm200_Rm300,,NaN,1,1,exact_trim,4.88699866971105e-11,9.20680540628353e-11,q_dot,9.20680540628353e-11,1901.31077640013,1727.1120730567,-7.38839082355193,0,0.646605605708677,0,8.10974534375968,10,-2.74062601667566e-19,-1.57026303979266e-18,8.10974534375968,Operating point specifications were successfully met.,NaN,NaN,1,0,,
newmap_path_corridor_overnight_direct_db,direct_vinf_alpha_force_balance_v1,newmap_path_corridor_overnight,MidbandGuide_Tilt15_V10_A2p5,tilt_15_v_10_a_2p5,15,10,2.5,vinf_alpha_force_balance_v1,front_rear_free_flap_elevator,guide_V10_T15_Fm200_Rm300,,NaN,1,1,exact_trim,7.9522548159297e-08,1.49852294921149e-07,q_dot,1.49852294921149e-07,1870.83295078133,1708.07080982623,24.6414765698635,0,-6.67281238717845,0,7.16681298218863,9.99048221581859,0.436193873653353,2.49999999999996,4.66681298218867,Operating point specifications were successfully met.,NaN,NaN,1,0,,
newmap_path_corridor_overnight_direct_db,direct_vinf_alpha_force_balance_v1,newmap_path_corridor_overnight,MidbandGuide_Tilt15_V10_A5,tilt_15_v_10_a_5,15,10,5,vinf_alpha_force_balance_v1,front_rear_free_flap_elevator,guide_V10_T15_F0_Rm300,,NaN,1,1,exact_trim,1.75229260599731e-06,3.23766482576588e-06,q_dot,3.23766482576588e-06,1869.8532307518,1682.86350562846,7.05719351916387,0,-3.98036581936335,0,7.90901928517032,9.96194698091746,0.871557427476582,5,2.90901928517032,Operating point specifications were successfully met.,NaN,NaN,1,0,,
newmap_path_corridor_overnight_direct_db,direct_vinf_alpha_force_balance_v1,newmap_path_corridor_overnight,MidbandGuide_Tilt15_V10_A7p5,tilt_15_v_10_a_7p5,15,10,7.5,vinf_alpha_force_balance_v1,front_rear_free_flap_elevator,guide_V10_T15_Fm200_Rm300,,NaN,1,1,exact_trim,1.2014600161357e-06,2.26417442247475e-06,q_dot,2.26417442247475e-06,1866.56108549705,1685.77935459436,6.76532599003503,0,-14.6673405852784,0,7.94149000218203,9.9144486137381,1.30526192220052,7.5,0.441490002182032,Operating point specifications were successfully met.,NaN,NaN,1,0,,
newmap_path_corridor_overnight_direct_db,direct_vinf_alpha_force_balance_v1,newmap_path_corridor_overnight,MidbandGuide_Tilt15_V10_A10,tilt_15_v_10_a_10,15,10,10,vinf_alpha_force_balance_v1,front_rear_free_flap_elevator,guide_V10_T15_F0_Rm300,,NaN,1,1,exact_trim,4.93813776558929e-07,9.32129069710115e-07,q_dot,9.32129069710115e-07,1885.48849268989,1701.92346194592,-13.7040917360091,0,-12.0233763804024,0,8.15148190570976,9.84807753012208,1.7364817766693,10,-1.84851809429024,Operating point specifications were successfully met.,NaN,NaN,1,0,,
newmap_path_corridor_overnight_direct_db,direct_vinf_alpha_force_balance_v1,newmap_path_corridor_overnight,MidbandGuide_Tilt15_V10_A12p5,tilt_15_v_10_a_12p5,15,10,12.5,vinf_alpha_force_balance_v1,front_rear_free_flap_elevator,guide_V10_T15_F0_Rm300,,NaN,1,1,exact_trim,2.64710398252928e-12,4.99674224657753e-12,q_dot,4.99674224657753e-12,1888.02274343115,1690.15964964082,-18.4031138486934,0,24.8758657144526,0,8.01457844416359,9.76296007119934,2.16439613938102,12.4999999999999,-4.48542155583633,Operating point specifications were successfully met.,NaN,NaN,1,0,,
newmap_path_corridor_overnight_direct_db,direct_vinf_alpha_force_balance_v1,newmap_path_corridor_overnight,MidbandGuide_Tilt15_V10_A15,tilt_15_v_10_a_15,15,10,15,vinf_alpha_force_balance_v1,front_rear_free_flap_elevator,guide_V10_T15_Fm200_R0,,NaN,1,1,exact_trim,5.00765218487828e-07,9.41633202643486e-07,q_dot,9.41633202643486e-07,1876.30878614978,1683.01032560623,-0.634934235777533,0,-9.72816173198612,0,7.94399867659832,9.65925826289068,2.58819045102521,15,-7.05600132340168,Operating point specifications were successfully met.,NaN,NaN,1,0,,
newmap_path_corridor_overnight_direct_db,direct_vinf_alpha_force_balance_v1,newmap_path_corridor_overnight,MidbandGuide_Tilt10_V10_A0,tilt_10_v_10_a_0,10,10,0,vinf_alpha_force_balance_v1,front_rear_free_flap_elevator,guide_V10_T10_Fm200_Rm300,,NaN,1,1,exact_trim,7.42590836186983e-11,1.39355631224796e-10,q_dot,1.39355631224796e-10,1868.14152951756,1744.27829409366,-1.67291315811638,0,-24.9963432194445,0,5.12643033395519,9.99999999999999,-1.18048497221061e-14,-6.76368066862861e-14,5.12643033395526,Operating point specifications were successfully met.,NaN,NaN,1,0,,
newmap_path_corridor_overnight_direct_db,direct_vinf_alpha_force_balance_v1,newmap_path_corridor_overnight,MidbandGuide_Tilt20_V10_A0,tilt_20_v_10_a_0,20,10,0,vinf_alpha_force_balance_v1,front_rear_free_flap_elevator,guide_V10_T20_Fm200_R0,,NaN,1,1,exact_trim,3.29792077619791e-06,6.17902164202582e-06,q_dot,6.17902164202582e-06,1910.22458133537,1716.29939907048,-1.50170358270712,0,-13.537624169181,0,10.8548117843384,9.99999999999999,1.38625073563339e-13,7.9426316498699e-13,10.8548117843376,Operating point specifications were successfully met.,NaN,NaN,1,0,,
newmap_path_corridor_overnight_direct_db,direct_vinf_alpha_force_balance_v1,newmap_path_corridor_overnight,MidbandGuide_Tilt10_V10_A2p5,tilt_10_v_10_a_2p5,10,10,2.5,vinf_alpha_force_balance_v1,front_rear_free_flap_elevator,guide_V10_T10_Fm200_R0,,NaN,1,1,exact_trim,7.75323920319974e-07,1.45499155679803e-06,q_dot,1.45499155679803e-06,1860.25138282308,1711.26098220649,3.5961110722879,0,-5.84302167480745,0,5.17716261569192,9.99048221581858,0.436193873653355,2.49999999999997,2.67716261569195,Operating point specifications were successfully met.,NaN,NaN,1,0,,
newmap_path_corridor_overnight_direct_db,direct_vinf_alpha_force_balance_v1,newmap_path_corridor_overnight,MidbandGuide_Tilt20_V10_A2p5,tilt_20_v_10_a_2p5,20,10,2.5,vinf_alpha_force_balance_v1,front_rear_free_flap_elevator,guide_V10_T20_Fm200_Rm300,,NaN,1,1,exact_trim,9.13689920384306e-08,2.00580316800369e-07,w_dot,2.00580316800369e-07,1891.76695275886,1698.07938908197,8.12392597170173,0,-24.9999999999994,0,10.5731890224501,9.99048221582108,0.436193873656102,2.50000000001507,8.07318902243501,Operating point specifications were successfully met.,NaN,NaN,1,0,,
newmap_path_corridor_overnight_direct_db,direct_vinf_alpha_force_balance_v1,newmap_path_corridor_overnight,MidbandGuide_Tilt10_V10_A5,tilt_10_v_10_a_5,10,10,5,vinf_alpha_force_balance_v1,front_rear_free_flap_elevator,guide_V10_T10_Fm200_Rm300,,NaN,1,1,exact_trim,2.84783990935319e-06,5.36201986319321e-06,q_dot,5.36201986319321e-06,1846.33399998125,1731.45192792452,25.0000000000002,0,-19.7531354182247,0,4.32658310635109,9.96194698091745,0.871557427476581,5,-0.673416893648908,Operating point specifications were successfully met.,NaN,NaN,1,0,,
newmap_path_corridor_overnight_direct_db,direct_vinf_alpha_force_balance_v1,newmap_path_corridor_overnight,MidbandGuide_Tilt20_V10_A5,tilt_20_v_10_a_5,20,10,5,vinf_alpha_force_balance_v1,front_rear_free_flap_elevator,guide_V10_T20_Fm200_Rm300,,NaN,1,1,exact_trim,8.3183850687855e-08,1.55892703334782e-07,q_dot,1.55892703334782e-07,1893.77922146943,1686.27841856128,4.17627393534813,0,-15.111959456862,0,10.743861356853,9.96194698091746,0.871557427476582,5,5.74386135685302,Operating point specifications were successfully met.,NaN,NaN,1,0,,
newmap_path_corridor_overnight_direct_db,direct_vinf_alpha_force_balance_v1,newmap_path_corridor_overnight,MidbandGuide_Tilt10_V10_A7p5,tilt_10_v_10_a_7p5,10,10,7.5,vinf_alpha_force_balance_v1,front_rear_free_flap_elevator,guide_V10_T10_Fm200_Rm300,,NaN,1,1,exact_trim,7.18653268969488e-06,1.35691391614907e-05,q_dot,1.35691391614907e-05,1874.16899870169,1711.21392567381,-13.0691077200072,0,0.871682235730622,0,5.3515156320601,9.9144486137381,1.30526192220052,7.5,-2.1484843679399,Operating point specifications were successfully met.,NaN,NaN,1,0,,
newmap_path_corridor_overnight_direct_db,direct_vinf_alpha_force_balance_v1,newmap_path_corridor_overnight,MidbandGuide_Tilt20_V10_A7p5,tilt_20_v_10_a_7p5,20,10,7.5,vinf_alpha_force_balance_v1,front_rear_free_flap_elevator,guide_V10_T20_Fm200_Rm300,,NaN,1,1,exact_trim,3.60374854317229e-07,6.78074131491175e-07,q_dot,6.78074131491175e-07,1892.48158705932,1657.21209987804,6.97545731285489,0,25,0,10.6377192263384,9.9144486137381,1.30526192220052,7.50000000000001,3.13771922633838,Operating point specifications were successfully met.,NaN,NaN,1,0,,
newmap_path_corridor_overnight_direct_db,direct_vinf_alpha_force_balance_v1,newmap_path_corridor_overnight,MidbandGuide_Tilt10_V10_A10,tilt_10_v_10_a_10,10,10,10,vinf_alpha_force_balance_v1,front_rear_free_flap_elevator,guide_V10_T10_Fm200_Rm300,,NaN,1,1,exact_trim,5.20310966356056e-13,9.57908016192915e-13,q_dot,9.57908016192915e-13,1861.4662105718,1704.44702100331,-8.85154987504582,0,-13.3664677124941,0,5.41589448566705,9.84807753012208,1.7364817766693,10,-4.58410551433295,Operating point specifications were successfully met.,NaN,NaN,1,0,,
newmap_path_corridor_overnight_direct_db,direct_vinf_alpha_force_balance_v1,newmap_path_corridor_overnight,MidbandGuide_Tilt20_V10_A10,tilt_20_v_10_a_10,20,10,10,vinf_alpha_force_balance_v1,front_rear_free_flap_elevator,guide_V10_T20_Fm200_R0,,NaN,1,1,exact_trim,9.57116873697206e-08,1.70896918862406e-07,q_dot,1.70896918862406e-07,1904.41445982502,1662.96867381185,-7.87543788195629,0,4.49956947532687,0,11.0914220405079,9.84807753012208,1.7364817766693,10,1.09142204050787,Operating point specifications were successfully met.,NaN,NaN,1,0,,
newmap_path_corridor_overnight_direct_db,direct_vinf_alpha_force_balance_v1,newmap_path_corridor_overnight,MidbandGuide_Tilt10_V10_A12p5,tilt_10_v_10_a_12p5,10,10,12.5,vinf_alpha_force_balance_v1,front_rear_free_flap_elevator,guide_V10_T10_Fm200_R0,,NaN,1,1,exact_trim,3.1760960048525e-08,5.74252325691305e-08,w_dot,5.74252325691305e-08,1878.07851012851,1710.23451022865,-24.9999999959269,0,20.0801946259185,0,5.18079499150135,9.76296007119101,2.16439613938381,12.5000000000259,-7.31920500852455,Operating point specifications were successfully met.,NaN,NaN,1,0,,
newmap_path_corridor_overnight_direct_db,direct_vinf_alpha_force_balance_v1,newmap_path_corridor_overnight,MidbandGuide_Tilt20_V10_A12p5,tilt_20_v_10_a_12p5,20,10,12.5,vinf_alpha_force_balance_v1,front_rear_free_flap_elevator,guide_V10_T20_Fm200_R0,,NaN,1,1,exact_trim,1.33827863166381e-06,2.51498796788794e-06,q_dot,2.51498796788794e-06,1896.75847249106,1662.58381289918,-7.00361330976668,0,-9.83413157673131,0,11.1384670526519,9.76296007119933,2.16439613938103,12.5,-1.36153294734807,Operating point specifications were successfully met.,NaN,NaN,1,0,,
newmap_path_corridor_overnight_direct_db,direct_vinf_alpha_force_balance_v1,newmap_path_corridor_overnight,MidbandGuide_Tilt10_V10_A15,tilt_10_v_10_a_15,10,10,15,vinf_alpha_force_balance_v1,front_rear_free_flap_elevator,guide_V10_T10_Fm200_Rm300,,NaN,1,1,exact_trim,1.56087419272731e-06,2.85878943793249e-06,q_dot,2.85878943793249e-06,1871.17715679898,1712.42415693032,-24.3236738225415,0,-17.3232561269779,0,5.43075756414019,9.65925826289068,2.58819045102518,14.9999999999999,-9.56924243585967,Operating point specifications were successfully met.,NaN,NaN,1,0,,
newmap_path_corridor_overnight_direct_db,direct_vinf_alpha_force_balance_v1,newmap_path_corridor_overnight,MidbandGuide_Tilt20_V10_A15,tilt_20_v_10_a_15,20,10,15,vinf_alpha_force_balance_v1,front_rear_free_flap_elevator,guide_V10_T20_Fm200_R300,,NaN,1,1,exact_trim,7.641404807794e-08,1.27987612359224e-07,q_dot,1.27987612359224e-07,1886.64413311765,1677.2228895732,24.4838761400856,0,6.43359105298872,0,9.68391682863244,9.65925826289069,2.5881904510252,14.9999999999999,-5.3160831713675,Operating point specifications were successfully met.,NaN,NaN,1,0,,
newmap_path_corridor_overnight_direct_db,direct_vinf_alpha_force_balance_v1,newmap_path_corridor_overnight,MidbandGuide_Tilt5_V10_A0,tilt_5_v_10_a_0,5,10,0,vinf_alpha_force_balance_v1,front_rear_free_flap_elevator,guide_V10_T5_Fm200_Rm300,,NaN,1,1,exact_trim,4.72476375463894e-09,8.82183871399458e-09,q_dot,8.82183871399458e-09,1832.92006265288,1714.24172461979,22.8489636791356,0,-8.09219000690541,0,2.09376998132859,10,-9.22567929988944e-18,-5.28592487024873e-17,2.09376998132859,Operating point specifications were successfully met.,NaN,NaN,1,0,,
newmap_path_corridor_overnight_direct_db,direct_vinf_alpha_force_balance_v1,newmap_path_corridor_overnight,MidbandGuide_Tilt5_V10_A2p5,tilt_5_v_10_a_2p5,5,10,2.5,vinf_alpha_force_balance_v1,front_rear_free_flap_elevator,guide_V10_T5_Fm200_R0,,NaN,1,1,exact_trim,2.34727732694684e-07,4.3909838301983e-07,q_dot,4.3909838301983e-07,1875.26449243685,1737.35371794787,-13.2235043382258,0,21.5705461915926,0,2.44529548183887,9.99048221581858,0.43619387365336,2.5,-0.0547045181611296,Operating point specifications were successfully met.,NaN,NaN,1,0,,
newmap_path_corridor_overnight_direct_db,direct_vinf_alpha_force_balance_v1,newmap_path_corridor_overnight,MidbandGuide_Tilt5_V10_A5,tilt_5_v_10_a_5,5,10,5,vinf_alpha_force_balance_v1,front_rear_free_flap_elevator,guide_V10_T5_Fm200_R0,,NaN,1,1,exact_trim,2.89182725054686e-07,5.35730310574434e-07,q_dot,5.35730310574434e-07,1837.58057707661,1700.32597518227,9.26192875858661,0,-5.30550177895018,0,2.53384629011888,9.96194698091747,0.871557427476621,5.00000000000021,-2.46615370988134,Operating point specifications were successfully met.,NaN,NaN,1,0,,
newmap_path_corridor_overnight_direct_db,direct_vinf_alpha_force_balance_v1,newmap_path_corridor_overnight,MidbandGuide_Tilt5_V10_A7p5,tilt_5_v_10_a_7p5,5,10,7.5,vinf_alpha_force_balance_v1,front_rear_free_flap_elevator,guide_V10_T5_Fm200_R0,,NaN,1,1,exact_trim,5.60672944863129e-11,1.04006757999904e-10,q_dot,1.04006757999904e-10,1844.7485320224,1695.02347737618,0.38223723791426,0,1.33224315388979,0,2.70747535613373,9.9144486137381,1.30526192220052,7.5,-4.79252464386627,Operating point specifications were successfully met.,NaN,NaN,1,0,,
newmap_path_corridor_overnight_direct_db,direct_vinf_alpha_force_balance_v1,newmap_path_corridor_overnight,MidbandGuide_Tilt5_V10_A10,tilt_5_v_10_a_10,5,10,10,vinf_alpha_force_balance_v1,front_rear_free_flap_elevator,guide_V10_T5_Fm200_Rm300,,NaN,1,1,exact_trim,6.76466636404768e-07,1.11898434445967e-06,q_dot,1.11898434445967e-06,1838.39278059616,1709.30791673688,-1.12123279319504,0,-21.233328615963,0,2.73873121326462,9.84807753012208,1.73648177666931,10,-7.26126878673541,Operating point specifications were successfully met.,NaN,NaN,1,0,,
newmap_path_corridor_overnight_direct_db,direct_vinf_alpha_force_balance_v1,newmap_path_corridor_overnight,MidbandGuide_Tilt5_V10_A12p5,tilt_5_v_10_a_12p5,5,10,12.5,vinf_alpha_force_balance_v1,front_rear_free_flap_elevator,guide_V10_T5_Fm200_Rm300,,NaN,1,1,exact_trim,7.01244627434774e-06,1.31818417618441e-05,q_dot,1.31818417618441e-05,1842.22445933498,1685.76940364567,-3.50933009431904,0,10.0522259046537,0,2.81553469655278,9.76296007119929,2.16439613938099,12.4999999999998,-9.68446530344706,Operating point specifications were successfully met.,NaN,NaN,1,0,,
newmap_path_corridor_overnight_direct_db,direct_vinf_alpha_force_balance_v1,newmap_path_corridor_overnight,MidbandGuide_Tilt5_V10_A15,tilt_5_v_10_a_15,5,10,15,vinf_alpha_force_balance_v1,front_rear_free_flap_elevator,guide_V10_T5_Fm200_R0,,NaN,1,1,exact_trim,6.9248292254777e-13,1.51345602716901e-12,w_dot,1.51345602716901e-12,1862.26322709851,1707.19257639089,-24.4398846392319,0,-1.6871921393008,0,2.80255623663938,9.65925826289068,2.58819045102521,15,-12.1974437633606,Operating point specifications were successfully met.,NaN,NaN,1,0,,
newmap_path_corridor_overnight_direct_db,direct_vinf_alpha_force_balance_v1,newmap_path_corridor_overnight,MidbandGuide_Tilt25_V15_A0,tilt_25_v_15_a_0,25,15,0,vinf_alpha_force_balance_v1,front_rear_free_flap_elevator,guide_V15_T25_Fm200_Rm300,,NaN,1,1,exact_trim,1.88943085713521e-07,3.55680811709742e-07,q_dot,3.55680811709742e-07,1973.69433450615,1776.76050593606,-15.9586372344072,0,-21.0465692934276,0,14.1246122944785,15,4.99684011970773e-18,1.90865233173932e-17,14.1246122944785,Operating point specifications were successfully met.,NaN,NaN,1,0,,
newmap_path_corridor_overnight_direct_db,direct_vinf_alpha_force_balance_v1,newmap_path_corridor_overnight,MidbandGuide_Tilt25_V15_A2p5,tilt_25_v_15_a_2p5,25,15,2.5,vinf_alpha_force_balance_v1,front_rear_free_flap_elevator,guide_V15_T25_Fm200_R0,,NaN,1,1,exact_trim,5.0843848794666e-07,9.60779688434683e-07,q_dot,9.60779688434683e-07,1871.34997176321,1598.6726881892,17.8811557647375,0,-3.31807774306725,0,12.3801583791052,14.9857233237279,0.65429081048004,2.5,9.88015837910523,Operating point specifications were successfully met.,NaN,NaN,1,0,,
newmap_path_corridor_overnight_direct_db,direct_vinf_alpha_force_balance_v1,newmap_path_corridor_overnight,MidbandGuide_Tilt25_V15_A5,tilt_25_v_15_a_5,25,15,5,vinf_alpha_force_balance_v1,front_rear_free_flap_elevator,guide_V15_T25_Fm200_Rm300,,NaN,1,1,exact_trim,1.75732435365985e-10,3.52272877535142e-10,w_dot,3.52272877535142e-10,1954.54866137533,1660.87078068911,-15.4584331703576,0,4.03812822640035,0,14.030679580554,14.9429204713762,1.30733614121487,5,9.03067958055404,Operating point specifications were successfully met.,NaN,NaN,1,0,,
newmap_path_corridor_overnight_direct_db,direct_vinf_alpha_force_balance_v1,newmap_path_corridor_overnight,MidbandGuide_Tilt25_V15_A7p5,tilt_25_v_15_a_7p5,25,15,7.5,vinf_alpha_force_balance_v1,front_rear_free_flap_elevator,guide_V15_T25_F0_Rm300,,NaN,1,1,exact_trim,4.00689964709628e-13,7.67386154620908e-13,w_dot,7.67386154620908e-13,1903.66969776619,1652.41322752163,-7.51140857313529,0,-17.3489843755568,0,13.5736645840143,14.8716729206072,1.95789288330077,7.5,6.07366458401428,Operating point specifications were successfully met.,NaN,NaN,1,0,,
newmap_path_corridor_overnight_direct_db,direct_vinf_alpha_force_balance_v1,newmap_path_corridor_overnight,MidbandGuide_Tilt25_V15_A10,tilt_25_v_15_a_10,25,15,10,vinf_alpha_force_balance_v1,front_rear_free_flap_elevator,guide_V15_T25_Fm200_R0,,NaN,1,1,exact_trim,1.31998534599582e-07,2.7664955837281e-07,w_dot,2.7664955837281e-07,1908.76166330135,1604.98349323707,-10.6233983121885,0,-4.64049039475372,0,13.9337684189354,14.7721162951831,2.60472266500397,10.0000000000001,3.93376841893535,Operating point specifications were successfully met.,NaN,NaN,1,0,,
newmap_path_corridor_overnight_direct_db,direct_vinf_alpha_force_balance_v1,newmap_path_corridor_overnight,MidbandGuide_Tilt25_V15_A12p5,tilt_25_v_15_a_12p5,25,15,12.5,vinf_alpha_force_balance_v1,front_rear_free_flap_elevator,guide_V15_T25_Fm200_R0,,NaN,1,1,exact_trim,1.0379962747084e-06,1.66113793273495e-06,q_dot,1.66113793273495e-06,1875.57267097122,1607.14771378372,-5.30443185795972,0,-24.7744393596084,0,13.6883822361766,14.6444401067993,3.2465942090713,12.4999999999988,1.18838223617776,Operating point specifications were successfully met.,NaN,NaN,1,0,,
newmap_path_corridor_overnight_direct_db,direct_vinf_alpha_force_balance_v1,newmap_path_corridor_overnight,MidbandGuide_Tilt25_V15_A15,tilt_25_v_15_a_15,25,15,15,vinf_alpha_force_balance_v1,front_rear_free_flap_elevator,guide_V15_T25_Fm200_Rm300,,NaN,1,1,exact_trim,8.51849728952592e-11,1.55415407058868e-10,q_dot,1.55415407058868e-10,1892.76747555587,1542.45558529893,-10.9972943221598,0,-0.325961292672829,0,14.4020319870169,14.488887394336,3.88228567653781,15,-0.597968012983154,Operating point specifications were successfully met.,NaN,NaN,1,0,,
newmap_path_corridor_overnight_direct_db,direct_vinf_alpha_force_balance_v1,newmap_path_corridor_overnight,MidbandGuide_Tilt20_V15_A0,tilt_20_v_15_a_0,20,15,0,vinf_alpha_force_balance_v1,front_rear_free_flap_elevator,guide_V15_T20_Fm200_R0,,NaN,1,1,exact_trim,2.02942936758391e-06,3.80927875424953e-06,q_dot,3.80927875424953e-06,1855.97793443038,1674.5900758667,9.80914640152553,0,-12.9641158059199,0,9.90716116245006,15,5.06697861371683e-13,1.93544326299349e-12,9.90716116244812,Operating point specifications were successfully met.,NaN,NaN,1,0,,
newmap_path_corridor_overnight_direct_db,direct_vinf_alpha_force_balance_v1,newmap_path_corridor_overnight,MidbandGuide_Tilt20_V15_A2p5,tilt_20_v_15_a_2p5,20,15,2.5,vinf_alpha_force_balance_v1,front_rear_free_flap_elevator,guide_V15_T20_Fm200_R0,,NaN,1,1,exact_trim,1.33134765067701e-06,2.18597816931764e-06,q_dot,2.18597816931764e-06,1862.54335187681,1685.85427738921,3.10968708013881,0,-19.4015441525827,0,10.182472161255,14.9857233237279,0.65429081048004,2.5,7.68247216125503,Operating point specifications were successfully met.,NaN,NaN,1,0,,
newmap_path_corridor_overnight_direct_db,direct_vinf_alpha_force_balance_v1,newmap_path_corridor_overnight,MidbandGuide_Tilt20_V15_A5,tilt_20_v_15_a_5,20,15,5,vinf_alpha_force_balance_v1,front_rear_free_flap_elevator,guide_V15_T20_Fm200_R0,,NaN,1,1,exact_trim,3.21101016154387e-09,5.95332527153845e-09,q_dot,5.95332527153845e-09,1853.8469096726,1569.73299960313,8.97719130802271,0,11.7801278561939,0,10.217011758651,14.9429204713762,1.30733614121487,5,5.21701175865096,Operating point specifications were successfully met.,NaN,NaN,1,0,,
newmap_path_corridor_overnight_direct_db,direct_vinf_alpha_force_balance_v1,newmap_path_corridor_overnight,MidbandGuide_Tilt30_V15_A0,tilt_30_v_15_a_0,30,15,0,vinf_alpha_force_balance_v1,front_rear_free_flap_elevator,guide_V15_T30_Fm200_R300,,NaN,1,1,exact_trim,5.27785780438604e-08,9.88190699988626e-08,q_dot,9.88190699988626e-08,1910.05547290561,1643.80935782815,12.8266924049905,0,-23.6422820760136,0,15.4648591892242,15,-6.89441308813209e-18,-2.63347181446483e-17,15.4648591892242,Operating point specifications were successfully met.,NaN,NaN,1,0,,
newmap_path_corridor_overnight_direct_db,direct_vinf_alpha_force_balance_v1,newmap_path_corridor_overnight,MidbandGuide_Tilt20_V15_A7p5,tilt_20_v_15_a_7p5,20,15,7.5,vinf_alpha_force_balance_v1,front_rear_free_flap_elevator,guide_V15_T20_Fm200_Rm300,,NaN,1,1,exact_trim,3.51534598302576e-12,6.64126586478498e-12,q_dot,6.64126586478498e-12,1851.34231267785,1655.7194936044,17.7810206470856,0,-9.87576114896651,0,8.92492951864477,14.8716729206072,1.95789288330077,7.5,1.42492951864477,Operating point specifications were successfully met.,NaN,NaN,1,0,,
newmap_path_corridor_overnight_direct_db,direct_vinf_alpha_force_balance_v1,newmap_path_corridor_overnight,MidbandGuide_Tilt30_V15_A2p5,tilt_30_v_15_a_2p5,30,15,2.5,vinf_alpha_force_balance_v1,front_rear_free_flap_elevator,guide_V15_T30_Fm200_Rm300,,NaN,1,1,exact_trim,4.5149384249687e-11,8.40588404195302e-11,q_dot,8.40588404195302e-11,1897.38146219542,1616.99695709313,15.8244493139418,0,-19.2484824073144,0,15.3495805962285,14.9857233237279,0.65429081048004,2.5,12.8495805962285,Operating point specifications were successfully met.,NaN,NaN,1,0,,
newmap_path_corridor_overnight_direct_db,direct_vinf_alpha_force_balance_v1,newmap_path_corridor_overnight,MidbandGuide_Tilt20_V15_A10,tilt_20_v_15_a_10,20,15,10,vinf_alpha_force_balance_v1,front_rear_free_flap_elevator,guide_V15_T20_Fm200_Rm300,,NaN,1,1,exact_trim,8.11193709124185e-13,1.48670999539581e-12,q_dot,1.48670999539581e-12,1855.65500227251,1609.62784209159,-3.3163057678425,0,-13.0320972774816,0,10.8046785716599,14.7721162951831,2.60472266500396,10,0.804678571659919,Operating point specifications were successfully met.,NaN,NaN,1,0,,
newmap_path_corridor_overnight_direct_db,direct_vinf_alpha_force_balance_v1,newmap_path_corridor_overnight,MidbandGuide_Tilt30_V15_A5,tilt_30_v_15_a_5,30,15,5,vinf_alpha_force_balance_v1,front_rear_free_flap_elevator,guide_V15_T30_Fm200_R0,,NaN,1,1,exact_trim,4.51297570621992e-06,8.40552333100781e-06,q_dot,8.40552333100781e-06,1914.38589734528,1626.25188654943,3.53066203306299,0,-20.5626598131709,0,16.1143379774215,14.9429204713762,1.30733614121486,4.99999999999994,11.1143379774216,Operating point specifications were successfully met.,NaN,NaN,1,0,,
newmap_path_corridor_overnight_direct_db,direct_vinf_alpha_force_balance_v1,newmap_path_corridor_overnight,MidbandGuide_Tilt20_V15_A12p5,tilt_20_v_15_a_12p5,20,15,12.5,vinf_alpha_force_balance_v1,front_rear_free_flap_elevator,guide_V15_T20_Fm200_Rm300,,NaN,1,1,exact_trim,9.50348690941615e-08,1.59893239981557e-07,w_dot,1.59893239981557e-07,1870.38270355981,1599.45969975214,-11.1584440143393,0,-6.77333637552634,0,11.1617324180937,14.644440106799,3.24659420907154,12.5,-1.33826758190633,Operating point specifications were successfully met.,NaN,NaN,1,0,,
newmap_path_corridor_overnight_direct_db,direct_vinf_alpha_force_balance_v1,newmap_path_corridor_overnight,MidbandGuide_Tilt30_V15_A7p5,tilt_30_v_15_a_7p5,30,15,7.5,vinf_alpha_force_balance_v1,front_rear_free_flap_elevator,guide_V15_T30_Fm200_Rm300,,NaN,1,1,exact_trim,2.14066041805557e-10,4.0397025498813e-10,q_dot,4.0397025498813e-10,1939.07687644786,1655.99625687835,-8.90247199565622,0,-24.9998933506062,0,16.6142668590724,14.8716729206072,1.95789288330077,7.49999999999999,9.11426685907237,Operating point specifications were successfully met.,NaN,NaN,1,0,,
newmap_path_corridor_overnight_direct_db,direct_vinf_alpha_force_balance_v1,newmap_path_corridor_overnight,MidbandGuide_Tilt20_V15_A15,tilt_20_v_15_a_15,20,15,15,vinf_alpha_force_balance_v1,front_rear_free_flap_elevator,guide_V15_T20_Fm200_R0,,NaN,1,1,exact_trim,3.15204033878773e-13,6.25277607468888e-13,w_dot,6.25277607468888e-13,1864.23611859831,1577.5423760028,-12.1496493186961,0,-7.79319227600241,0,11.4302909621375,14.488887394336,3.88228567653781,15,-3.56970903786251,Operating point specifications were successfully met.,NaN,NaN,1,0,,
newmap_path_corridor_overnight_direct_db,direct_vinf_alpha_force_balance_v1,newmap_path_corridor_overnight,MidbandGuide_Tilt30_V15_A10,tilt_30_v_15_a_10,30,15,10,vinf_alpha_force_balance_v1,front_rear_free_flap_elevator,guide_V15_T30_Fm200_R0,,NaN,1,1,exact_trim,4.46075989115118e-09,9.27548882145857e-09,w_dot,9.27548882145857e-09,1916.33993812622,1550.04821537964,-0.713864229531961,0,-5.69607498375308,0,16.7814356432247,14.7721162951831,2.60472266500396,10,6.78143564322466,Operating point specifications were successfully met.,NaN,NaN,1,0,,
newmap_path_corridor_overnight_direct_db,direct_vinf_alpha_force_balance_v1,newmap_path_corridor_overnight,MidbandGuide_Tilt30_V15_A12p5,tilt_30_v_15_a_12p5,30,15,12.5,vinf_alpha_force_balance_v1,front_rear_free_flap_elevator,guide_V15_T30_Fm200_R0,,NaN,1,1,exact_trim,3.04827439716561e-08,4.70359294426813e-08,q_dot,4.70359294426813e-08,1906.50748714475,1582.46869280863,-2.54725283637717,0,-24.2703385530282,0,16.6670772830011,14.644440106799,3.24659420907157,12.5000000000001,4.16707728300102,Operating point specifications were successfully met.,NaN,NaN,1,0,,
newmap_path_corridor_overnight_direct_db,direct_vinf_alpha_force_balance_v1,newmap_path_corridor_overnight,MidbandGuide_Tilt30_V15_A15,tilt_30_v_15_a_15,30,15,15,vinf_alpha_force_balance_v1,front_rear_free_flap_elevator,guide_V15_T30_F0_R0,,NaN,1,1,exact_trim,2.88510924320137e-08,4.61815751881795e-08,q_dot,4.61815751881795e-08,1931.57660732354,1545.75932553936,-1.80791341230357,0,-1.2791359642015,0,16.6542491741705,14.488887394336,3.88228567653781,15,1.65424917417046,Operating point specifications were successfully met.,NaN,NaN,1,0,,
newmap_path_corridor_overnight_direct_db,direct_vinf_alpha_force_balance_v1,newmap_path_corridor_overnight,MidbandGuide_Tilt15_V15_A0,tilt_15_v_15_a_0,15,15,0,vinf_alpha_force_balance_v1,front_rear_free_flap_elevator,guide_V15_T15_Fm200_Rm300,,NaN,1,1,exact_trim,1.07918214937084e-06,2.03515651880522e-06,q_dot,2.03515651880522e-06,1816.24018822938,1688.35079097675,24.9999999999995,0,-16.099894591888,0,5.95361958797146,15.0000000000001,4.00224393962785e-14,1.52874457548324e-13,5.95361958797131,Operating point specifications were successfully met.,NaN,NaN,1,0,,
newmap_path_corridor_overnight_direct_db,direct_vinf_alpha_force_balance_v1,newmap_path_corridor_overnight,MidbandGuide_Tilt15_V15_A2p5,tilt_15_v_15_a_2p5,15,15,2.5,vinf_alpha_force_balance_v1,front_rear_free_flap_elevator,guide_V15_T15_F0_Rm300,,NaN,1,1,exact_trim,1.61615588882775e-10,3.0340920927669e-10,q_dot,3.0340920927669e-10,1900.93163394161,1752.64957904721,-13.6409097702897,0,-12.8143175273505,0,7.9135048216469,14.9857233237279,0.65429081048004,2.5,5.4135048216469,Operating point specifications were successfully met.,NaN,NaN,1,0,,
newmap_path_corridor_overnight_direct_db,direct_vinf_alpha_force_balance_v1,newmap_path_corridor_overnight,MidbandGuide_Tilt15_V15_A5,tilt_15_v_15_a_5,15,15,5,vinf_alpha_force_balance_v1,front_rear_free_flap_elevator,guide_V15_T15_Fm200_R0,,NaN,1,1,exact_trim,7.77223528050337e-10,1.17441636155455e-09,q_dot,1.17441636155455e-09,1823.10785637375,1620.87008435283,8.60572598544487,0,-6.1807357754858,0,7.46056920465094,14.9429204713762,1.30733614121487,5,2.46056920465094,Operating point specifications were successfully met.,NaN,NaN,1,0,,
newmap_path_corridor_overnight_direct_db,direct_vinf_alpha_force_balance_v1,newmap_path_corridor_overnight,MidbandGuide_Tilt15_V15_A7p5,tilt_15_v_15_a_7p5,15,15,7.5,vinf_alpha_force_balance_v1,front_rear_free_flap_elevator,guide_V15_T15_Fm200_R0,,NaN,1,1,exact_trim,4.1472776225047e-08,7.80882112403074e-08,q_dot,7.80882112403074e-08,1830.4451454973,1606.43427366932,2.75575881164165,0,-3.11761423526917,0,7.84615642115566,14.8716729206072,1.95789288330077,7.5,0.346156421155664,Operating point specifications were successfully met.,NaN,NaN,1,0,,
newmap_path_corridor_overnight_direct_db,direct_vinf_alpha_force_balance_v1,newmap_path_corridor_overnight,MidbandGuide_Tilt15_V15_A10,tilt_15_v_15_a_10,15,15,10,vinf_alpha_force_balance_v1,front_rear_free_flap_elevator,guide_V15_T15_Fm200_Rm300,,NaN,1,1,exact_trim,7.98290054168528e-11,1.4791478054934e-10,q_dot,1.4791478054934e-10,1830.12018846627,1633.38872441443,6.63150430246479,0,-14.100842068499,0,7.3201897086957,14.7721162951831,2.60472266500396,10,-2.6798102913043,Operating point specifications were successfully met.,NaN,NaN,1,0,,
newmap_path_corridor_overnight_direct_db,direct_vinf_alpha_force_balance_v1,newmap_path_corridor_overnight,MidbandGuide_Tilt15_V15_A12p5,tilt_15_v_15_a_12p5,15,15,12.5,vinf_alpha_force_balance_v1,front_rear_free_flap_elevator,guide_V15_T15_Fm200_Rm300,,NaN,1,1,exact_trim,3.07378309559487e-13,6.46593889541691e-13,w_dot,6.46593889541691e-13,1831.80215925916,1581.54748004814,-3.20850593636929,0,9.60534539988834,0,8.13557696830548,14.644440106799,3.24659420907154,12.5,-4.36442303169452,Operating point specifications were successfully met.,NaN,NaN,1,0,,
newmap_path_corridor_overnight_direct_db,direct_vinf_alpha_force_balance_v1,newmap_path_corridor_overnight,MidbandGuide_Tilt15_V15_A15,tilt_15_v_15_a_15,15,15,15,vinf_alpha_force_balance_v1,front_rear_free_flap_elevator,guide_V15_T15_Fm200_R300,,NaN,1,1,exact_trim,7.88626075119837e-07,1.21322497341406e-06,q_dot,1.21322497341406e-06,1830.14692614132,1617.19015534873,-3.36451482090356,0,-20.894549572269,0,8.09231492153206,14.4888873943361,3.88228567653754,14.9999999999989,-6.90768507846683,Operating point specifications were successfully met.,NaN,NaN,1,0,,
newmap_path_corridor_overnight_direct_db,direct_vinf_alpha_force_balance_v1,newmap_path_corridor_overnight,MidbandGuide_Tilt35_V20_A0,tilt_35_v_20_a_0,35,20,0,vinf_alpha_force_balance_v1,front_rear_free_flap_elevator,guide_V20_T35_Fm200_R0,,NaN,0,1,quasi_trim_usable,0.0918174458108984,0.167468028088926,w_dot,0.167468028088926,1854.56901573559,1556.69391161704,22.0396255012137,0,-17.2699520596732,0,15.9331273244547,19.9959564861029,-0.00380085214201781,-0.0108908410467617,15.9440181655015,Could not find a solution that satisfies all constraints.  Relax the constraints to find a feasible solution.,NaN,NaN,1,0,,
newmap_path_corridor_overnight_direct_db,direct_vinf_alpha_force_balance_v1,newmap_path_corridor_overnight,MidbandGuide_Tilt35_V20_A2p5,tilt_35_v_20_a_2p5,35,20,2.5,vinf_alpha_force_balance_v1,front_rear_free_flap_elevator,guide_V20_T35_Fm200_R0,,NaN,1,1,exact_trim,3.37597953453715e-08,5.88946735586693e-08,q_dot,5.88946735586693e-08,1980.48536498905,1589.83119207278,-5.9188351191393,0,-5.07615098566497,0,19.7869980946469,19.9809644316372,0.87238774730672,2.5,17.2869980946469,Operating point specifications were successfully met.,NaN,NaN,1,0,,
newmap_path_corridor_overnight_direct_db,direct_vinf_alpha_force_balance_v1,newmap_path_corridor_overnight,MidbandGuide_Tilt35_V20_A5,tilt_35_v_20_a_5,35,20,5,vinf_alpha_force_balance_v1,front_rear_free_flap_elevator,guide_V20_T35_Fm200_Rm300,,NaN,1,1,exact_trim,1.13956319419489e-09,2.08967105389933e-09,q_dot,2.08967105389933e-09,1891.45528343996,1424.61138751324,13.9841688248717,0,24.9998382813712,0,16.7649688848798,19.9238939618349,1.74311485495321,5.00000000000013,11.7649688848797,Operating point specifications were successfully met.,NaN,NaN,1,0,,
newmap_path_corridor_overnight_direct_db,direct_vinf_alpha_force_balance_v1,newmap_path_corridor_overnight,MidbandGuide_Tilt35_V20_A7p5,tilt_35_v_20_a_7p5,35,20,7.5,vinf_alpha_force_balance_v1,front_rear_free_flap_elevator,guide_V20_T35_F0_Rm300,,NaN,1,1,exact_trim,1.40233143186563e-11,2.53144996125801e-11,q_dot,2.53144996125801e-11,1895.14155344431,1562.54873857147,12.1178963148706,0,-19.7828792941209,0,16.7291056539522,19.8288972274762,2.61052384440103,7.5,9.22910565395218,Operating point specifications were successfully met.,NaN,NaN,1,0,,
newmap_path_corridor_overnight_direct_db,direct_vinf_alpha_force_balance_v1,newmap_path_corridor_overnight,MidbandGuide_Tilt35_V20_A10,tilt_35_v_20_a_10,35,20,10,vinf_alpha_force_balance_v1,front_rear_free_flap_elevator,guide_V20_T35_Fm200_R300,,NaN,1,1,exact_trim,3.61142624695576e-07,5.75195325111758e-07,q_dot,5.75195325111758e-07,1914.92291292863,1429.97936104284,-4.71082673447426,0,-3.72852195078489,0,19.6117889860028,19.6961550602713,3.47296355333921,9.9999999999882,9.61178898601462,Operating point specifications were successfully met.,NaN,NaN,1,0,,
newmap_path_corridor_overnight_direct_db,direct_vinf_alpha_force_balance_v1,newmap_path_corridor_overnight,MidbandGuide_Tilt35_V20_A12p5,tilt_35_v_20_a_12p5,35,20,12.5,vinf_alpha_force_balance_v1,front_rear_free_flap_elevator,guide_V20_T35_F0_Rm300,,NaN,0,1,quasi_trim_usable,0.322474652214743,0.612591196835274,q_dot,0.612591196835274,1927.76418743552,1380.20190951796,-9.62101255758932,0,3.46275851162623,0,20.372409124846,19.5259201423985,4.32879227876185,12.4999999999995,7.87240912484646,Could not find a solution that satisfies all constraints.  Relax the constraints to find a feasible solution.,NaN,NaN,1,0,,
newmap_path_corridor_overnight_direct_db,direct_vinf_alpha_force_balance_v1,newmap_path_corridor_overnight,MidbandGuide_Tilt35_V20_A15,tilt_35_v_20_a_15,35,20,15,vinf_alpha_force_balance_v1,front_rear_free_flap_elevator,guide_V20_T35_F0_R0,,NaN,1,1,exact_trim,1.12672825286647e-12,2.12807190935519e-12,q_dot,2.12807190935519e-12,1925.32038337128,1421.40624311299,-1.16131791624492,0,2.44555011699769,0,18.7431455537036,19.3185165257814,5.17638090205042,15,3.74314555370361,Operating point specifications were successfully met.,NaN,NaN,1,0,,
newmap_path_corridor_overnight_direct_db,direct_vinf_alpha_force_balance_v1,newmap_path_corridor_overnight,MidbandGuide_Tilt30_V20_A0,tilt_30_v_20_a_0,30,20,0,vinf_alpha_force_balance_v1,front_rear_free_flap_elevator,guide_V20_T30_F0_Rm300,,NaN,1,1,exact_trim,7.29710544706431e-08,1.37446309670931e-07,q_dot,1.37446309670931e-07,2044.04423896929,1793.04931567945,-19.7747630683663,0,-10.0640267441153,0,17.713983870663,20,-5.64956172087183e-17,-1.61848021352311e-16,17.713983870663,Operating point specifications were successfully met.,NaN,NaN,1,0,,
newmap_path_corridor_overnight_direct_db,direct_vinf_alpha_force_balance_v1,newmap_path_corridor_overnight,MidbandGuide_Tilt40_V20_A0,tilt_40_v_20_a_0,40,20,0,vinf_alpha_force_balance_v1,front_rear_free_flap_elevator,guide_V20_T40_F200_R300,,NaN,1,1,exact_trim,5.49304156012279e-11,1.01074227128269e-10,q_dot,1.01074227128269e-10,2028.68542821359,1502.66506410055,0.667343766542072,0,12.7671284515341,0,23.2242741024051,20,2.23460514856504e-22,6.40167219454905e-22,23.2242741024051,Operating point specifications were successfully met.,NaN,NaN,1,0,,
newmap_path_corridor_overnight_direct_db,direct_vinf_alpha_force_balance_v1,newmap_path_corridor_overnight,MidbandGuide_Tilt30_V20_A2p5,tilt_30_v_20_a_2p5,30,20,2.5,vinf_alpha_force_balance_v1,front_rear_free_flap_elevator,guide_V20_T30_Fm200_R300,,NaN,1,1,exact_trim,1.05484255477044e-12,2.30926389122033e-12,w_dot,2.30926389122033e-12,1867.09895357255,1438.22497398833,10.3285511123997,0,17.8623191204528,0,14.6046005286915,19.9809644316372,0.872387747306721,2.5,12.1046005286915,Operating point specifications were successfully met.,NaN,NaN,1,0,,
newmap_path_corridor_overnight_direct_db,direct_vinf_alpha_force_balance_v1,newmap_path_corridor_overnight,MidbandGuide_Tilt40_V20_A2p5,tilt_40_v_20_a_2p5,40,20,2.5,vinf_alpha_force_balance_v1,front_rear_free_flap_elevator,guide_V20_T40_Fm200_R0,,NaN,1,1,exact_trim,1.14171001099663e-09,2.12548911804333e-09,w_dot,2.12548911804333e-09,1911.74342923507,1531.04548240737,14.3789542368959,0,-24.1267193576935,0,19.9508178083213,19.9809644316372,0.87238774730672,2.5,17.4508178083213,Operating point specifications were successfully met.,NaN,NaN,1,0,,
newmap_path_corridor_overnight_direct_db,direct_vinf_alpha_force_balance_v1,newmap_path_corridor_overnight,MidbandGuide_Tilt30_V20_A5,tilt_30_v_20_a_5,30,20,5,vinf_alpha_force_balance_v1,front_rear_free_flap_elevator,guide_V20_T30_Fm200_R300,,NaN,1,1,exact_trim,3.15554750688574e-10,5.89531050288004e-10,q_dot,5.89531050288004e-10,2014.14874678966,1641.05850093035,-19.039534220112,0,22.489006358248,0,16.7300149584832,19.9238939618349,1.74311485495316,5,11.7300149584832,Operating point specifications were successfully met.,NaN,NaN,1,0,,
newmap_path_corridor_overnight_direct_db,direct_vinf_alpha_force_balance_v1,newmap_path_corridor_overnight,MidbandGuide_Tilt40_V20_A5,tilt_40_v_20_a_5,40,20,5,vinf_alpha_force_balance_v1,front_rear_free_flap_elevator,guide_V20_T40_F200_Rm300,,NaN,1,1,exact_trim,8.51345789057825e-09,1.58188791965606e-08,q_dot,1.58188791965606e-08,1951.82428880179,1562.95319641579,1.03206568616589,0,-24.9999999909132,0,21.6783090025853,19.9238939618349,1.74311485495315,4.99999999999996,16.6783090025853,Operating point specifications were successfully met.,NaN,NaN,1,0,,
newmap_path_corridor_overnight_direct_db,direct_vinf_alpha_force_balance_v1,newmap_path_corridor_overnight,MidbandGuide_Tilt30_V20_A7p5,tilt_30_v_20_a_7p5,30,20,7.5,vinf_alpha_force_balance_v1,front_rear_free_flap_elevator,guide_V20_T30_F0_R0,,NaN,1,1,exact_trim,1.06104450410733e-07,1.92276670483699e-07,q_dot,1.92276670483699e-07,1876.92929752772,1419.97396662446,0.412464092990804,0,8.92938178954885,0,16.0292321975277,19.8288972274758,2.61052384439827,7.4999999999923,8.52923219753541,Operating point specifications were successfully met.,NaN,NaN,1,0,,
newmap_path_corridor_overnight_direct_db,direct_vinf_alpha_force_balance_v1,newmap_path_corridor_overnight,MidbandGuide_Tilt40_V20_A7p5,tilt_40_v_20_a_7p5,40,20,7.5,vinf_alpha_force_balance_v1,front_rear_free_flap_elevator,guide_V20_T40_F0_R300,,NaN,1,1,exact_trim,7.61697872817413e-07,1.66150750402494e-06,w_dot,1.66150750402494e-06,2106.71080420242,1571.40961364193,-23.2145602823115,0,17.2474323199655,0,24.414866805203,19.8288972274762,2.61052384440099,7.4999999999999,16.9148668052031,Operating point specifications were successfully met.,NaN,NaN,1,0,,
newmap_path_corridor_overnight_direct_db,direct_vinf_alpha_force_balance_v1,newmap_path_corridor_overnight,MidbandGuide_Tilt30_V20_A10,tilt_30_v_20_a_10,30,20,10,vinf_alpha_force_balance_v1,front_rear_free_flap_elevator,guide_V20_T30_Fm200_R300,,NaN,1,1,exact_trim,4.90406577489718e-11,8.85860469382664e-11,q_dot,8.85860469382664e-11,1850.44827620125,1524.37408746466,23.5441789616117,0,3.08286759883279,0,11.8478345172178,19.6961550602442,3.47296355333861,10,1.84783451721784,Operating point specifications were successfully met.,NaN,NaN,1,0,,
newmap_path_corridor_overnight_direct_db,direct_vinf_alpha_force_balance_v1,newmap_path_corridor_overnight,MidbandGuide_Tilt40_V20_A10,tilt_40_v_20_a_10,40,20,10,vinf_alpha_force_balance_v1,front_rear_free_flap_elevator,guide_V20_T40_F0_R0,,NaN,1,1,exact_trim,4.20758781081436e-08,7.37929958008156e-08,q_dot,7.37929958008156e-08,1990.59566739392,1402.4014198738,-8.99130795618931,0,3.01058035171813,0,23.6335929129381,19.6961550602441,3.47296355333867,10.0000000000002,13.6335929129379,Operating point specifications were successfully met.,NaN,NaN,1,0,,
newmap_path_corridor_overnight_direct_db,direct_vinf_alpha_force_balance_v1,newmap_path_corridor_overnight,MidbandGuide_Tilt30_V20_A12p5,tilt_30_v_20_a_12p5,30,20,12.5,vinf_alpha_force_balance_v1,front_rear_free_flap_elevator,guide_V20_T30_Fm200_R300,,NaN,1,1,exact_trim,4.20640819091578e-09,6.65229949496094e-09,q_dot,6.65229949496094e-09,1871.29340409876,1509.43925954305,8.50837222884009,0,-4.29253212874758,0,14.1139275863914,19.5259201423987,4.32879227876206,12.5,1.6139275863914,Operating point specifications were successfully met.,NaN,NaN,1,0,,
newmap_path_corridor_overnight_direct_db,direct_vinf_alpha_force_balance_v1,newmap_path_corridor_overnight,MidbandGuide_Tilt40_V20_A12p5,tilt_40_v_20_a_12p5,40,20,12.5,vinf_alpha_force_balance_v1,front_rear_free_flap_elevator,guide_V20_T40_Fm200_R0,,NaN,1,1,exact_trim,8.3522663117072e-09,1.54026775818051e-08,q_dot,1.54026775818051e-08,1946.79197015668,1382.89909547962,-6.06292920179423,0,-9.78073390935378,0,23.2370008951776,19.5259201423988,4.32879227876197,12.4999999999997,10.737000895178,Operating point specifications were successfully met.,NaN,NaN,1,0,,
newmap_path_corridor_overnight_direct_db,direct_vinf_alpha_force_balance_v1,newmap_path_corridor_overnight,MidbandGuide_Tilt30_V20_A15,tilt_30_v_20_a_15,30,20,15,vinf_alpha_force_balance_v1,front_rear_free_flap_elevator,guide_V20_T30_Fm200_Rm300,,NaN,1,1,exact_trim,5.479578529119e-12,1.03022203142014e-11,q_dot,1.03022203142014e-11,1861.08099898298,1401.68806276034,-4.32837576117761,0,24.9637752437867,0,15.8184263286959,19.3185165257814,5.17638090205041,15,0.818426328695903,Operating point specifications were successfully met.,NaN,NaN,1,0,,
newmap_path_corridor_overnight_direct_db,direct_vinf_alpha_force_balance_v1,newmap_path_corridor_overnight,MidbandGuide_Tilt40_V20_A15,tilt_40_v_20_a_15,40,20,15,vinf_alpha_force_balance_v1,front_rear_free_flap_elevator,guide_V20_T40_Fm200_R300,,NaN,1,1,exact_trim,6.29906215051793e-10,1.02683328824151e-09,q_dot,1.02683328824151e-09,1959.72279321259,1455.86907378876,7.01907147893155,0,-4.8674090071452,0,20.8474367333746,19.3185165257814,5.17638090205041,15,5.84743673337458,Operating point specifications were successfully met.,NaN,NaN,1,0,,
newmap_path_corridor_overnight_direct_db,direct_vinf_alpha_force_balance_v1,newmap_path_corridor_overnight,MidbandGuide_Tilt25_V20_A0,tilt_25_v_20_a_0,25,20,0,vinf_alpha_force_balance_v1,front_rear_free_flap_elevator,guide_V20_T25_F200_R0,,NaN,1,1,exact_trim,2.4613519539247e-09,4.5818876756126e-09,q_dot,4.5818876756126e-09,1916.46447589413,1622.19843887208,-3.02534487791332,0,5.71783832129609,0,13.2803587740498,20,-1.88754089885608e-16,-5.40740635813916e-16,13.2803587740498,Operating point specifications were successfully met.,NaN,NaN,1,0,,
newmap_path_corridor_overnight_direct_db,direct_vinf_alpha_force_balance_v1,newmap_path_corridor_overnight,MidbandGuide_Tilt25_V20_A2p5,tilt_25_v_20_a_2p5,25,20,2.5,vinf_alpha_force_balance_v1,front_rear_free_flap_elevator,guide_V20_T25_F200_Rm300,,NaN,1,1,exact_trim,3.48905999663468e-09,6.59285590427359e-09,q_dot,6.59285590427359e-09,1837.42952089096,1544.83270298911,24.8986232433697,0,11.8336399304737,0,9.37501706218473,19.9809644316371,0.872387747306703,2.49999999999996,6.87501706218478,Operating point specifications were successfully met.,NaN,NaN,1,0,,
newmap_path_corridor_overnight_direct_db,direct_vinf_alpha_force_balance_v1,newmap_path_corridor_overnight,MidbandGuide_Tilt25_V20_A5,tilt_25_v_20_a_5,25,20,5,vinf_alpha_force_balance_v1,front_rear_free_flap_elevator,guide_V20_T25_Fm200_R300,,NaN,1,1,exact_trim,9.08238569007048e-07,1.80370700775256e-06,w_dot,1.80370700775256e-06,1859.17267072626,1521.73724389774,-0.135662975643401,0,2.98503261639157,0,12.9085433567642,19.9238939618349,1.74311485495316,5,7.90854335676417,Operating point specifications were successfully met.,NaN,NaN,1,0,,
newmap_path_corridor_overnight_direct_db,direct_vinf_alpha_force_balance_v1,newmap_path_corridor_overnight,MidbandGuide_Tilt25_V20_A7p5,tilt_25_v_20_a_7p5,25,20,7.5,vinf_alpha_force_balance_v1,front_rear_free_flap_elevator,guide_V20_T25_Fm200_R300,,NaN,1,1,exact_trim,5.59341666033389e-06,1.04516997936198e-05,q_dot,1.04516997936198e-05,1880.46647277592,1510.19711177519,-7.14357550973204,0,6.0811973435598,0,13.4984668270936,19.8288972274762,2.61052384440105,7.50000000000005,5.99846682709351,Operating point specifications were successfully met.,NaN,NaN,1,0,,
newmap_path_corridor_overnight_direct_db,direct_vinf_alpha_force_balance_v1,newmap_path_corridor_overnight,MidbandGuide_Tilt25_V20_A10,tilt_25_v_20_a_10,25,20,10,vinf_alpha_force_balance_v1,front_rear_free_flap_elevator,guide_V20_T25_F0_Rm300,,NaN,1,1,exact_trim,4.75968175755014e-13,8.98641764831339e-13,q_dot,8.98641764831339e-13,1927.91828536013,1568.09007515362,-20.4434490281973,0,0.775298419487408,0,13.8885435864304,19.6961550602442,3.47296355333861,10,3.88854358643041,Operating point specifications were successfully met.,NaN,NaN,1,0,,
newmap_path_corridor_overnight_direct_db,direct_vinf_alpha_force_balance_v1,newmap_path_corridor_overnight,MidbandGuide_Tilt25_V20_A12p5,tilt_25_v_20_a_12p5,25,20,12.5,vinf_alpha_force_balance_v1,front_rear_free_flap_elevator,guide_V20_T25_Fm200_Rm300,,NaN,1,1,exact_trim,5.90966912756673e-07,9.27473493561592e-07,w_dot,9.27473493561592e-07,1786.12683419838,1608.2181116956,24.6045213547739,0,-19.9213030043245,0,8.15169732785027,19.5259201424018,4.32879227875691,12.4999999999836,-4.34830267213338,Operating point specifications were successfully met.,NaN,NaN,1,0,,
newmap_path_corridor_overnight_direct_db,direct_vinf_alpha_force_balance_v1,newmap_path_corridor_overnight,MidbandGuide_Tilt25_V20_A15,tilt_25_v_20_a_15,25,20,15,vinf_alpha_force_balance_v1,front_rear_free_flap_elevator,guide_V20_T25_F0_Rm300,,NaN,1,1,exact_trim,1.61035704656434e-06,3.48303387198712e-06,w_dot,3.48303387198712e-06,1887.35955434372,1478.03543109111,-20.1232415063656,0,-0.110778418661843,0,14.4197945330219,19.3185165244326,5.1763809111709,15.000000026238,-0.580205493216189,Operating point specifications were successfully met.,NaN,NaN,1,0,,
newmap_path_corridor_overnight_direct_db,direct_vinf_alpha_force_balance_v1,newmap_path_corridor_overnight,MidbandGuide_Tilt45_V25_A0,tilt_45_v_25_a_0,45,25,0,vinf_alpha_force_balance_v1,front_rear_free_flap_elevator,guide_V25_T45_F200_R300,,NaN,0,0,not_usable,2.0496139561601,4.30448189951344,w_dot,4.30448189951344,2078.5222451642,1639.73966376098,6.95940820603568,0,-24.7420058575158,0,25.4725217081323,25,3.11269176031259e-17,7.13376403164232e-17,25.4725217081323,Could not find a solution that satisfies all constraints.  Relax the constraints to find a feasible solution.,NaN,NaN,1,0,,
newmap_path_corridor_overnight_direct_db,direct_vinf_alpha_force_balance_v1,newmap_path_corridor_overnight,MidbandGuide_Tilt45_V25_A2p5,tilt_45_v_25_a_2p5,45,25,2.5,vinf_alpha_force_balance_v1,front_rear_free_flap_elevator,guide_V25_T45_F200_R300,,NaN,0,1,quasi_trim_usable,0.232967548480206,0.356012689205101,q_dot,0.356012689205101,2026.09682922882,1582.15197450421,-3.78778894974633,0,-16.4337789753931,0,25.578879852115,24.9762055395464,1.0904846841334,2.5,23.078879852115,Could not find a solution that satisfies all constraints.  Relax the constraints to find a feasible solution.,NaN,NaN,1,0,,
newmap_path_corridor_overnight_direct_db,direct_vinf_alpha_force_balance_v1,newmap_path_corridor_overnight,MidbandGuide_Tilt45_V25_A5,tilt_45_v_25_a_5,45,25,5,vinf_alpha_force_balance_v1,front_rear_free_flap_elevator,guide_V25_T45_Fm200_R0,,NaN,0,1,quasi_trim_usable,0.165151277905973,0.292636692062468,q_dot,0.292636692062468,1905.30702776763,1447.55628883137,4.85187550579427,0,-22.3226896425339,0,22.5137293093879,24.9048674522932,2.17889356868756,4.9999999999912,17.5137293093967,Could not find a solution that satisfies all constraints.  Relax the constraints to find a feasible solution.,NaN,NaN,1,0,,
newmap_path_corridor_overnight_direct_db,direct_vinf_alpha_force_balance_v1,newmap_path_corridor_overnight,MidbandGuide_Tilt45_V25_A7p5,tilt_45_v_25_a_7p5,45,25,7.5,vinf_alpha_force_balance_v1,front_rear_free_flap_elevator,guide_V25_T45_F200_Rm300,,NaN,1,1,exact_trim,2.17856160346269e-11,3.15976411135175e-11,q_dot,3.15976411135175e-11,1932.64745386723,1189.95891433466,1.81680706953258,0,18.0868017734019,0,23.5811176782325,24.7861215343453,3.26315480550129,7.5,16.0811176782325,Operating point specifications were successfully met.,NaN,NaN,1,0,,
newmap_path_corridor_overnight_direct_db,direct_vinf_alpha_force_balance_v1,newmap_path_corridor_overnight,MidbandGuide_Tilt45_V25_A10,tilt_45_v_25_a_10,45,25,10,vinf_alpha_force_balance_v1,front_rear_free_flap_elevator,guide_V25_T45_Fm200_Rm300,,NaN,1,1,exact_trim,7.44334319931919e-07,1.3215964758143e-06,q_dot,1.3215964758143e-06,1911.0994629277,1238.75329284898,5.59355509536371,0,-8.55848946169841,0,23.4214928606587,24.6201938253053,4.34120444167316,9.99999999999976,13.4214928606589,Operating point specifications were successfully met.,NaN,NaN,1,0,,
newmap_path_corridor_overnight_direct_db,direct_vinf_alpha_force_balance_v1,newmap_path_corridor_overnight,MidbandGuide_Tilt45_V25_A12p5,tilt_45_v_25_a_12p5,45,25,12.5,vinf_alpha_force_balance_v1,front_rear_free_flap_elevator,guide_V25_T45_F0_Rm300,,NaN,1,1,exact_trim,6.49424151189789e-10,1.12922331803567e-09,q_dot,1.12922331803567e-09,1932.60310801887,1081.03704714233,-5.50647774482027,0,2.18452739084437,0,26.1857540217584,24.4074001779983,5.41099034845257,12.5,13.6857540217584,Operating point specifications were successfully met.,NaN,NaN,1,0,,
newmap_path_corridor_overnight_direct_db,direct_vinf_alpha_force_balance_v1,newmap_path_corridor_overnight,MidbandGuide_Tilt45_V25_A15,tilt_45_v_25_a_15,45,25,15,vinf_alpha_force_balance_v1,front_rear_free_flap_elevator,guide_V25_T45_Fm200_R300,,NaN,1,1,exact_trim,1.26213547516469e-07,2.38292351624036e-07,q_dot,2.38292351624036e-07,1932.37722847164,1288.59437315899,-2.27558163500891,0,-18.4506964102502,0,24.2155742101413,24.1481456572267,6.47047612756302,15,9.21557421014131,Operating point specifications were successfully met.,NaN,NaN,1,0,,
newmap_path_corridor_overnight_direct_db,direct_vinf_alpha_force_balance_v1,newmap_path_corridor_overnight,MidbandGuide_Tilt50_V25_A0,tilt_50_v_25_a_0,50,25,0,vinf_alpha_force_balance_v1,front_rear_free_flap_elevator,guide_V25_T50_F200_R0,,NaN,0,0,not_usable,5.90359576056912,12.0936781711966,w_dot,12.0936781711966,1863.33333333333,1253.40909090909,0,0,0,0,0,25,0,0,0,Could not find a solution that satisfies all constraints.  Relax the constraints to find a feasible solution.,NaN,NaN,1,0,,
newmap_path_corridor_overnight_direct_db,direct_vinf_alpha_force_balance_v1,newmap_path_corridor_overnight,MidbandGuide_Tilt50_V25_A2p5,tilt_50_v_25_a_2p5,50,25,2.5,vinf_alpha_force_balance_v1,front_rear_free_flap_elevator,guide_V25_T50_Fm200_R300,,NaN,0,1,quasi_trim_usable,0.144643278348051,0.219667042324048,q_dot,0.219667042324048,2047.40802950629,1244.70877694022,4.16680540870452,0,21.5662765249386,0,27.85804493924,24.9762055395434,1.09048468413307,2.49999999999954,25.3580449392404,Could not find a solution that satisfies all constraints.  Relax the constraints to find a feasible solution.,NaN,NaN,1,0,,
newmap_path_corridor_overnight_direct_db,direct_vinf_alpha_force_balance_v1,newmap_path_corridor_overnight,MidbandGuide_Tilt50_V25_A5,tilt_50_v_25_a_5,50,25,5,vinf_alpha_force_balance_v1,front_rear_free_flap_elevator,guide_V25_T50_F0_R0,,NaN,1,1,exact_trim,1.42645328892333e-05,2.69914955719381e-05,q_dot,2.69914955719381e-05,2066.03997000171,1252.77146880293,-1.9636515176912,0,18.9439506415319,0,29.0804746201211,24.9048673967544,2.17889350034343,4.99999985504769,24.0804747650734,Operating point specifications were successfully met.,NaN,NaN,1,0,,
newmap_path_corridor_overnight_direct_db,direct_vinf_alpha_force_balance_v1,newmap_path_corridor_overnight,MidbandGuide_Tilt40_V25_A0,tilt_40_v_25_a_0,40,25,0,vinf_alpha_force_balance_v1,front_rear_free_flap_elevator,guide_V25_T40_F0_R300,,NaN,0,1,quasi_trim_usable,0.365888233956175,0.784254638245969,w_dot,0.784254638245969,1819.29815245441,1506.93373643443,20.7938744252417,0,-25,0,16.9269332018714,24.999999999719,1.6817827283428e-10,3.85436209572488e-10,16.926933201486,Could not find a solution that satisfies all constraints.  Relax the constraints to find a feasible solution.,NaN,NaN,1,0,,
newmap_path_corridor_overnight_direct_db,direct_vinf_alpha_force_balance_v1,newmap_path_corridor_overnight,MidbandGuide_Tilt50_V25_A7p5,tilt_50_v_25_a_7p5,50,25,7.5,vinf_alpha_force_balance_v1,front_rear_free_flap_elevator,guide_V25_T50_F200_R300,,NaN,0,0,not_usable,1.77746033839148,3.84112599260814,w_dot,3.84112599260814,2123.06764170586,1193.68042405815,0.738206504044504,0,10.6327020497856,0,30.6812066760234,24.7861215343453,3.26315480550129,7.5,23.1812066760234,Could not find a solution that satisfies all constraints.  Relax the constraints to find a feasible solution.,NaN,NaN,1,0,,
newmap_path_corridor_overnight_direct_db,direct_vinf_alpha_force_balance_v1,newmap_path_corridor_overnight,MidbandGuide_Tilt40_V25_A2p5,tilt_40_v_25_a_2p5,40,25,2.5,vinf_alpha_force_balance_v1,front_rear_free_flap_elevator,guide_V25_T40_F200_R300,,NaN,0,0,not_usable,1.1170493677808,2.42073793522061,w_dot,2.42073793522061,2007.12136446845,1589.47383136185,-0.538242242265025,0,-10.9310170395024,0,22.1571651884746,24.9762055395464,1.0904846841334,2.5,19.6571651884746,Could not find a solution that satisfies all constraints.  Relax the constraints to find a feasible solution.,NaN,NaN,1,0,,
newmap_path_corridor_overnight_direct_db,direct_vinf_alpha_force_balance_v1,newmap_path_corridor_overnight,MidbandGuide_Tilt50_V25_A10,tilt_50_v_25_a_10,50,25,10,vinf_alpha_force_balance_v1,front_rear_free_flap_elevator,guide_V25_T50_Fm200_R300,,NaN,1,1,exact_trim,3.45641050146727e-09,6.25690630700126e-09,q_dot,6.25690630700126e-09,1966.27977004483,1491.53493462447,19.4961455241749,0,-20.2131790953306,0,21.8676911901916,24.6201938253052,4.34120444167326,10,11.8676911901916,Operating point specifications were successfully met.,NaN,NaN,1,0,,
newmap_path_corridor_overnight_direct_db,direct_vinf_alpha_force_balance_v1,newmap_path_corridor_overnight,MidbandGuide_Tilt40_V25_A5,tilt_40_v_25_a_5,40,25,5,vinf_alpha_force_balance_v1,front_rear_free_flap_elevator,guide_V25_T40_F0_Rm300,,NaN,1,1,exact_trim,8.65203540025981e-10,1.53027114957488e-09,q_dot,1.53027114957488e-09,2129.01571170317,1566.44583055029,-19.7595144342046,0,20.4687146419732,0,24.2749141065056,24.9048674522936,2.17889356869145,5,19.2749141065056,Operating point specifications were successfully met.,NaN,NaN,1,0,,
newmap_path_corridor_overnight_direct_db,direct_vinf_alpha_force_balance_v1,newmap_path_corridor_overnight,MidbandGuide_Tilt50_V25_A12p5,tilt_50_v_25_a_12p5,50,25,12.5,vinf_alpha_force_balance_v1,front_rear_free_flap_elevator,guide_V25_T50_F0_R300,,NaN,0,1,quasi_trim_usable,0.382357633463894,0.72635205645528,q_dot,0.72635205645528,1989.37602628464,1427.65770953024,9.35445105585208,0,-21.242028501424,0,24.4344665296917,24.4074001780129,5.41099034849124,12.5000000000793,11.9344665296124,Could not find a solution that satisfies all constraints.  Relax the constraints to find a feasible solution.,NaN,NaN,1,0,,
newmap_path_corridor_overnight_direct_db,direct_vinf_alpha_force_balance_v1,newmap_path_corridor_overnight,MidbandGuide_Tilt40_V25_A7p5,tilt_40_v_25_a_7p5,40,25,7.5,vinf_alpha_force_balance_v1,front_rear_free_flap_elevator,guide_V25_T40_Fm200_Rm300,,NaN,1,1,exact_trim,1.85924216273448e-07,3.31734511642393e-07,q_dot,3.31734511642393e-07,2107.95929057646,1735.03863052726,-24.9722250376172,0,-22.8640574718234,0,23.7991285075455,24.7861215343453,3.26315480550129,7.5,16.2991285075455,Operating point specifications were successfully met.,NaN,NaN,1,0,,
newmap_path_corridor_overnight_direct_db,direct_vinf_alpha_force_balance_v1,newmap_path_corridor_overnight,MidbandGuide_Tilt50_V25_A15,tilt_50_v_25_a_15,50,25,15,vinf_alpha_force_balance_v1,front_rear_free_flap_elevator,guide_V25_T50_Fm200_R300,,NaN,1,1,exact_trim,3.24672593182708e-07,6.07791232261504e-07,q_dot,6.07791232261504e-07,2011.53043575823,1263.59330990459,6.47365436626325,0,-4.1669238761341,0,26.234521788673,24.1481456818721,6.47047613642534,15.000000005,11.234521783673,Operating point specifications were successfully met.,NaN,NaN,1,0,,
newmap_path_corridor_overnight_direct_db,direct_vinf_alpha_force_balance_v1,newmap_path_corridor_overnight,MidbandGuide_Tilt40_V25_A10,tilt_40_v_25_a_10,40,25,10,vinf_alpha_force_balance_v1,front_rear_free_flap_elevator,guide_V25_T40_F0_R300,,NaN,1,1,exact_trim,4.58036030861335e-07,8.64447462502933e-07,q_dot,8.64447462502933e-07,1877.11700127728,1358.53966240892,18.9061670386368,0,7.18357909082002,0,15.9727617276245,24.6201938253052,4.34120444167326,10,5.97276172762451,Operating point specifications were successfully met.,NaN,NaN,1,0,,
newmap_path_corridor_overnight_direct_db,direct_vinf_alpha_force_balance_v1,newmap_path_corridor_overnight,MidbandGuide_Tilt40_V25_A12p5,tilt_40_v_25_a_12p5,40,25,12.5,vinf_alpha_force_balance_v1,front_rear_free_flap_elevator,guide_V25_T40_Fm200_R300,,NaN,1,1,exact_trim,1.1653074878609e-10,1.98006944174267e-10,w_dot,1.98006944174267e-10,1844.18548332321,1253.892240129,-1.95560195500184,0,-14.7141621804378,0,21.4791975956305,24.4074001779983,5.41099034845257,12.5,8.9791975956305,Operating point specifications were successfully met.,NaN,NaN,1,0,,
newmap_path_corridor_overnight_direct_db,direct_vinf_alpha_force_balance_v1,newmap_path_corridor_overnight,MidbandGuide_Tilt40_V25_A15,tilt_40_v_25_a_15,40,25,15,vinf_alpha_force_balance_v1,front_rear_free_flap_elevator,guide_V25_T40_F200_R300,,NaN,1,1,exact_trim,3.31801163241789e-09,6.10466095524778e-09,q_dot,6.10466095524778e-09,1837.80844399628,1476.77998770066,14.7469037748781,0,-22.0651145902985,0,15.4424843837098,24.1481456572267,6.47047612756302,15,0.442484383709806,Operating point specifications were successfully met.,NaN,NaN,1,0,,
newmap_path_corridor_overnight_direct_db,direct_vinf_alpha_force_balance_v1,newmap_path_corridor_overnight,MidbandGuide_Tilt35_V25_A0,tilt_35_v_25_a_0,35,25,0,vinf_alpha_force_balance_v1,front_rear_free_flap_elevator,guide_V25_T35_Fm200_Rm300,,NaN,1,1,exact_trim,3.01296135410032e-07,5.68961840459752e-07,q_dot,5.68961840459752e-07,1846.82434629226,1613.8217547838,7.1564994677208,0,-24.9999965901875,0,15.8642937913146,25,-2.55969891991927e-13,-5.86639779742278e-13,15.8642937913152,Operating point specifications were successfully met.,NaN,NaN,1,0,,
newmap_path_corridor_overnight_direct_db,direct_vinf_alpha_force_balance_v1,newmap_path_corridor_overnight,MidbandGuide_Tilt35_V25_A2p5,tilt_35_v_25_a_2p5,35,25,2.5,vinf_alpha_force_balance_v1,front_rear_free_flap_elevator,guide_V25_T35_F0_Rm300,,NaN,0,1,quasi_trim_usable,0.354791748150975,0.693325602237657,w_dot,0.693325602237657,2034.45161396707,1592.47495325686,-13.8181576146648,0,3.48585166960554,0,20.9074325758548,24.9762055395695,1.09048468427084,2.50000000031239,18.4074325755424,Could not find a solution that satisfies all constraints.  Relax the constraints to find a feasible solution.,NaN,NaN,1,0,,
newmap_path_corridor_overnight_direct_db,direct_vinf_alpha_force_balance_v1,newmap_path_corridor_overnight,MidbandGuide_Tilt35_V25_A5,tilt_35_v_25_a_5,35,25,5,vinf_alpha_force_balance_v1,front_rear_free_flap_elevator,guide_V25_T35_F200_R0,,NaN,1,1,exact_trim,1.10750760450186e-09,2.0768125744954e-09,q_dot,2.0768125744954e-09,2020.22200246085,1756.57430193261,-17.9344085084911,0,-24.7606688931638,0,19.6191578965916,24.9048674522936,2.17889356869145,4.99999999999999,14.6191578965916,Operating point specifications were successfully met.,NaN,NaN,1,0,,
newmap_path_corridor_overnight_direct_db,direct_vinf_alpha_force_balance_v1,newmap_path_corridor_overnight,MidbandGuide_Tilt35_V25_A7p5,tilt_35_v_25_a_7p5,35,25,7.5,vinf_alpha_force_balance_v1,front_rear_free_flap_elevator,guide_V25_T35_F0_R300,,NaN,0,1,quasi_trim_usable,0.392606519412893,0.695739579276449,w_dot,0.695739579276449,1824.16079286528,1502.05808094902,-0.0979312572683511,0,-25,0,17.2572030116919,24.7861215343419,3.26315480553633,7.50000000008064,9.75720301161128,Could not find a solution that satisfies all constraints.  Relax the constraints to find a feasible solution.,NaN,NaN,1,0,,
newmap_path_corridor_overnight_direct_db,direct_vinf_alpha_force_balance_v1,newmap_path_corridor_overnight,MidbandGuide_Tilt35_V25_A10,tilt_35_v_25_a_10,35,25,10,vinf_alpha_force_balance_v1,front_rear_free_flap_elevator,guide_V25_T35_F0_R300,,NaN,0,1,quasi_trim_usable,0.404463417731443,0.75360005938144,q_dot,0.75360005938144,1810.2039254921,1222.81913879511,4.94541051585326,0,15.9031170205578,0,16.8083149635641,24.6201938253041,4.34120444167887,10.0000000000131,6.80831496355098,Could not find a solution that satisfies all constraints.  Relax the constraints to find a feasible solution.,NaN,NaN,1,0,,
newmap_path_corridor_overnight_direct_db,direct_vinf_alpha_force_balance_v1,newmap_path_corridor_overnight,MidbandGuide_Tilt35_V25_A12p5,tilt_35_v_25_a_12p5,35,25,12.5,vinf_alpha_force_balance_v1,front_rear_free_flap_elevator,guide_V25_T35_Fm200_R300,,NaN,1,1,exact_trim,3.14113910488694e-06,5.80368421669829e-06,q_dot,5.80368421669829e-06,1832.07300329328,1185.50226233107,-5.68582120606989,0,-0.64372136039327,0,19.3999043865594,24.4074001779983,5.41099034845257,12.5,6.89990438655938,Operating point specifications were successfully met.,NaN,NaN,1,0,,
newmap_path_corridor_overnight_direct_db,direct_vinf_alpha_force_balance_v1,newmap_path_corridor_overnight,MidbandGuide_Tilt35_V25_A15,tilt_35_v_25_a_15,35,25,15,vinf_alpha_force_balance_v1,front_rear_free_flap_elevator,guide_V25_T35_F0_Rm300,,NaN,1,1,exact_trim,1.47131797088148e-12,2.11704563003211e-12,q_dot,2.11704563003211e-12,1824.20073754087,1175.54132104045,-8.39900747151066,0,-6.20408122533718,0,20.0012863884758,24.1481456572267,6.47047612756302,15,5.00128638847576,Operating point specifications were successfully met.,NaN,NaN,1,0,,
newmap_path_corridor_overnight_direct_db,direct_vinf_alpha_force_balance_v1,newmap_path_corridor_overnight,MidbandGuide_Tilt55_V30_A0,tilt_55_v_30_a_0,55,30,0,vinf_alpha_force_balance_v1,front_rear_free_flap_elevator,guide_V30_T55_Fm200_R300,,NaN,0,0,near_trim_borderline,0.832755386736127,1.49192821246737,q_dot,1.49192821246737,1853.41952706422,1344.44433849073,22.9495827254836,0,-21.4163549721408,0,20.6962222705065,30.0000000000112,4.44475413939305e-12,8.48885510534762e-12,20.696222270498,Could not find a solution that satisfies all constraints.  Relax the constraints to find a feasible solution.,NaN,NaN,1,0,,
newmap_path_corridor_overnight_direct_db,direct_vinf_alpha_force_balance_v1,newmap_path_corridor_overnight,MidbandGuide_Tilt55_V30_A2p5,tilt_55_v_30_a_2p5,55,30,2.5,vinf_alpha_force_balance_v1,front_rear_free_flap_elevator,guide_V30_T55_Fm200_R0,,NaN,0,1,quasi_trim_usable,0.180890614957761,0.343688430558698,q_dot,0.343688430558698,1979.28061294961,805.361445956179,10.8749342660541,0,16.1378695555311,0,27.6643361373241,29.9714466474521,1.30858162094932,2.49999999997977,25.1643361373443,Could not find a solution that satisfies all constraints.  Relax the constraints to find a feasible solution.,NaN,NaN,1,0,,
newmap_path_corridor_overnight_direct_db,direct_vinf_alpha_force_balance_v1,newmap_path_corridor_overnight,MidbandGuide_Tilt55_V30_A5,tilt_55_v_30_a_5,55,30,5,vinf_alpha_force_balance_v1,front_rear_free_flap_elevator,guide_V30_T55_F200_R0,,NaN,0,0,near_trim_borderline,0.678672516409309,1.14041481674209,q_dot,1.14041481674209,2028.09309799671,942.253878856911,4.23147487089904,0,20.8125248650971,0,28.4870501883952,29.8858409427499,2.61467228243762,5.0000000000154,23.4870501883798,Could not find a solution that satisfies all constraints.  Relax the constraints to find a feasible solution.,NaN,NaN,1,0,,
newmap_path_corridor_overnight_direct_db,direct_vinf_alpha_force_balance_v1,newmap_path_corridor_overnight,MidbandGuide_Tilt55_V30_A7p5,tilt_55_v_30_a_7p5,55,30,7.5,vinf_alpha_force_balance_v1,front_rear_free_flap_elevator,guide_V30_T55_Fm200_R300,,NaN,0,0,near_trim_borderline,0.903835290954451,1.61986066651533,q_dot,1.61986066651533,1944.85206368461,979.77840828632,7.6824991747296,0,-8.31655889627491,0,27.506061926823,29.7433458412149,3.91578576660163,7.50000000000001,20.006061926823,Could not find a solution that satisfies all constraints.  Relax the constraints to find a feasible solution.,NaN,NaN,1,0,,
newmap_path_corridor_overnight_direct_db,direct_vinf_alpha_force_balance_v1,newmap_path_corridor_overnight,MidbandGuide_Tilt55_V30_A10,tilt_55_v_30_a_10,55,30,10,vinf_alpha_force_balance_v1,front_rear_free_flap_elevator,guide_V30_T55_F0_Rm300,,NaN,0,1,quasi_trim_usable,0.350626096033244,0.651862468794764,q_dot,0.651862468794764,1911.91667739168,949.033997551895,4.71487917743244,0,-11.2942847560456,0,28.5238444134345,29.5442325904105,5.20944533000563,9.99999999998105,18.5238444134534,Could not find a solution that satisfies all constraints.  Relax the constraints to find a feasible solution.,NaN,NaN,1,0,,
newmap_path_corridor_overnight_direct_db,direct_vinf_alpha_force_balance_v1,newmap_path_corridor_overnight,MidbandGuide_Tilt55_V30_A12p5,tilt_55_v_30_a_12p5,55,30,12.5,vinf_alpha_force_balance_v1,front_rear_free_flap_elevator,guide_V30_T55_F0_Rm300,,NaN,1,1,exact_trim,6.87278423026723e-08,1.29697194930579e-07,q_dot,1.29697194930579e-07,1899.13981729037,1066.42030716778,-4.3940872793839,0,-23.5737152041794,0,29.4914609900127,29.288880213598,6.49318841814309,12.5,16.9914609900127,Operating point specifications were successfully met.,NaN,NaN,1,0,,
newmap_path_corridor_overnight_direct_db,direct_vinf_alpha_force_balance_v1,newmap_path_corridor_overnight,MidbandGuide_Tilt55_V30_A15,tilt_55_v_30_a_15,55,30,15,vinf_alpha_force_balance_v1,front_rear_free_flap_elevator,guide_V30_T55_F0_R300,,NaN,0,1,quasi_trim_usable,0.0970197731921166,0.171345223971251,w_dot,0.171345223971251,1974.26449508461,1263.18922871528,5.74369543287074,0,-21.369411110929,0,25.4837892389483,28.97777478868,7.7645713530766,14.9999999999979,10.4837892389504,Could not find a solution that satisfies all constraints.  Relax the constraints to find a feasible solution.,NaN,NaN,1,0,,
newmap_path_corridor_overnight_direct_db,direct_vinf_alpha_force_balance_v1,newmap_path_corridor_overnight,MidbandGuide_Tilt50_V30_A0,tilt_50_v_30_a_0,50,30,0,vinf_alpha_force_balance_v1,front_rear_free_flap_elevator,guide_V30_T50_F200_Rm300,,NaN,0,0,not_usable,2.58376748884586,3.82598144671255,q_dot,3.59353407477002,1719.8264954585,1278.77931035588,24.9999999999999,0,-10.2645384079889,0,17.3393228093953,30.0000000000707,-9.31400831268992e-12,-1.77884455555213e-11,17.3393228094131,Could not find a solution that satisfies all constraints.  Relax the constraints to find a feasible solution.,NaN,NaN,1,0,,
newmap_path_corridor_overnight_direct_db,direct_vinf_alpha_force_balance_v1,newmap_path_corridor_overnight,MidbandGuide_Tilt60_V30_A0,tilt_60_v_30_a_0,60,30,0,vinf_alpha_force_balance_v1,front_rear_free_flap_elevator,guide_V30_T60_Fm200_R300,,NaN,0,0,near_trim_borderline,0.738431794288682,1.33899814327879,w_dot,1.33899814327879,1909.70189749009,1216.81010988545,21.5571340172552,0,-14.4141376105814,0,25.2786473725882,29.9999999999217,-1.07421401436214e-11,-2.05159764389724e-11,25.2786473726087,Could not find a solution that satisfies all constraints.  Relax the constraints to find a feasible solution.,NaN,NaN,1,0,,
newmap_path_corridor_overnight_direct_db,direct_vinf_alpha_force_balance_v1,newmap_path_corridor_overnight,MidbandGuide_Tilt50_V30_A2p5,tilt_50_v_30_a_2p5,50,30,2.5,vinf_alpha_force_balance_v1,front_rear_free_flap_elevator,guide_V30_T50_Fm200_R0,,NaN,1,1,exact_trim,2.24166997201877e-12,4.09810048174619e-12,q_dot,4.09810048174619e-12,1841.00846115561,1188.02972093664,12.0961653763962,0,-8.32082413911874,0,21.7775217504617,29.9714466474557,1.30858162096008,2.5,19.2775217504617,Operating point specifications were successfully met.,NaN,NaN,1,0,,
newmap_path_corridor_overnight_direct_db,direct_vinf_alpha_force_balance_v1,newmap_path_corridor_overnight,MidbandGuide_Tilt60_V30_A2p5,tilt_60_v_30_a_2p5,60,30,2.5,vinf_alpha_force_balance_v1,front_rear_free_flap_elevator,guide_V30_T60_F200_Rm300,,NaN,0,0,not_usable,8.06261409306484,16.7667308681991,w_dot,16.7667308681991,1750,800,0,0,0,0,2.5,29.9714466474557,1.30858162096008,2.5,0,Could not find a solution that satisfies all constraints.  Relax the constraints to find a feasible solution.,NaN,NaN,1,0,,
newmap_path_corridor_overnight_direct_db,direct_vinf_alpha_force_balance_v1,newmap_path_corridor_overnight,MidbandGuide_Tilt50_V30_A5,tilt_50_v_30_a_5,50,30,5,vinf_alpha_force_balance_v1,front_rear_free_flap_elevator,guide_V30_T50_F0_R300,,NaN,1,1,exact_trim,1.63931111916039e-12,3.17612602884765e-12,w_dot,3.17612602884765e-12,1806.00238231568,1324.53857190187,7.99262741572016,0,-24.4011569859918,0,21.5787492373578,29.8858409427524,2.61467228242974,4.99999999999998,16.5787492373578,Operating point specifications were successfully met.,NaN,NaN,1,0,,
newmap_path_corridor_overnight_direct_db,direct_vinf_alpha_force_balance_v1,newmap_path_corridor_overnight,MidbandGuide_Tilt60_V30_A5,tilt_60_v_30_a_5,60,30,5,vinf_alpha_force_balance_v1,front_rear_free_flap_elevator,guide_V30_T60_Fm200_R300,,NaN,0,0,not_usable,4.07276566123214,6.34171161547748,q_dot,6.34171161547748,1826.26055712611,1058.58516323406,16.5436103134263,0,-8.24658985373005,0,25.8910048589116,29.8858409440508,2.61467227901573,4.9999999932884,20.8910048656232,Could not find a solution that satisfies all constraints.  Relax the constraints to find a feasible solution.,NaN,NaN,1,0,,
newmap_path_corridor_overnight_direct_db,direct_vinf_alpha_force_balance_v1,newmap_path_corridor_overnight,MidbandGuide_Tilt50_V30_A7p5,tilt_50_v_30_a_7p5,50,30,7.5,vinf_alpha_force_balance_v1,front_rear_free_flap_elevator,guide_V30_T50_F200_Rm300,,NaN,0,0,not_usable,3.790199785753,7.82449290184307,w_dot,7.82449290184307,1750,800,0,0,0,0,7.5,29.7433458412143,3.91578576660155,7.5,0,Could not find a solution that satisfies all constraints.  Relax the constraints to find a feasible solution.,NaN,NaN,1,0,,
newmap_path_corridor_overnight_direct_db,direct_vinf_alpha_force_balance_v1,newmap_path_corridor_overnight,MidbandGuide_Tilt60_V30_A7p5,tilt_60_v_30_a_7p5,60,30,7.5,vinf_alpha_force_balance_v1,front_rear_free_flap_elevator,guide_V30_T60_F200_Rm300,,NaN,0,0,not_usable,1.07455412929161,2.03130130482153,q_dot,2.03130130482153,2074.72258068827,1175.82719718495,25,0,13.8531117143526,0,24.8282939917102,29.7433458412671,3.91578576665587,7.50000000008968,17.3282939916205,Could not find a solution that satisfies all constraints.  Relax the constraints to find a feasible solution.,NaN,NaN,1,0,,
newmap_path_corridor_overnight_direct_db,direct_vinf_alpha_force_balance_v1,newmap_path_corridor_overnight,MidbandGuide_Tilt50_V30_A10,tilt_50_v_30_a_10,50,30,10,vinf_alpha_force_balance_v1,front_rear_free_flap_elevator,guide_V30_T50_F0_Rm300,,NaN,0,0,near_trim_borderline,0.75345341051792,1.42130683964736,q_dot,1.42130683964736,2228.09476306221,1287.96493672918,-25,0,8.60114086990662,0,33.3686137236691,29.5442325903342,5.20944532998688,9.9999999999711,23.368613723698,Could not find a solution that satisfies all constraints.  Relax the constraints to find a feasible solution.,NaN,NaN,1,0,,
newmap_path_corridor_overnight_direct_db,direct_vinf_alpha_force_balance_v1,newmap_path_corridor_overnight,MidbandGuide_Tilt60_V30_A10,tilt_60_v_30_a_10,60,30,10,vinf_alpha_force_balance_v1,front_rear_free_flap_elevator,guide_V30_T60_Fm200_R0,,NaN,0,0,near_trim_borderline,0.903599409882511,1.71749898368784,q_dot,1.71749898368784,2125.22797197819,1082.59550985511,-10.9514659255102,0,-16.175244170349,0,38.0725021738803,29.5442325903666,5.20944533000641,9.99999999999707,28.0725021738832,Could not find a solution that satisfies all constraints.  Relax the constraints to find a feasible solution.,NaN,NaN,1,0,,
newmap_path_corridor_overnight_direct_db,direct_vinf_alpha_force_balance_v1,newmap_path_corridor_overnight,MidbandGuide_Tilt50_V30_A12p5,tilt_50_v_30_a_12p5,50,30,12.5,vinf_alpha_force_balance_v1,front_rear_free_flap_elevator,guide_V30_T50_F200_Rm300,,NaN,0,1,quasi_trim_usable,0.17705104976964,0.289764012269713,q_dot,0.289764012269713,1886.12177069712,771.756693743482,-6.28851256489921,0,-2.73177005526785,0,28.2234030752327,29.288880213598,6.49318841814309,12.5,15.7234030752327,Could not find a solution that satisfies all constraints.  Relax the constraints to find a feasible solution.,NaN,NaN,1,0,,
newmap_path_corridor_overnight_direct_db,direct_vinf_alpha_force_balance_v1,newmap_path_corridor_overnight,MidbandGuide_Tilt60_V30_A12p5,tilt_60_v_30_a_12p5,60,30,12.5,vinf_alpha_force_balance_v1,front_rear_free_flap_elevator,guide_V30_T60_F200_Rm300,,NaN,1,1,exact_trim,1.49215267322392e-11,2.80214511863972e-11,q_dot,2.80214511863972e-11,2017.27607575561,757.290683892651,0.974757023604375,0,-8.91631423972999,0,34.3932575550319,29.288880213598,6.49318841814309,12.5,21.8932575550319,Operating point specifications were successfully met.,NaN,NaN,1,0,,
newmap_path_corridor_overnight_direct_db,direct_vinf_alpha_force_balance_v1,newmap_path_corridor_overnight,MidbandGuide_Tilt50_V30_A15,tilt_50_v_30_a_15,50,30,15,vinf_alpha_force_balance_v1,front_rear_free_flap_elevator,guide_V30_T50_F200_R300,,NaN,1,1,exact_trim,9.65298470656048e-10,1.63601043823292e-09,w_dot,1.63601043823292e-09,1909.55684161781,1169.4761518165,7.20273721954777,0,10.9522671376902,0,20.8526834056126,28.9777747886721,7.76457135307562,15,5.85268340561257,Operating point specifications were successfully met.,NaN,NaN,1,0,,
newmap_path_corridor_overnight_direct_db,direct_vinf_alpha_force_balance_v1,newmap_path_corridor_overnight,MidbandGuide_Tilt60_V30_A15,tilt_60_v_30_a_15,60,30,15,vinf_alpha_force_balance_v1,front_rear_free_flap_elevator,guide_V30_T60_F200_Rm300,,NaN,0,0,not_usable,4.61233007760895,6.75849860540266,q_dot,6.75849860540266,2233.70362669197,1369.80649993899,10.2849911209123,0,-16.6280963377377,0,32.1015316063587,28.977774788672,7.76457135307562,15,17.1015316063587,Could not find a solution that satisfies all constraints.  Relax the constraints to find a feasible solution.,NaN,NaN,1,0,,
newmap_path_corridor_overnight_direct_db,direct_vinf_alpha_force_balance_v1,newmap_path_corridor_overnight,MidbandGuide_Tilt45_V30_A0,tilt_45_v_30_a_0,45,30,0,vinf_alpha_force_balance_v1,front_rear_free_flap_elevator,guide_V30_T45_F200_Rm300,,NaN,0,0,not_usable,2.20718113418138,3.99980956881672,w_dot,3.99980956881672,1628.04650592055,1350.8149927841,25,0,-14.2148576057727,0,13.8364619816953,30.0000000000478,-1.3836027945311e-12,-2.64248668830041e-12,13.8364619816979,Could not find a solution that satisfies all constraints.  Relax the constraints to find a feasible solution.,NaN,NaN,1,0,,
newmap_path_corridor_overnight_direct_db,direct_vinf_alpha_force_balance_v1,newmap_path_corridor_overnight,MidbandGuide_Tilt45_V30_A2p5,tilt_45_v_30_a_2p5,45,30,2.5,vinf_alpha_force_balance_v1,front_rear_free_flap_elevator,guide_V30_T45_F200_R300,,NaN,1,1,exact_trim,4.57679800230763e-10,9.60426405072212e-10,w_dot,9.60426405072212e-10,2127.79864339597,1364.37351195865,-10.5772996089868,0,11.5786075923147,0,28.2222519922362,29.9714466474557,1.30858162096008,2.5,25.7222519922362,Operating point specifications were successfully met.,NaN,NaN,1,0,,
newmap_path_corridor_overnight_direct_db,direct_vinf_alpha_force_balance_v1,newmap_path_corridor_overnight,MidbandGuide_Tilt45_V30_A5,tilt_45_v_30_a_5,45,30,5,vinf_alpha_force_balance_v1,front_rear_free_flap_elevator,guide_V30_T45_F0_R300,,NaN,1,1,exact_trim,4.72319193463162e-08,8.71741961909082e-08,q_dot,8.71741961909082e-08,1940.18625476369,1319.11557201022,-3.88192845579575,0,-5.34728576678207,0,23.9655186659989,29.8858409427524,2.6146722824298,5.00000000000011,18.9655186659988,Operating point specifications were successfully met.,NaN,NaN,1,0,,
newmap_path_corridor_overnight_direct_db,direct_vinf_alpha_force_balance_v1,newmap_path_corridor_overnight,MidbandGuide_Tilt45_V30_A7p5,tilt_45_v_30_a_7p5,45,30,7.5,vinf_alpha_force_balance_v1,front_rear_free_flap_elevator,guide_V30_T45_F0_R0,,NaN,0,0,near_trim_borderline,0.598141080096912,1.13709882728602,q_dot,1.13709882728602,1865.07950086499,988.446207667888,-0.243583994954653,0,15.8840751983298,0,21.7473221679538,29.7433458412106,3.91578576659469,7.49999999998796,14.2473221679658,Could not find a solution that satisfies all constraints.  Relax the constraints to find a feasible solution.,NaN,NaN,1,0,,
newmap_path_corridor_overnight_direct_db,direct_vinf_alpha_force_balance_v1,newmap_path_corridor_overnight,MidbandGuide_Tilt45_V30_A10,tilt_45_v_30_a_10,45,30,10,vinf_alpha_force_balance_v1,front_rear_free_flap_elevator,guide_V30_T45_Fm200_R0,,NaN,1,1,exact_trim,7.0049811730839e-10,1.74747505354844e-09,u_dot,1.74747505354844e-09,1788.00225084826,1304.13296272987,24.392736866978,0,-3.12817414961615,0,12.3560813099512,29.5442325903658,5.20944533000082,9.99999999998681,2.35608130996436,Operating point specifications were successfully met.,NaN,NaN,1,0,,
newmap_path_corridor_overnight_direct_db,direct_vinf_alpha_force_balance_v1,newmap_path_corridor_overnight,MidbandGuide_Tilt45_V30_A12p5,tilt_45_v_30_a_12p5,45,30,12.5,vinf_alpha_force_balance_v1,front_rear_free_flap_elevator,guide_V30_T45_Fm200_R300,,NaN,1,1,exact_trim,3.54497465260425e-11,6.48363601329539e-11,q_dot,6.48363601329539e-11,1756.28845534099,1175.89070078608,-1.92288701936749,0,-24.9999881571898,0,21.7323880802599,29.288880213598,6.49318841814309,12.5,9.23238808025994,Operating point specifications were successfully met.,NaN,NaN,1,0,,
newmap_path_corridor_overnight_direct_db,direct_vinf_alpha_force_balance_v1,newmap_path_corridor_overnight,MidbandGuide_Tilt45_V30_A15,tilt_45_v_30_a_15,45,30,15,vinf_alpha_force_balance_v1,front_rear_free_flap_elevator,guide_V30_T45_F0_Rm300,,NaN,0,1,quasi_trim_usable,0.517704595123641,0.966540610630261,w_dot,0.966540610630261,1854.703895599,887.237387351532,-4.63231671465229,0,8.21275092933986,0,22.7509554595674,28.9777747886721,7.76457135307562,15,7.75095545956743,Could not find a solution that satisfies all constraints.  Relax the constraints to find a feasible solution.,NaN,NaN,1,0,,
newmap_path_corridor_overnight_direct_db,direct_vinf_alpha_force_balance_v1,newmap_path_corridor_overnight,MidbandGuide_Tilt62p5_V35_A0,tilt_62p5_v_35_a_0,62.5,35,0,vinf_alpha_force_balance_v1,front_rear_free_flap_elevator,guide_V35_T62p5_Fm200_R300,,NaN,0,0,not_usable,2.41652659862335,4.35215090786583,q_dot,4.35215090786583,1964.61083070945,720.078398798712,25,0,9.11823957361672,0,22.8694266716989,34.9999999999961,-1.20910423458219e-12,-1.97933056094181e-12,22.8694266717009,Could not find a solution that satisfies all constraints.  Relax the constraints to find a feasible solution.,NaN,NaN,1,0,,
newmap_path_corridor_overnight_direct_db,direct_vinf_alpha_force_balance_v1,newmap_path_corridor_overnight,MidbandGuide_Tilt62p5_V35_A2p5,tilt_62p5_v_35_a_2p5,62.5,35,2.5,vinf_alpha_force_balance_v1,front_rear_free_flap_elevator,guide_V35_T62p5_F0_R300,,NaN,1,1,exact_trim,3.96227442835534e-08,7.51751803436551e-08,q_dot,7.51751803436551e-08,1797.75551848878,1177.21531037906,15.795615868127,0,-24.4158199292194,0,22.3141735444937,34.9666877553665,1.52667855778272,2.49999999999328,19.8141735445004,Operating point specifications were successfully met.,NaN,NaN,1,0,,
newmap_path_corridor_overnight_direct_db,direct_vinf_alpha_force_balance_v1,newmap_path_corridor_overnight,MidbandGuide_Tilt62p5_V35_A5,tilt_62p5_v_35_a_5,62.5,35,5,vinf_alpha_force_balance_v1,front_rear_free_flap_elevator,guide_V35_T62p5_F200_Rm300,,NaN,1,1,exact_trim,3.04367060427983e-07,5.54802159021465e-07,q_dot,5.54802159021465e-07,1873.94048441021,641.958188625679,11.1101512068679,0,-5.88927651484477,0,27.4342984885393,34.8668144332107,3.050450996168,4.99999999999999,22.4342984885393,Operating point specifications were successfully met.,NaN,NaN,1,0,,
newmap_path_corridor_overnight_direct_db,direct_vinf_alpha_force_balance_v1,newmap_path_corridor_overnight,MidbandGuide_Tilt62p5_V35_A7p5,tilt_62p5_v_35_a_7p5,62.5,35,7.5,vinf_alpha_force_balance_v1,front_rear_free_flap_elevator,guide_V35_T62p5_F0_R0,,NaN,0,0,near_trim_borderline,0.900524104969475,1.66959742469662,q_dot,1.66959742469662,1838.30173778322,910.885661121275,9.291823630585,0,-18.5363302040789,0,26.9398514588564,34.7005701480858,4.56841672770136,7.49999999999876,19.4398514588576,Could not find a solution that satisfies all constraints.  Relax the constraints to find a feasible solution.,NaN,NaN,1,0,,
newmap_path_corridor_overnight_direct_db,direct_vinf_alpha_force_balance_v1,newmap_path_corridor_overnight,MidbandGuide_Tilt62p5_V35_A10,tilt_62p5_v_35_a_10,62.5,35,10,vinf_alpha_force_balance_v1,front_rear_free_flap_elevator,guide_V35_T62p5_F200_Rm300,,NaN,1,1,exact_trim,2.14431426169638e-10,4.59486670933984e-10,w_dot,4.59486670933984e-10,2121.92007741759,520.611321533066,-10.5176471267262,0,22.833528435315,0,37.0859812930478,34.4682713554273,6.07768621834256,10,27.0859812930478,Operating point specifications were successfully met.,NaN,NaN,1,0,,
newmap_path_corridor_overnight_direct_db,direct_vinf_alpha_force_balance_v1,newmap_path_corridor_overnight,MidbandGuide_Tilt62p5_V35_A12p5,tilt_62p5_v_35_a_12p5,62.5,35,12.5,vinf_alpha_force_balance_v1,front_rear_free_flap_elevator,guide_V35_T62p5_F200_R0,,NaN,1,1,exact_trim,3.14837874978922e-12,5.96889254022942e-12,q_dot,5.96889254022942e-12,2037.18396123164,490.379928452687,3.32650133908485,0,15.2306688436479,0,30.5107980302669,34.1703602491977,7.5753864878336,12.5,18.0107980302669,Operating point specifications were successfully met.,NaN,NaN,1,0,,
newmap_path_corridor_overnight_direct_db,direct_vinf_alpha_force_balance_v1,newmap_path_corridor_overnight,MidbandGuide_Tilt62p5_V35_A15,tilt_62p5_v_35_a_15,62.5,35,15,vinf_alpha_force_balance_v1,front_rear_free_flap_elevator,guide_V35_T62p5_F0_Rm300,,NaN,1,1,exact_trim,8.39247571104693e-07,1.60369966550888e-06,w_dot,1.60369966550888e-06,2013.77422844402,603.166943834221,-1.03306097718897,0,-12.6846942495653,0,32.9935174185755,33.8074039201174,9.05866657858823,15,17.9935174185755,Operating point specifications were successfully met.,NaN,NaN,1,0,,
newmap_path_corridor_overnight_direct_db,direct_vinf_alpha_force_balance_v1,newmap_path_corridor_overnight,MidbandGuide_Tilt67p5_V35_A0,tilt_67p5_v_35_a_0,67.5,35,0,vinf_alpha_force_balance_v1,front_rear_free_flap_elevator,guide_V35_T67p5_F200_R300,,NaN,0,1,quasi_trim_usable,0.45082747349043,0.811940315259476,q_dot,0.811940315259476,1944.19839610883,1096.75294108298,19.8204066489129,0,-14.1787985940898,0,26.3998341140153,34.9999999999975,1.00470912198663e-12,1.64473120937523e-12,26.3998341140137,Could not find a solution that satisfies all constraints.  Relax the constraints to find a feasible solution.,NaN,NaN,1,0,,
newmap_path_corridor_overnight_direct_db,direct_vinf_alpha_force_balance_v1,newmap_path_corridor_overnight,MidbandGuide_Tilt67p5_V35_A2p5,tilt_67p5_v_35_a_2p5,67.5,35,2.5,vinf_alpha_force_balance_v1,front_rear_free_flap_elevator,guide_V35_T67p5_F200_R0,,NaN,0,0,not_usable,1.9625242185292,3.80928977528349,w_dot,3.80928977528349,2114.41427186136,1218.20268486021,18.1288585141393,0,-21.0004850732997,0,29.3932669389557,34.9666877553665,1.52667855776719,2.49999999996789,26.8932669389878,Could not find a solution that satisfies all constraints.  Relax the constraints to find a feasible solution.,NaN,NaN,1,0,,
newmap_path_corridor_overnight_direct_db,direct_vinf_alpha_force_balance_v1,newmap_path_corridor_overnight,MidbandGuide_Tilt67p5_V35_A5,tilt_67p5_v_35_a_5,67.5,35,5,vinf_alpha_force_balance_v1,front_rear_free_flap_elevator,guide_V35_T67p5_F200_R0,,NaN,0,0,near_trim_borderline,0.742648163804496,1.34931064648941,q_dot,1.34931064648941,1949.84160796866,871.868367510389,14.159391603314,0,-14.6588165420883,0,30.1651558323529,34.8668144332144,3.05045099616879,5.00000000000075,25.1651558323522,Could not find a solution that satisfies all constraints.  Relax the constraints to find a feasible solution.,NaN,NaN,1,0,,
newmap_path_corridor_overnight_direct_db,direct_vinf_alpha_force_balance_v1,newmap_path_corridor_overnight,MidbandGuide_Tilt67p5_V35_A7p5,tilt_67p5_v_35_a_7p5,67.5,35,7.5,vinf_alpha_force_balance_v1,front_rear_free_flap_elevator,guide_V35_T67p5_F0_Rm300,,NaN,1,1,exact_trim,1.13019503414536e-08,1.92053711764933e-08,q_dot,1.92053711764933e-08,1957.33425449384,689.647456522749,5.53274438238705,0,-15.7239743084844,0,33.4738673433814,34.7005701480834,4.56841672770174,7.49999999999989,25.9738673433815,Operating point specifications were successfully met.,NaN,NaN,1,0,,
newmap_path_corridor_overnight_direct_db,direct_vinf_alpha_force_balance_v1,newmap_path_corridor_overnight,MidbandGuide_Tilt67p5_V35_A10,tilt_67p5_v_35_a_10,67.5,35,10,vinf_alpha_force_balance_v1,front_rear_free_flap_elevator,guide_V35_T67p5_Fm200_Rm300,,NaN,0,0,not_usable,1.29669849161319,2.45882752969415,q_dot,2.45882752969415,2150.58804366304,647.950744119603,10.4184764258035,0,14.4851106647263,0,34.5394689442574,34.4682713554705,6.07768621837835,10.0000000000454,24.539468944212,Could not find a solution that satisfies all constraints.  Relax the constraints to find a feasible solution.,NaN,NaN,1,0,,
newmap_path_corridor_overnight_direct_db,direct_vinf_alpha_force_balance_v1,newmap_path_corridor_overnight,MidbandGuide_Tilt67p5_V35_A12p5,tilt_67p5_v_35_a_12p5,67.5,35,12.5,vinf_alpha_force_balance_v1,front_rear_free_flap_elevator,guide_V35_T67p5_F200_Rm300,,NaN,1,1,exact_trim,8.18077122266597e-09,1.50751658447847e-08,q_dot,1.50751658447847e-08,1939.33664189724,648.888553919356,-1.55775972444329,0,-24.045653928359,0,35.5395959361191,34.1703602491977,7.5753864878336,12.5,23.0395959361191,Operating point specifications were successfully met.,NaN,NaN,1,0,,
newmap_path_corridor_overnight_direct_db,direct_vinf_alpha_force_balance_v1,newmap_path_corridor_overnight,MidbandGuide_Tilt57p5_V35_A0,tilt_57p5_v_35_a_0,57.5,35,0,vinf_alpha_force_balance_v1,front_rear_free_flap_elevator,guide_V35_T57p5_F200_Rm300,,NaN,0,0,not_usable,1.93310514739063,3.54731007696847,q_dot,3.54731007696847,1823.36553454704,1005.4078551068,12.5624011095262,0,-2.14008349943539,0,22.6967946762822,35.0000000000425,4.82630028960505e-11,7.90076106448003e-11,22.6967946762032,Could not find a solution that satisfies all constraints.  Relax the constraints to find a feasible solution.,NaN,NaN,1,0,,
newmap_path_corridor_overnight_direct_db,direct_vinf_alpha_force_balance_v1,newmap_path_corridor_overnight,MidbandGuide_Tilt67p5_V35_A15,tilt_67p5_v_35_a_15,67.5,35,15,vinf_alpha_force_balance_v1,front_rear_free_flap_elevator,guide_V35_T67p5_F200_R300,,NaN,0,0,not_usable,6.34869906534166,10.4700676485527,w_dot,10.4700676485527,2400,1458.67171213227,20.0187032823348,0,-25,0,30.3789414916076,33.8074039194482,9.05866657893112,15.0000000008257,15.3789414907819,Could not find a solution that satisfies all constraints.  Relax the constraints to find a feasible solution.,NaN,NaN,1,0,,
newmap_path_corridor_overnight_direct_db,direct_vinf_alpha_force_balance_v1,newmap_path_corridor_overnight,MidbandGuide_Tilt57p5_V35_A2p5,tilt_57p5_v_35_a_2p5,57.5,35,2.5,vinf_alpha_force_balance_v1,front_rear_free_flap_elevator,guide_V35_T57p5_Fm200_Rm300,,NaN,0,0,near_trim_borderline,0.678026609301169,1.39966163509791,w_dot,1.39966163509791,1911.94861925849,737.312285585367,19.5356890926896,0,25,0,20.680129867348,34.9666877557646,1.52667855793984,2.50000000022183,18.1801298671262,Could not find a solution that satisfies all constraints.  Relax the constraints to find a feasible solution.,NaN,NaN,1,0,,
newmap_path_corridor_overnight_direct_db,direct_vinf_alpha_force_balance_v1,newmap_path_corridor_overnight,MidbandGuide_Tilt57p5_V35_A5,tilt_57p5_v_35_a_5,57.5,35,5,vinf_alpha_force_balance_v1,front_rear_free_flap_elevator,guide_V35_T57p5_F200_Rm300,,NaN,1,1,exact_trim,4.1162073282864e-09,6.98702251611394e-09,w_dot,6.98702251611394e-09,1812.47237810491,743.356526565599,8.08816120347383,0,-5.16581694257495,0,24.6448857820472,34.8668144332111,3.05045099616804,5,19.6448857820472,Operating point specifications were successfully met.,NaN,NaN,1,0,,
newmap_path_corridor_overnight_direct_db,direct_vinf_alpha_force_balance_v1,newmap_path_corridor_overnight,MidbandGuide_Tilt57p5_V35_A7p5,tilt_57p5_v_35_a_7p5,57.5,35,7.5,vinf_alpha_force_balance_v1,front_rear_free_flap_elevator,guide_V35_T57p5_F200_R0,,NaN,0,0,near_trim_borderline,0.64593166356138,1.208159678453,q_dot,1.208159678453,1776.86641273619,702.359951968856,7.05012502426695,0,-12.0291664251172,0,24.7060537604809,34.7005701481236,4.56841672773558,7.50000000004622,17.2060537604347,Could not find a solution that satisfies all constraints.  Relax the constraints to find a feasible solution.,NaN,NaN,1,0,,
newmap_path_corridor_overnight_direct_db,direct_vinf_alpha_force_balance_v1,newmap_path_corridor_overnight,MidbandGuide_Tilt57p5_V35_A10,tilt_57p5_v_35_a_10,57.5,35,10,vinf_alpha_force_balance_v1,front_rear_free_flap_elevator,guide_V35_T57p5_F200_R0,,NaN,1,1,exact_trim,7.33168681258314e-13,1.59872115546023e-12,w_dot,1.59872115546023e-12,1852.09478996038,198.606631130104,5.26687695479981,0,15.6335688055055,0,25.3507776974757,34.4682713554273,6.07768621834256,10,15.3507776974757,Operating point specifications were successfully met.,NaN,NaN,1,0,,
newmap_path_corridor_overnight_direct_db,direct_vinf_alpha_force_balance_v1,newmap_path_corridor_overnight,MidbandGuide_Tilt57p5_V35_A12p5,tilt_57p5_v_35_a_12p5,57.5,35,12.5,vinf_alpha_force_balance_v1,front_rear_free_flap_elevator,guide_V35_T57p5_Fm200_R0,,NaN,0,1,quasi_trim_usable,0.281413093201871,0.474230881554141,q_dot,0.474230881554141,1966.98398975003,458.501267743494,2.93555869292841,0,6.18308763721007,0,27.3206206936685,34.1703602491978,7.57538648783231,12.4999999999979,14.8206206936706,Could not find a solution that satisfies all constraints.  Relax the constraints to find a feasible solution.,NaN,NaN,1,0,,
newmap_path_corridor_overnight_direct_db,direct_vinf_alpha_force_balance_v1,newmap_path_corridor_overnight,MidbandGuide_Tilt57p5_V35_A15,tilt_57p5_v_35_a_15,57.5,35,15,vinf_alpha_force_balance_v1,front_rear_free_flap_elevator,guide_V35_T57p5_F0_R0,,NaN,1,1,exact_trim,4.52123118735431e-13,7.74491581978509e-13,w_dot,7.74491581978509e-13,1919.20931761923,1011.3573960166,2.37473064394835,0,-17.1033204143785,0,25.4150744870491,33.8074039201174,9.05866657858822,15,10.4150744870491,Operating point specifications were successfully met.,NaN,NaN,1,0,,
newmap_path_corridor_overnight_direct_db,direct_vinf_alpha_force_balance_v1,newmap_path_corridor_overnight,MidbandGuide_Tilt52p5_V35_A0,tilt_52p5_v_35_a_0,52.5,35,0,vinf_alpha_force_balance_v1,front_rear_free_flap_elevator,guide_V35_T52p5_F0_R300,,NaN,0,0,near_trim_borderline,0.969185216366559,1.82760743471474,q_dot,1.82760743471474,2037.80339149055,1326.50388655698,0.180211882772466,0,-2.89211323813033,0,28.9690776107627,34.999999999985,7.77680587218029e-12,1.27308044162479e-11,28.96907761075,Could not find a solution that satisfies all constraints.  Relax the constraints to find a feasible solution.,NaN,NaN,1,0,,
newmap_path_corridor_overnight_direct_db,direct_vinf_alpha_force_balance_v1,newmap_path_corridor_overnight,MidbandGuide_Tilt52p5_V35_A2p5,tilt_52p5_v_35_a_2p5,52.5,35,2.5,vinf_alpha_force_balance_v1,front_rear_free_flap_elevator,guide_V35_T52p5_F0_R0,,NaN,0,0,not_usable,2.23171191928294,3.69545708370297,q_dot,3.69545708370297,1609.72675613283,808.019221628585,17.8389463764391,0,-6.1050761940174,0,16.579644607359,34.966687755365,1.52667855778676,2.5,14.079644607359,Could not find a solution that satisfies all constraints.  Relax the constraints to find a feasible solution.,NaN,NaN,1,0,,
newmap_path_corridor_overnight_direct_db,direct_vinf_alpha_force_balance_v1,newmap_path_corridor_overnight,MidbandGuide_Tilt52p5_V35_A5,tilt_52p5_v_35_a_5,52.5,35,5,vinf_alpha_force_balance_v1,front_rear_free_flap_elevator,guide_V35_T52p5_F200_R300,,NaN,0,0,near_trim_borderline,0.61350325128951,1.30554466215942,w_dot,1.30554466215942,1802.78436175045,1023.29488946479,5.8196213562768,0,-11.161392699738,0,22.2631623972294,34.8668144332111,3.05045099616804,5,17.2631623972294,Could not find a solution that satisfies all constraints.  Relax the constraints to find a feasible solution.,NaN,NaN,1,0,,
newmap_path_corridor_overnight_direct_db,direct_vinf_alpha_force_balance_v1,newmap_path_corridor_overnight,MidbandGuide_Tilt52p5_V35_A7p5,tilt_52p5_v_35_a_7p5,52.5,35,7.5,vinf_alpha_force_balance_v1,front_rear_free_flap_elevator,guide_V35_T52p5_F200_R0,,NaN,0,0,not_usable,1.09611518276015,2.07050594835062,w_dot,2.07050594835062,1829.01433207086,1187.73746231826,-0.207166691184591,0,-19.5886712894426,0,24.2417093301852,34.7005701480834,4.56841672770181,7.5,16.7417093301852,Could not find a solution that satisfies all constraints.  Relax the constraints to find a feasible solution.,NaN,NaN,1,0,,
newmap_path_corridor_overnight_direct_db,direct_vinf_alpha_force_balance_v1,newmap_path_corridor_overnight,MidbandGuide_Tilt52p5_V35_A10,tilt_52p5_v_35_a_10,52.5,35,10,vinf_alpha_force_balance_v1,front_rear_free_flap_elevator,guide_V35_T52p5_F200_Rm300,,NaN,0,0,not_usable,5.54279316211153,10.5420545119972,q_dot,10.5420545119972,1919.51231127575,568.354260440965,-7.73643925183132,0,-4.25364131049786,0,28.7760067898529,34.4682713554273,6.07768621834256,10,18.7760067898529,Could not find a solution that satisfies all constraints.  Relax the constraints to find a feasible solution.,NaN,NaN,1,0,,
newmap_path_corridor_overnight_direct_db,direct_vinf_alpha_force_balance_v1,newmap_path_corridor_overnight,MidbandGuide_Tilt52p5_V35_A12p5,tilt_52p5_v_35_a_12p5,52.5,35,12.5,vinf_alpha_force_balance_v1,front_rear_free_flap_elevator,guide_V35_T52p5_Fm200_R0,,NaN,0,1,quasi_trim_usable,0.343200875388656,0.884795060731363,w_dot,0.53493432325979,1764.72088467101,178.94668427817,0.466390807919851,0,15.9924452201133,0,25.8538862257847,34.1736040214771,7.57673053241795,12.5009986560609,13.3528875697238,Could not find a solution that satisfies all constraints.  Relax the constraints to find a feasible solution.,NaN,NaN,1,0,,
newmap_path_corridor_overnight_direct_db,direct_vinf_alpha_force_balance_v1,newmap_path_corridor_overnight,MidbandGuide_Tilt52p5_V35_A15,tilt_52p5_v_35_a_15,52.5,35,15,vinf_alpha_force_balance_v1,front_rear_free_flap_elevator,guide_V35_T52p5_F0_R300,,NaN,1,1,exact_trim,1.29945817442521e-08,1.89964239893925e-08,q_dot,1.8234697370557e-08,1756.31678372474,1186.49438788581,9.10192819345284,0,-18.2631846051097,0,16.6535543439273,33.8074039201174,9.05866657858822,15,1.65355434392726,Operating point specifications were successfully met.,NaN,NaN,1,0,,
newmap_path_corridor_overnight_direct_db,direct_vinf_alpha_force_balance_v1,newmap_path_corridor_overnight,MidbandGuide_Tilt70_V40_A0,tilt_70_v_40_a_0,70,40,0,vinf_alpha_force_balance_v1,front_rear_free_flap_elevator,guide_V40_T70_F200_R300,,NaN,0,0,not_usable,3.5546230974588,7.6816080470313,w_dot,7.6816080470313,2195.28703012353,1269.79189917136,14.5550844518217,0,-24.1468229727491,0,31.8140152370768,40,-3.65022765395473e-17,-5.22856597083864e-17,31.8140152370768,Could not find a solution that satisfies all constraints.  Relax the constraints to find a feasible solution.,NaN,NaN,1,0,,
newmap_path_corridor_overnight_direct_db,direct_vinf_alpha_force_balance_v1,newmap_path_corridor_overnight,MidbandGuide_Tilt70_V40_A2p5,tilt_70_v_40_a_2p5,70,40,2.5,vinf_alpha_force_balance_v1,front_rear_free_flap_elevator,guide_V40_T70_F0_Rm300,,NaN,0,0,not_usable,6.90091881408755,12.3359847703463,q_dot,12.3359847703463,1545.26296449876,465.41409226102,18.7048790305409,0,-12.2981375966188,0,17.4575920439562,39.9619288632743,1.74477549461344,2.5,14.9575920439562,Could not find a solution that satisfies all constraints.  Relax the constraints to find a feasible solution.,NaN,NaN,1,0,,
newmap_path_corridor_overnight_direct_db,direct_vinf_alpha_force_balance_v1,newmap_path_corridor_overnight,MidbandGuide_Tilt70_V40_A5,tilt_70_v_40_a_5,70,40,5,vinf_alpha_force_balance_v1,front_rear_free_flap_elevator,guide_V40_T70_Fm200_Rm300,,NaN,0,0,near_trim_borderline,0.652014945816549,1.20965189521965,q_dot,1.20965189521965,2400,561.543767788426,-12.852136344176,0,-0.0331071106458963,0,54.3076135567959,39.8477879236753,3.48622970990288,4.9999999999944,49.3076135568015,Could not find a solution that satisfies all constraints.  Relax the constraints to find a feasible solution.,NaN,NaN,1,0,,
newmap_path_corridor_overnight_direct_db,direct_vinf_alpha_force_balance_v1,newmap_path_corridor_overnight,MidbandGuide_Tilt70_V40_A7p5,tilt_70_v_40_a_7p5,70,40,7.5,vinf_alpha_force_balance_v1,front_rear_free_flap_elevator,guide_V40_T70_F0_R300,,NaN,1,1,exact_trim,5.82367998300161e-09,1.09586625028483e-08,q_dot,1.09586625028483e-08,1753.84302560277,762.896264455884,4.41466850158219,0,-23.1692611713705,0,26.7941063706471,39.6577944549524,5.22104768880207,7.5,19.2941063706471,Operating point specifications were successfully met.,NaN,NaN,1,0,,
newmap_path_corridor_overnight_direct_db,direct_vinf_alpha_force_balance_v1,newmap_path_corridor_overnight,MidbandGuide_Tilt70_V40_A10,tilt_70_v_40_a_10,70,40,10,vinf_alpha_force_balance_v1,front_rear_free_flap_elevator,guide_V40_T70_Fm200_Rm300,,NaN,1,1,exact_trim,7.37369820584063e-09,1.48335459471127e-08,w_dot,1.48335459471127e-08,1774.20120703724,118.109146147166,2.69903835541489,0,-19.5406788043102,0,29.4638340366041,39.3923101204883,6.94592710667721,10,19.4638340366041,Operating point specifications were successfully met.,NaN,NaN,1,0,,
newmap_path_corridor_overnight_direct_db,direct_vinf_alpha_force_balance_v1,newmap_path_corridor_overnight,MidbandGuide_Tilt70_V40_A12p5,tilt_70_v_40_a_12p5,70,40,12.5,vinf_alpha_force_balance_v1,front_rear_free_flap_elevator,guide_V40_T70_F0_Rm300,,NaN,0,1,quasi_trim_usable,0.38623187711407,0.676172163137746,q_dot,0.676172163137746,1798.73209757797,143.408235721109,-1.49815751855234,0,-24.1529293512683,0,31.1004086928229,39.0518402847925,8.65758455752289,12.4999999999998,18.6004086928231,Could not find a solution that satisfies all constraints.  Relax the constraints to find a feasible solution.,NaN,NaN,1,0,,
newmap_path_corridor_overnight_direct_db,direct_vinf_alpha_force_balance_v1,newmap_path_corridor_overnight,MidbandGuide_Tilt70_V40_A15,tilt_70_v_40_a_15,70,40,15,vinf_alpha_force_balance_v1,front_rear_free_flap_elevator,guide_V40_T70_F200_R0,,NaN,0,1,quasi_trim_usable,0.398914019348292,0.640711611006246,w_dot,0.640711611006246,1993.75501270455,995.374427559074,7.20911612441262,0,-23.285914882612,0,26.164208947643,38.6370330516682,10.352761804129,14.9999999999999,11.1642089476432,Could not find a solution that satisfies all constraints.  Relax the constraints to find a feasible solution.,NaN,NaN,1,0,,
newmap_path_corridor_overnight_direct_db,direct_vinf_alpha_force_balance_v1,newmap_path_corridor_overnight,MidbandGuide_Tilt65_V40_A0,tilt_65_v_40_a_0,65,40,0,vinf_alpha_force_balance_v1,front_rear_free_flap_elevator,guide_V40_T65_Fm200_R300,,NaN,0,0,not_usable,4.94220455438573,7.13928523348265,q_dot,7.13928523348265,1229.71626891407,533.085965133054,24.3121223033026,0,-1.72747088301771,0,7.4668580436522,40.0000000000004,-4.77927292713777e-12,-6.84580419665316e-12,7.46685804365904,Could not find a solution that satisfies all constraints.  Relax the constraints to find a feasible solution.,NaN,NaN,1,0,,
newmap_path_corridor_overnight_direct_db,direct_vinf_alpha_force_balance_v1,newmap_path_corridor_overnight,MidbandGuide_Tilt75_V40_A0,tilt_75_v_40_a_0,75,40,0,vinf_alpha_force_balance_v1,front_rear_free_flap_elevator,guide_V40_T75_Fm200_R300,,NaN,0,0,not_usable,1.76157755119888,3.63960871749138,w_dot,3.63960871749138,1585.02165245619,781.382927796669,20.836997655967,0,-12.3568757099401,0,18.4262165570883,39.9999999999775,-2.25696557436735e-11,-3.23286504794104e-11,18.4262165571206,Could not find a solution that satisfies all constraints.  Relax the constraints to find a feasible solution.,NaN,NaN,1,0,,
newmap_path_corridor_overnight_direct_db,direct_vinf_alpha_force_balance_v1,newmap_path_corridor_overnight,MidbandGuide_Tilt65_V40_A2p5,tilt_65_v_40_a_2p5,65,40,2.5,vinf_alpha_force_balance_v1,front_rear_free_flap_elevator,guide_V40_T65_F0_R0,,NaN,0,0,near_trim_borderline,0.577281247920756,1.05578544654587,q_dot,1.05578544654587,1783.79004206758,625.131838330607,11.0448115287272,0,-7.75370541083275,0,23.0042680538222,39.9619288632743,1.74477549461344,2.5,20.5042680538222,Could not find a solution that satisfies all constraints.  Relax the constraints to find a feasible solution.,NaN,NaN,1,0,,
newmap_path_corridor_overnight_direct_db,direct_vinf_alpha_force_balance_v1,newmap_path_corridor_overnight,MidbandGuide_Tilt75_V40_A2p5,tilt_75_v_40_a_2p5,75,40,2.5,vinf_alpha_force_balance_v1,front_rear_free_flap_elevator,guide_V40_T75_Fm200_R0,,NaN,0,1,quasi_trim_usable,0.428331476550033,0.798025232603209,w_dot,0.798025232603209,1975.86763329266,491.486621159635,10.4073623038209,0,-9.97464100999546,0,32.5254077385867,39.9619288633148,1.74477549463551,2.50000000002905,30.0254077385577,Could not find a solution that satisfies all constraints.  Relax the constraints to find a feasible solution.,NaN,NaN,1,0,,
newmap_path_corridor_overnight_direct_db,direct_vinf_alpha_force_balance_v1,newmap_path_corridor_overnight,MidbandGuide_Tilt65_V40_A5,tilt_65_v_40_a_5,65,40,5,vinf_alpha_force_balance_v1,front_rear_free_flap_elevator,guide_V40_T65_F0_R0,,NaN,0,0,near_trim_borderline,0.669484292721504,1.34511751033659,w_dot,1.34511751033659,1700.91820505166,487.658382753893,6.7152119207173,0,-11.3234469001491,0,22.6003963951715,39.8477879241214,3.4862297093082,4.99999999909013,17.6003963960814,Could not find a solution that satisfies all constraints.  Relax the constraints to find a feasible solution.,NaN,NaN,1,0,,
newmap_path_corridor_overnight_direct_db,direct_vinf_alpha_force_balance_v1,newmap_path_corridor_overnight,MidbandGuide_Tilt75_V40_A5,tilt_75_v_40_a_5,75,40,5,vinf_alpha_force_balance_v1,front_rear_free_flap_elevator,guide_V40_T75_F200_R0,,NaN,0,0,not_usable,1.15159235608732,2.01386689786749,w_dot,2.01386689786749,2056.19944654488,876.018593179106,0.248408631743817,0,-19.6175626792153,0,38.3027633927084,39.8477879236741,3.48622970990242,4.99999999999389,33.3027633927145,Could not find a solution that satisfies all constraints.  Relax the constraints to find a feasible solution.,NaN,NaN,1,0,,
newmap_path_corridor_overnight_direct_db,direct_vinf_alpha_force_balance_v1,newmap_path_corridor_overnight,MidbandGuide_Tilt65_V40_A7p5,tilt_65_v_40_a_7p5,65,40,7.5,vinf_alpha_force_balance_v1,front_rear_free_flap_elevator,guide_V40_T65_F0_R300,,NaN,0,0,not_usable,2.29902664411483,3.83181251875383,q_dot,3.83181251875383,1834.55336403268,856.987731664037,3.24103257781408,0,-21.9798956056831,0,25.8535804208559,39.6577944549524,5.22104768880206,7.5,18.3535804208559,Could not find a solution that satisfies all constraints.  Relax the constraints to find a feasible solution.,NaN,NaN,1,0,,
newmap_path_corridor_overnight_direct_db,direct_vinf_alpha_force_balance_v1,newmap_path_corridor_overnight,MidbandGuide_Tilt75_V40_A7p5,tilt_75_v_40_a_7p5,75,40,7.5,vinf_alpha_force_balance_v1,front_rear_free_flap_elevator,guide_V40_T75_F0_R0,,NaN,0,1,quasi_trim_usable,0.413508898332665,0.778440891368964,q_dot,0.778440891368964,2167.94955533479,642.942164050969,24.0804407351437,0,18.9040554089146,0,25.2825411557025,39.6577944549557,5.22104768861499,7.49999999973372,17.7825411559688,Could not find a solution that satisfies all constraints.  Relax the constraints to find a feasible solution.,NaN,NaN,1,0,,
newmap_path_corridor_overnight_direct_db,direct_vinf_alpha_force_balance_v1,newmap_path_corridor_overnight,MidbandGuide_Tilt65_V40_A10,tilt_65_v_40_a_10,65,40,10,vinf_alpha_force_balance_v1,front_rear_free_flap_elevator,guide_V40_T65_F0_Rm300,,NaN,0,0,not_usable,2.17223815440803,4.10437405111855,q_dot,4.10437405111855,1739.32699801926,207.759688394991,2.27062579366834,0,-18.856932489257,0,26.0660706225968,39.3923101204918,6.94592710668359,10.0000000000081,16.0660706225887,Could not find a solution that satisfies all constraints.  Relax the constraints to find a feasible solution.,NaN,NaN,1,0,,
newmap_path_corridor_overnight_direct_db,direct_vinf_alpha_force_balance_v1,newmap_path_corridor_overnight,MidbandGuide_Tilt75_V40_A10,tilt_75_v_40_a_10,75,40,10,vinf_alpha_force_balance_v1,front_rear_free_flap_elevator,guide_V40_T75_F0_R0,,NaN,0,0,not_usable,1.13195022492053,2.15148099496817,q_dot,2.15148099496817,2176.49632663783,132.864917250485,18.9977840832097,0,8.6276835963828,0,30.0797434481904,39.3923101194118,6.94592710697439,10.000000000687,20.0797434475034,Could not find a solution that satisfies all constraints.  Relax the constraints to find a feasible solution.,NaN,NaN,1,0,,
newmap_path_corridor_overnight_direct_db,direct_vinf_alpha_force_balance_v1,newmap_path_corridor_overnight,MidbandGuide_Tilt65_V40_A12p5,tilt_65_v_40_a_12p5,65,40,12.5,vinf_alpha_force_balance_v1,front_rear_free_flap_elevator,guide_V40_T65_F0_R0,,NaN,1,1,exact_trim,4.93957174287283e-09,9.33925123579919e-09,q_dot,9.33925123579919e-09,1914.23829382194,742.041798170491,5.24536656738343,0,-16.5019016004059,0,25.9701301683193,39.0518402847997,8.65758455753296,12.5000000000116,13.4701301683076,Operating point specifications were successfully met.,NaN,NaN,1,0,,
newmap_path_corridor_overnight_direct_db,direct_vinf_alpha_force_balance_v1,newmap_path_corridor_overnight,MidbandGuide_Tilt75_V40_A12p5,tilt_75_v_40_a_12p5,75,40,12.5,vinf_alpha_force_balance_v1,front_rear_free_flap_elevator,guide_V40_T75_F200_R300,,NaN,0,0,not_usable,4.19288215070707,8.59091711735747,w_dot,8.59091711735747,2313.22745308108,426.155183016518,-0.961052014864229,0,-25,0,45.0570238449712,39.0518402847487,8.65758455760142,12.5000000001232,32.5570238448481,Could not find a solution that satisfies all constraints.  Relax the constraints to find a feasible solution.,NaN,NaN,1,0,,
newmap_path_corridor_overnight_direct_db,direct_vinf_alpha_force_balance_v1,newmap_path_corridor_overnight,MidbandGuide_Tilt65_V40_A15,tilt_65_v_40_a_15,65,40,15,vinf_alpha_force_balance_v1,front_rear_free_flap_elevator,guide_V40_T65_F200_Rm300,,NaN,0,0,not_usable,3.83348818103039,6.28863950497634,q_dot,6.28863950497634,2177.62888722759,236.007616133207,3.77066165522968,0,-5.77186904244243,0,30.4568640071407,38.6370330515627,10.3527618041008,15,15.4568640071407,Could not find a solution that satisfies all constraints.  Relax the constraints to find a feasible solution.,NaN,NaN,1,0,,
newmap_path_corridor_overnight_direct_db,direct_vinf_alpha_force_balance_v1,newmap_path_corridor_overnight,MidbandGuide_Tilt75_V40_A15,tilt_75_v_40_a_15,75,40,15,vinf_alpha_force_balance_v1,front_rear_free_flap_elevator,guide_V40_T75_F200_Rm300,,NaN,0,0,not_usable,36.6847333091067,69.6467343838366,q_dot,69.6467343838366,1450,500,0,0,0,0,15,38.6370330515627,10.3527618041008,15,0,Could not find a solution that satisfies all constraints.  Relax the constraints to find a feasible solution.,NaN,NaN,1,0,,
newmap_path_corridor_overnight_direct_db,direct_vinf_alpha_force_balance_v1,newmap_path_corridor_overnight,MidbandGuide_Tilt60_V40_A0,tilt_60_v_40_a_0,60,40,0,vinf_alpha_force_balance_v1,front_rear_free_flap_elevator,guide_V40_T60_F200_Rm300,,NaN,1,1,exact_trim,1.71977435347612e-08,2.99730585214658e-08,q_dot,2.99730585214658e-08,1586.4221465619,511.542083420296,19.1249297327197,0,0.00196665733558238,0,13.8276055901614,40,-1.66625181170683e-15,-2.38672991042071e-15,13.8276055901614,Operating point specifications were successfully met.,NaN,NaN,1,0,,
newmap_path_corridor_overnight_direct_db,direct_vinf_alpha_force_balance_v1,newmap_path_corridor_overnight,MidbandGuide_Tilt60_V40_A2p5,tilt_60_v_40_a_2p5,60,40,2.5,vinf_alpha_force_balance_v1,front_rear_free_flap_elevator,guide_V40_T60_F200_R300,,NaN,0,1,quasi_trim_usable,0.378788267539677,0.693479445821454,q_dot,0.693479445821454,2003.65930022581,1505.07213732314,-3.050657326639,0,-21.7354817452715,0,30.2917094317711,39.9619288632747,1.74477549461306,2.49999999999943,27.7917094317717,Could not find a solution that satisfies all constraints.  Relax the constraints to find a feasible solution.,NaN,NaN,1,0,,
newmap_path_corridor_overnight_direct_db,direct_vinf_alpha_force_balance_v1,newmap_path_corridor_overnight,MidbandGuide_Tilt60_V40_A5,tilt_60_v_40_a_5,60,40,5,vinf_alpha_force_balance_v1,front_rear_free_flap_elevator,guide_V40_T60_F200_Rm300,,NaN,0,1,quasi_trim_usable,0.44514712704543,0.867167084658512,w_dot,0.867167084658512,1729.82424985878,473.31890244789,6.47144314547289,0,-8.08714775636245,0,22.1072967100211,39.8477879236698,3.48622970990633,5,17.1072967100211,Could not find a solution that satisfies all constraints.  Relax the constraints to find a feasible solution.,NaN,NaN,1,0,,
newmap_path_corridor_overnight_direct_db,direct_vinf_alpha_force_balance_v1,newmap_path_corridor_overnight,MidbandGuide_Tilt60_V40_A7p5,tilt_60_v_40_a_7p5,60,40,7.5,vinf_alpha_force_balance_v1,front_rear_free_flap_elevator,guide_V40_T60_F200_R0,,NaN,0,0,not_usable,1.64293531361478,3.38499199944759,w_dot,3.38499199944759,1893.10051103916,550.999081957104,-0.0402284126408748,0,-8.23260508757624,0,27.5716234936796,39.6577944549524,5.22104768880206,7.5,20.0716234936796,Could not find a solution that satisfies all constraints.  Relax the constraints to find a feasible solution.,NaN,NaN,1,0,,
newmap_path_corridor_overnight_direct_db,direct_vinf_alpha_force_balance_v1,newmap_path_corridor_overnight,MidbandGuide_Tilt60_V40_A10,tilt_60_v_40_a_10,60,40,10,vinf_alpha_force_balance_v1,front_rear_free_flap_elevator,guide_V40_T60_F0_Rm300,,NaN,0,0,near_trim_borderline,0.928180279522245,1.74918362638328,q_dot,1.74918362638328,2224.33409697566,878.061609541472,-21.2647566458004,0,-6.18466591325969,0,40.8200120105625,39.3923101204889,6.94592710667565,9.99999999999766,30.8200120105649,Could not find a solution that satisfies all constraints.  Relax the constraints to find a feasible solution.,NaN,NaN,1,0,,
newmap_path_corridor_overnight_direct_db,direct_vinf_alpha_force_balance_v1,newmap_path_corridor_overnight,MidbandGuide_Tilt60_V40_A12p5,tilt_60_v_40_a_12p5,60,40,12.5,vinf_alpha_force_balance_v1,front_rear_free_flap_elevator,guide_V40_T60_Fm200_R0,,NaN,0,0,not_usable,2.51941044475417,4.68141878685507,q_dot,4.68141878685507,1851.15779146842,315.103919804815,3.29876694346654,0,-7.49000529579016,0,24.3809099681865,39.0518402849734,8.65758455744779,12.4999999998387,11.8809099683479,Could not find a solution that satisfies all constraints.  Relax the constraints to find a feasible solution.,NaN,NaN,1,0,,
newmap_path_corridor_overnight_direct_db,direct_vinf_alpha_force_balance_v1,newmap_path_corridor_overnight,MidbandGuide_Tilt60_V40_A15,tilt_60_v_40_a_15,60,40,15,vinf_alpha_force_balance_v1,front_rear_free_flap_elevator,guide_V40_T60_F0_R0,,NaN,1,1,exact_trim,1.36767277883617e-13,2.49928997989902e-13,q_dot,2.49928997989902e-13,1685.237086685,117.556843704543,-3.20765895654755,0,-22.4816716751077,0,25.2897526593932,38.6370330515627,10.3527618041008,15,10.2897526593932,Operating point specifications were successfully met.,NaN,NaN,1,0,,
newmap_path_corridor_overnight_direct_db,direct_vinf_alpha_force_balance_v1,newmap_path_corridor_overnight,MidbandGuide_Tilt75_V45_A0,tilt_75_v_45_a_0,75,45,0,vinf_alpha_force_balance_v1,front_rear_free_flap_elevator,guide_V45_T75_F200_Rm300,,NaN,0,0,near_trim_borderline,1.04928898715,1.89562715833753,q_dot,1.89562715833753,1436.68939371689,296.05957770721,17.8531374914601,0,-6.42395930968153,0,12.8150676907937,45,6.96606607399346e-18,8.8694707966465e-18,12.8150676907937,Could not find a solution that satisfies all constraints.  Relax the constraints to find a feasible solution.,NaN,NaN,1,0,,
newmap_path_corridor_overnight_direct_db,direct_vinf_alpha_force_balance_v1,newmap_path_corridor_overnight,MidbandGuide_Tilt75_V45_A2p5,tilt_75_v_45_a_2p5,75,45,2.5,vinf_alpha_force_balance_v1,front_rear_free_flap_elevator,guide_V45_T75_Fm200_Rm300,,NaN,0,0,near_trim_borderline,0.696772558496507,1.34139968182985,w_dot,1.34139968182985,1338.74029269814,142.753771955295,14.8533492044976,0,-11.3742433731675,0,11.9149551702724,44.9571699711836,1.96287243144012,2.5,9.41495517027241,Could not find a solution that satisfies all constraints.  Relax the constraints to find a feasible solution.,NaN,NaN,1,0,,
newmap_path_corridor_overnight_direct_db,direct_vinf_alpha_force_balance_v1,newmap_path_corridor_overnight,MidbandGuide_Tilt75_V45_A5,tilt_75_v_45_a_5,75,45,5,vinf_alpha_force_balance_v1,front_rear_free_flap_elevator,guide_V45_T75_F0_Rm300,,NaN,0,0,near_trim_borderline,0.677823871746245,1.19218686350926,q_dot,1.19218686350926,1306.27190665014,614.335146857344,11.3307430146562,0,-20.2608009614766,0,12.5133332491082,44.8287614141288,3.92200842363851,4.99999999999222,7.513333249116,Could not find a solution that satisfies all constraints.  Relax the constraints to find a feasible solution.,NaN,NaN,1,0,,
newmap_path_corridor_overnight_direct_db,direct_vinf_alpha_force_balance_v1,newmap_path_corridor_overnight,MidbandGuide_Tilt75_V45_A7p5,tilt_75_v_45_a_7p5,75,45,7.5,vinf_alpha_force_balance_v1,front_rear_free_flap_elevator,guide_V45_T75_Fm200_R300,,NaN,0,1,quasi_trim_usable,0.640986001418009,0.923187469241967,q_dot,0.923187469241967,1306.9907759878,562.03700365296,6.0985718438129,0,-25,0,15.4952643638146,44.6150187618446,5.87367864991434,7.50000000001133,7.99526436380329,Could not find a solution that satisfies all constraints.  Relax the constraints to find a feasible solution.,NaN,NaN,1,0,,
newmap_path_corridor_overnight_direct_db,direct_vinf_alpha_force_balance_v1,newmap_path_corridor_overnight,MidbandGuide_Tilt75_V45_A10,tilt_75_v_45_a_10,75,45,10,vinf_alpha_force_balance_v1,front_rear_free_flap_elevator,guide_V45_T75_F200_R300,,NaN,0,0,not_usable,2.99746467375291,5.58257982938579,q_dot,5.58257982938579,1626.94261270025,107.419810107398,4.83904710146184,0,-25,0,25.7177521709291,44.3163488854767,7.81416799429975,9.99999999912314,15.717752171806,Could not find a solution that satisfies all constraints.  Relax the constraints to find a feasible solution.,NaN,NaN,1,0,,
newmap_path_corridor_overnight_direct_db,direct_vinf_alpha_force_balance_v1,newmap_path_corridor_overnight,MidbandGuide_Tilt75_V45_A12p5,tilt_75_v_45_a_12p5,75,45,12.5,vinf_alpha_force_balance_v1,front_rear_free_flap_elevator,guide_V45_T75_Fm200_R0,,NaN,0,0,not_usable,1.49214432482365,2.82702522704314,q_dot,2.82702522704314,1890.49797834268,298.279947030256,13.7322711058192,0,-9.235113417714,0,19.7384498235596,43.9333203203958,9.73978262721322,12.4999999999986,7.23844982356102,Could not find a solution that satisfies all constraints.  Relax the constraints to find a feasible solution.,NaN,NaN,1,0,,
newmap_path_corridor_overnight_direct_db,direct_vinf_alpha_force_balance_v1,newmap_path_corridor_overnight,MidbandGuide_Tilt75_V45_A15,tilt_75_v_45_a_15,75,45,15,vinf_alpha_force_balance_v1,front_rear_free_flap_elevator,guide_V45_T75_F200_Rm300,,NaN,0,0,not_usable,2.18453520922354,4.15829759633745,q_dot,4.15829759633745,1657.86894154254,698.997058544562,12.4870990127753,0,-17.039767498897,0,13.3439960295188,43.4666621830051,11.6468570296298,15.0000000000211,-1.6560039705023,Could not find a solution that satisfies all constraints.  Relax the constraints to find a feasible solution.,NaN,NaN,1,0,,
newmap_path_corridor_overnight_direct_db,direct_vinf_alpha_force_balance_v1,newmap_path_corridor_overnight,MidbandGuide_Tilt80_V45_A0,tilt_80_v_45_a_0,80,45,0,vinf_alpha_force_balance_v1,front_rear_free_flap_elevator,guide_V45_T80_F0_Rm300,,NaN,0,0,not_usable,3.43995606410404,6.12441946513739,q_dot,6.12441946513739,1347.93273896977,373.052870252318,19.5136433776991,0,-10.86097927938,0,10.4490439728731,45,2.81420899575171e-17,3.58316218054051e-17,10.4490439728731,Could not find a solution that satisfies all constraints.  Relax the constraints to find a feasible solution.,NaN,NaN,1,0,,
newmap_path_corridor_overnight_direct_db,direct_vinf_alpha_force_balance_v1,newmap_path_corridor_overnight,MidbandGuide_Tilt80_V45_A2p5,tilt_80_v_45_a_2p5,80,45,2.5,vinf_alpha_force_balance_v1,front_rear_free_flap_elevator,guide_V45_T80_F0_Rm300,,NaN,0,0,near_trim_borderline,0.82045803225043,1.54805968405305,q_dot,1.54805968405305,1709.52088554349,256.932486050335,14.5663925106231,0,-13.1433028968219,0,20.4124138080896,44.9571699711836,1.96287243144012,2.5,17.9124138080896,Could not find a solution that satisfies all constraints.  Relax the constraints to find a feasible solution.,NaN,NaN,1,0,,
newmap_path_corridor_overnight_direct_db,direct_vinf_alpha_force_balance_v1,newmap_path_corridor_overnight,MidbandGuide_Tilt80_V45_A5,tilt_80_v_45_a_5,80,45,5,vinf_alpha_force_balance_v1,front_rear_free_flap_elevator,guide_V45_T80_F0_R300,,NaN,0,0,not_usable,3.32613650827986,5.68405685605498,q_dot,5.68405685605498,2110.61456037204,693.048377330512,6.99650861672253,0,-25,0,29.3550898819209,44.8287614141067,3.92200842363479,4.99999999998996,24.3550898819309,Could not find a solution that satisfies all constraints.  Relax the constraints to find a feasible solution.,NaN,NaN,1,0,,
newmap_path_corridor_overnight_direct_db,direct_vinf_alpha_force_balance_v1,newmap_path_corridor_overnight,MidbandGuide_Tilt80_V45_A7p5,tilt_80_v_45_a_7p5,80,45,7.5,vinf_alpha_force_balance_v1,front_rear_free_flap_elevator,guide_V45_T80_F0_R0,,NaN,0,0,not_usable,1.64191221108639,2.47235467493012,w_dot,2.47235467493012,1959.91421458544,459.517308454498,4.31129238276418,0,-25,0,29.2752653996048,44.615018761685,5.87367865007295,7.50000000023807,21.7752653993668,Could not find a solution that satisfies all constraints.  Relax the constraints to find a feasible solution.,NaN,NaN,1,0,,
newmap_path_corridor_overnight_direct_db,direct_vinf_alpha_force_balance_v1,newmap_path_corridor_overnight,MidbandGuide_Tilt80_V45_A10,tilt_80_v_45_a_10,80,45,10,vinf_alpha_force_balance_v1,front_rear_free_flap_elevator,guide_V45_T80_F200_Rm300,,NaN,0,0,not_usable,52.7628354907742,100.379263413783,q_dot,100.379263413783,1311.74242424242,415,0,0,0,0,10,44.3163488855494,7.81416799501187,10,0,Could not find a solution that satisfies all constraints.  Relax the constraints to find a feasible solution.,NaN,NaN,1,0,,
newmap_path_corridor_overnight_direct_db,direct_vinf_alpha_force_balance_v1,newmap_path_corridor_overnight,MidbandGuide_Tilt80_V45_A12p5,tilt_80_v_45_a_12p5,80,45,12.5,vinf_alpha_force_balance_v1,front_rear_free_flap_elevator,guide_V45_T80_F200_Rm300,,NaN,0,0,not_usable,57.6585658547973,109.674434041079,q_dot,109.674434041079,1311.74242424242,415,0,0,0,0,12.5,43.933320320397,9.73978262721463,12.5,0,Could not find a solution that satisfies all constraints.  Relax the constraints to find a feasible solution.,NaN,NaN,1,0,,
newmap_path_corridor_overnight_direct_db,direct_vinf_alpha_force_balance_v1,newmap_path_corridor_overnight,MidbandGuide_Tilt70_V45_A0,tilt_70_v_45_a_0,70,45,0,vinf_alpha_force_balance_v1,front_rear_free_flap_elevator,guide_V45_T70_Fm200_R300,,NaN,0,0,not_usable,2.1726803586673,3.98876788158024,q_dot,3.98876788158024,1068.06328523721,942.16413626324,17.7087482314284,0,-20.5355362701287,0,4.72291686248502,45,-2.59666068009606e-17,-3.30617106215721e-17,4.72291686248502,Could not find a solution that satisfies all constraints.  Relax the constraints to find a feasible solution.,NaN,NaN,1,0,,
newmap_path_corridor_overnight_direct_db,direct_vinf_alpha_force_balance_v1,newmap_path_corridor_overnight,MidbandGuide_Tilt80_V45_A15,tilt_80_v_45_a_15,80,45,15,vinf_alpha_force_balance_v1,front_rear_free_flap_elevator,guide_V45_T80_F200_Rm300,,NaN,0,0,not_usable,48.5344996197477,92.4040874514131,q_dot,92.4040874514131,1311.74242424242,415,0,0,0,0,15,43.4666621830081,11.6468570296134,15,1.77635683940025e-15,Could not find a solution that satisfies all constraints.  Relax the constraints to find a feasible solution.,NaN,NaN,1,0,,
newmap_path_corridor_overnight_direct_db,direct_vinf_alpha_force_balance_v1,newmap_path_corridor_overnight,MidbandGuide_Tilt70_V45_A2p5,tilt_70_v_45_a_2p5,70,45,2.5,vinf_alpha_force_balance_v1,front_rear_free_flap_elevator,guide_V45_T70_F0_Rm300,,NaN,1,1,exact_trim,1.66159015373863e-07,2.62789093596894e-07,w_dot,2.62789093596894e-07,1369.33821363318,344.521399019486,13.7026941932725,0,-10.6372267043531,0,11.7917147125354,44.9571699711836,1.96287243144012,2.5,9.29171471253536,Operating point specifications were successfully met.,NaN,NaN,1,0,,
newmap_path_corridor_overnight_direct_db,direct_vinf_alpha_force_balance_v1,newmap_path_corridor_overnight,MidbandGuide_Tilt70_V45_A5,tilt_70_v_45_a_5,70,45,5,vinf_alpha_force_balance_v1,front_rear_free_flap_elevator,guide_V45_T70_Fm200_R300,,NaN,1,1,exact_trim,1.49065392038014e-10,2.96289215384604e-10,w_dot,2.96289215384604e-10,1356.13978820724,881.178596974422,7.30311307332745,0,-24.9719934162844,0,13.6307396043707,44.8287614141286,3.92200842364462,5,8.6307396043707,Operating point specifications were successfully met.,NaN,NaN,1,0,,
newmap_path_corridor_overnight_direct_db,direct_vinf_alpha_force_balance_v1,newmap_path_corridor_overnight,MidbandGuide_Tilt70_V45_A7p5,tilt_70_v_45_a_7p5,70,45,7.5,vinf_alpha_force_balance_v1,front_rear_free_flap_elevator,guide_V45_T70_F0_R0,,NaN,0,0,not_usable,1.1000932288717,2.01911222062526,q_dot,2.01911222062526,1496.74350825017,710.757788694857,2.50655051027662,0,-25,0,19.4319080203267,44.6150187615515,5.87367865000279,7.50000000017169,11.931908020155,Could not find a solution that satisfies all constraints.  Relax the constraints to find a feasible solution.,NaN,NaN,1,0,,
newmap_path_corridor_overnight_direct_db,direct_vinf_alpha_force_balance_v1,newmap_path_corridor_overnight,MidbandGuide_Tilt70_V45_A10,tilt_70_v_45_a_10,70,45,10,vinf_alpha_force_balance_v1,front_rear_free_flap_elevator,guide_V45_T70_F200_R0,,NaN,0,0,not_usable,3.02212452224871,5.68336857578188,q_dot,5.68336857578188,1830.99986461557,214.792155500554,-7.35466381035385,0,-17.8351325699529,0,31.8032942670275,44.3163488849046,7.81416799478704,9.99999999986064,21.8032942671668,Could not find a solution that satisfies all constraints.  Relax the constraints to find a feasible solution.,NaN,NaN,1,0,,
newmap_path_corridor_overnight_direct_db,direct_vinf_alpha_force_balance_v1,newmap_path_corridor_overnight,MidbandGuide_Tilt70_V45_A12p5,tilt_70_v_45_a_12p5,70,45,12.5,vinf_alpha_force_balance_v1,front_rear_free_flap_elevator,guide_V45_T70_F0_R300,,NaN,0,0,not_usable,3.88051509041789,7.38500196844135,q_dot,7.38500196844135,1683.83326290573,352.861552979076,2.20664188629457,0,-25,0,23.3064468875309,43.9333203205087,9.7397826269901,12.4999999996901,10.8064468878408,Could not find a solution that satisfies all constraints.  Relax the constraints to find a feasible solution.,NaN,NaN,1,0,,
newmap_path_corridor_overnight_direct_db,direct_vinf_alpha_force_balance_v1,newmap_path_corridor_overnight,MidbandGuide_Tilt70_V45_A15,tilt_70_v_45_a_15,70,45,15,vinf_alpha_force_balance_v1,front_rear_free_flap_elevator,guide_V45_T70_F200_R300,,NaN,0,0,not_usable,7.32136645684335,12.6751490029405,q_dot,12.6751490029405,1906.09949493526,359.300085412968,-3.11608486964138,0,-25,0,28.8710867540943,43.4666621830879,11.6468570296689,15.0000000000419,13.8710867540524,Could not find a solution that satisfies all constraints.  Relax the constraints to find a feasible solution.,NaN,NaN,1,0,,
newmap_path_corridor_overnight_direct_db,direct_vinf_alpha_force_balance_v1,newmap_path_corridor_overnight,MidbandGuide_Tilt65_V45_A0,tilt_65_v_45_a_0,65,45,0,vinf_alpha_force_balance_v1,front_rear_free_flap_elevator,guide_V45_T65_F0_R300,,NaN,0,0,near_trim_borderline,0.781284926544825,1.29352808070212,q_dot,1.29352808070212,1140.80354866836,747.019915420215,20.7806034471866,0,-10.946087265402,0,1.04822539118384,45.0000000000124,5.65902055481118e-12,7.20528875485273e-12,1.04822539117664,Could not find a solution that satisfies all constraints.  Relax the constraints to find a feasible solution.,NaN,NaN,1,0,,
newmap_path_corridor_overnight_direct_db,direct_vinf_alpha_force_balance_v1,newmap_path_corridor_overnight,MidbandGuide_Tilt65_V45_A2p5,tilt_65_v_45_a_2p5,65,45,2.5,vinf_alpha_force_balance_v1,front_rear_free_flap_elevator,guide_V45_T65_Fm200_Rm300,,NaN,0,0,not_usable,1.88136802190458,2.87109431998093,q_dot,2.53768885530862,796.047431006725,474.700142105813,15.4277510465237,0,-14.8604314640588,0,3.23174113438615,44.9571699711836,1.96287243144012,2.5,0.731741134386145,Could not find a solution that satisfies all constraints.  Relax the constraints to find a feasible solution.,NaN,NaN,1,0,,
newmap_path_corridor_overnight_direct_db,direct_vinf_alpha_force_balance_v1,newmap_path_corridor_overnight,MidbandGuide_Tilt65_V45_A5,tilt_65_v_45_a_5,65,45,5,vinf_alpha_force_balance_v1,front_rear_free_flap_elevator,guide_V45_T65_F0_R300,,NaN,1,1,exact_trim,2.93872703634262e-07,5.19387808074526e-07,q_dot,5.19387808074526e-07,1575.91722172599,1057.28756094638,1.81982216444496,0,-21.7689840831428,0,19.2239921450545,44.8287614141286,3.92200842364462,5,14.2239921450545,Operating point specifications were successfully met.,NaN,NaN,1,0,,
newmap_path_corridor_overnight_direct_db,direct_vinf_alpha_force_balance_v1,newmap_path_corridor_overnight,MidbandGuide_Tilt65_V45_A7p5,tilt_65_v_45_a_7p5,65,45,7.5,vinf_alpha_force_balance_v1,front_rear_free_flap_elevator,guide_V45_T65_F200_R0,,NaN,1,1,exact_trim,4.01424084051389e-08,8.77491501682925e-08,w_dot,8.77491501682925e-08,1534.22593555109,538.888473162593,-0.151803014029668,0,-17.9901106530287,0,20.4811093937344,44.6150187618215,5.87367864990232,7.5,12.9811093937344,Operating point specifications were successfully met.,NaN,NaN,1,0,,
newmap_path_corridor_overnight_direct_db,direct_vinf_alpha_force_balance_v1,newmap_path_corridor_overnight,MidbandGuide_Tilt65_V45_A10,tilt_65_v_45_a_10,65,45,10,vinf_alpha_force_balance_v1,front_rear_free_flap_elevator,guide_V45_T65_F200_Rm300,,NaN,0,0,near_trim_borderline,1.10634491734985,1.77075931604246,q_dot,1.77075931604246,2167.26489798821,287.014189382292,-19.2173349029217,0,-7.34548039735777,0,42.0551925399753,44.3163488855513,7.8141679950133,10.0000000000014,32.055192539974,Could not find a solution that satisfies all constraints.  Relax the constraints to find a feasible solution.,NaN,NaN,1,0,,
newmap_path_corridor_overnight_direct_db,direct_vinf_alpha_force_balance_v1,newmap_path_corridor_overnight,MidbandGuide_Tilt65_V45_A12p5,tilt_65_v_45_a_12p5,65,45,12.5,vinf_alpha_force_balance_v1,front_rear_free_flap_elevator,guide_V45_T65_Fm200_R300,,NaN,0,0,near_trim_borderline,0.922624694294242,1.46645566764022,w_dot,1.46645566764022,1288.16882733337,943.606464289544,20.9731551386436,0,-15.6423746726157,0,-6.22327338045147,43.933320320396,9.7397826271967,12.499999999978,-18.7232733804294,Could not find a solution that satisfies all constraints.  Relax the constraints to find a feasible solution.,NaN,NaN,1,0,,
newmap_path_corridor_overnight_direct_db,direct_vinf_alpha_force_balance_v1,newmap_path_corridor_overnight,MidbandGuide_Tilt65_V45_A15,tilt_65_v_45_a_15,65,45,15,vinf_alpha_force_balance_v1,front_rear_free_flap_elevator,guide_V45_T65_F200_Rm300,,NaN,0,0,near_trim_borderline,0.797242386962913,1.18852880350863,q_dot,1.18852880350863,1513.14704721445,583.5983335557,13.2031290738067,0,-13.0033994530699,0,6.5084655218591,43.4666621830086,11.6468570296141,15.0000000000006,-8.49153447814154,Could not find a solution that satisfies all constraints.  Relax the constraints to find a feasible solution.,NaN,NaN,1,0,,
newmap_path_corridor_overnight_direct_db,direct_vinf_alpha_force_balance_v1,newmap_path_corridor_overnight,MidbandGuide_Tilt80_V50_A0,tilt_80_v_50_a_0,80,50,0,vinf_alpha_force_balance_v1,front_rear_free_flap_elevator,guide_V50_T80_F0_Rm300,,NaN,0,0,near_trim_borderline,0.610290632264335,1.14053788233645,q_dot,1.14053788233645,600,301.663924857704,15.5893585965308,0,-9.15326679989778,0,-4.77302150337971,49.9999999999988,1.44166732201077e-12,1.65202906026294e-12,-4.77302150338136,Could not find a solution that satisfies all constraints.  Relax the constraints to find a feasible solution.,NaN,NaN,1,0,,
newmap_path_corridor_overnight_direct_db,direct_vinf_alpha_force_balance_v1,newmap_path_corridor_overnight,MidbandGuide_Tilt80_V50_A2p5,tilt_80_v_50_a_2p5,80,50,2.5,vinf_alpha_force_balance_v1,front_rear_free_flap_elevator,guide_V50_T80_F0_Rm300,,NaN,1,1,exact_trim,5.97833992152953e-07,1.32141742836822e-06,q_dot,8.15771772335284e-07,1113.54325564987,235.185220007432,10.2701139420433,0,-12.9663638184672,0,7.16497456094001,49.9524110790929,2.1809693682668,2.5,4.66497456094001,Operating point specifications were successfully met.,NaN,NaN,1,0,,
newmap_path_corridor_overnight_direct_db,direct_vinf_alpha_force_balance_v1,newmap_path_corridor_overnight,MidbandGuide_Tilt80_V50_A5,tilt_80_v_50_a_5,80,50,5,vinf_alpha_force_balance_v1,front_rear_free_flap_elevator,guide_V50_T80_Fm200_R300,,NaN,0,1,quasi_trim_usable,0.516637910198681,0.979816296158907,q_dot,0.979816296158907,764.94192014683,699.212344260481,6.03382255912901,0,-23.0539111088639,0,3.63178068516758,49.8097349045904,4.35778713738505,5.00000000000213,-1.36821931483455,Could not find a solution that satisfies all constraints.  Relax the constraints to find a feasible solution.,NaN,NaN,1,0,,
newmap_path_corridor_overnight_direct_db,direct_vinf_alpha_force_balance_v1,newmap_path_corridor_overnight,MidbandGuide_Tilt80_V50_A7p5,tilt_80_v_50_a_7p5,80,50,7.5,vinf_alpha_force_balance_v1,front_rear_free_flap_elevator,guide_V50_T80_F0_R0,,NaN,0,1,quasi_trim_usable,0.540830931719149,0.986570167927175,q_dot,0.986570167927175,913.19270330392,459.242173623901,1.92294934948274,0,-24.962955871327,0,9.76819621336532,49.5722430686905,6.52630961100258,7.5,2.26819621336532,Could not find a solution that satisfies all constraints.  Relax the constraints to find a feasible solution.,NaN,NaN,1,0,,
newmap_path_corridor_overnight_direct_db,direct_vinf_alpha_force_balance_v1,newmap_path_corridor_overnight,MidbandGuide_Tilt80_V50_A10,tilt_80_v_50_a_10,80,50,10,vinf_alpha_force_balance_v1,front_rear_free_flap_elevator,guide_V50_T80_F200_Rm300,,NaN,0,0,not_usable,64.1201192142503,121.556474358849,q_dot,121.556474358849,1200,350,0,0,0,0,10,49.2403876506104,8.68240888334652,10,1.77635683940025e-15,Could not find a solution that satisfies all constraints.  Relax the constraints to find a feasible solution.,NaN,NaN,1,0,,
newmap_path_corridor_overnight_direct_db,direct_vinf_alpha_force_balance_v1,newmap_path_corridor_overnight,MidbandGuide_Tilt80_V50_A12p5,tilt_80_v_50_a_12p5,80,50,12.5,vinf_alpha_force_balance_v1,front_rear_free_flap_elevator,guide_V50_T80_F200_R300,,NaN,0,0,not_usable,3.00240536188941,5.08396896565345,q_dot,5.08396896565345,1437.75238158348,956.039371684663,13.3550279146797,0,-20.6307197240617,0,-2.02287050339898,48.8148003560309,10.8219806969251,12.5000000000139,-14.5228705034129,Could not find a solution that satisfies all constraints.  Relax the constraints to find a feasible solution.,NaN,NaN,1,0,,
newmap_path_corridor_overnight_direct_db,direct_vinf_alpha_force_balance_v1,newmap_path_corridor_overnight,MidbandGuide_Tilt80_V50_A15,tilt_80_v_50_a_15,80,50,15,vinf_alpha_force_balance_v1,front_rear_free_flap_elevator,guide_V50_T80_F200_R0,,NaN,0,0,not_usable,11.149428790354,19.8084151794024,q_dot,19.8084151794024,2380.86569870221,777.20525075239,12.4931381848745,0,-25,0,22.1193003491772,48.2962913141988,12.9409522551491,15.000000000101,7.11930034907616,Could not find a solution that satisfies all constraints.  Relax the constraints to find a feasible solution.,NaN,NaN,1,0,,
newmap_path_corridor_overnight_direct_db,direct_vinf_alpha_force_balance_v1,newmap_path_corridor_overnight,MidbandGuide_Tilt75_V50_A0,tilt_75_v_50_a_0,75,50,0,vinf_alpha_force_balance_v1,front_rear_free_flap_elevator,guide_V50_T75_Fm200_R300,,NaN,0,0,not_usable,4.85773672762545,9.22872269979544,q_dot,9.22872269979544,892.182213108993,801.80128025426,13.6412625202532,0,-15.4596512745699,0,1.87608909027599,50,-3.50608665378224e-18,-4.01767935737735e-18,1.87608909027599,Could not find a solution that satisfies all constraints.  Relax the constraints to find a feasible solution.,NaN,NaN,1,0,,
newmap_path_corridor_overnight_direct_db,direct_vinf_alpha_force_balance_v1,newmap_path_corridor_overnight,MidbandGuide_Tilt85_V50_A0,tilt_85_v_50_a_0,85,50,0,vinf_alpha_force_balance_v1,front_rear_free_flap_elevator,guide_V50_T85_Fm200_R300,,NaN,0,0,near_trim_borderline,0.7359720754103,1.39557493927742,q_dot,1.39557493927742,1112.34061290467,818.980572059536,14.1968098336259,0,-14.5587613714683,0,4.42899953148864,50.0000000000006,7.50992314585946e-14,8.60573801450704e-14,4.42899953148856,Could not find a solution that satisfies all constraints.  Relax the constraints to find a feasible solution.,NaN,NaN,1,0,,
newmap_path_corridor_overnight_direct_db,direct_vinf_alpha_force_balance_v1,newmap_path_corridor_overnight,MidbandGuide_Tilt75_V50_A2p5,tilt_75_v_50_a_2p5,75,50,2.5,vinf_alpha_force_balance_v1,front_rear_free_flap_elevator,guide_V50_T75_F200_Rm300,,NaN,1,1,exact_trim,6.31646893125039e-14,1.12100506451353e-13,q_dot,1.12100506451353e-13,1398.41902885192,295.79639897503,7.80000023224036,0,-10.5526014849623,0,13.7971585235074,49.9524110790929,2.1809693682668,2.5,11.2971585235074,Operating point specifications were successfully met.,NaN,NaN,1,0,,
newmap_path_corridor_overnight_direct_db,direct_vinf_alpha_force_balance_v1,newmap_path_corridor_overnight,MidbandGuide_Tilt85_V50_A2p5,tilt_85_v_50_a_2p5,85,50,2.5,vinf_alpha_force_balance_v1,front_rear_free_flap_elevator,guide_V50_T85_F0_R300,,NaN,0,0,near_trim_borderline,0.633109387179187,1.19206095192828,q_dot,1.19206095192828,1079.54497420184,870.719776961665,9.84095212001708,0,-22.2677255657734,0,6.04562875430292,49.9524110790948,2.18096936826892,2.50000000000233,3.54562875430058,Could not find a solution that satisfies all constraints.  Relax the constraints to find a feasible solution.,NaN,NaN,1,0,,
newmap_path_corridor_overnight_direct_db,direct_vinf_alpha_force_balance_v1,newmap_path_corridor_overnight,MidbandGuide_Tilt75_V50_A5,tilt_75_v_50_a_5,75,50,5,vinf_alpha_force_balance_v1,front_rear_free_flap_elevator,guide_V50_T75_Fm200_R300,,NaN,1,1,exact_trim,1.26339058559892e-12,2.10693820731928e-12,q_dot,2.10693820731928e-12,1280.37036248406,609.701052215815,3.74034469804172,0,-18.6222282931081,0,13.1242307699987,49.8097349045873,4.35778713738291,5,8.12423076999873,Operating point specifications were successfully met.,NaN,NaN,1,0,,
newmap_path_corridor_overnight_direct_db,direct_vinf_alpha_force_balance_v1,newmap_path_corridor_overnight,MidbandGuide_Tilt85_V50_A5,tilt_85_v_50_a_5,85,50,5,vinf_alpha_force_balance_v1,front_rear_free_flap_elevator,guide_V50_T85_Fm200_R0,,NaN,0,0,near_trim_borderline,0.765882353769741,1.45228166762385,q_dot,1.45228166762385,638.900469892962,515.291224451289,7.26687754556697,0,-20.9776528339992,0,2.03067080778513,49.8097349045873,4.35778713738291,5,-2.96932919221487,Could not find a solution that satisfies all constraints.  Relax the constraints to find a feasible solution.,NaN,NaN,1,0,,
newmap_path_corridor_overnight_direct_db,direct_vinf_alpha_force_balance_v1,newmap_path_corridor_overnight,MidbandGuide_Tilt75_V50_A7p5,tilt_75_v_50_a_7p5,75,50,7.5,vinf_alpha_force_balance_v1,front_rear_free_flap_elevator,guide_V50_T75_Fm200_R0,,NaN,1,1,exact_trim,1.58903767329561e-07,2.87629518425092e-07,w_dot,2.87629518425092e-07,1043.53088303286,570.61561460931,0.788452959412914,0,-24.9959363791916,0,10.2775031955051,49.5722430686905,6.52630961100255,7.49999999999996,2.77750319550512,Operating point specifications were successfully met.,NaN,NaN,1,0,,
newmap_path_corridor_overnight_direct_db,direct_vinf_alpha_force_balance_v1,newmap_path_corridor_overnight,MidbandGuide_Tilt85_V50_A7p5,tilt_85_v_50_a_7p5,85,50,7.5,vinf_alpha_force_balance_v1,front_rear_free_flap_elevator,guide_V50_T85_F0_Rm300,,NaN,1,1,exact_trim,6.48315451519041e-08,1.1175254326333e-07,q_dot,1.1175254326333e-07,1269.11200286429,100.041975194409,2.15439675221817,0,-23.9838642359848,0,15.2725905389093,49.5722430686905,6.5263096110026,7.50000000000003,7.77259053890926,Operating point specifications were successfully met.,NaN,NaN,1,0,,
newmap_path_corridor_overnight_direct_db,direct_vinf_alpha_force_balance_v1,newmap_path_corridor_overnight,MidbandGuide_Tilt75_V50_A10,tilt_75_v_50_a_10,75,50,10,vinf_alpha_force_balance_v1,front_rear_free_flap_elevator,guide_V50_T75_F200_Rm300,,NaN,0,0,not_usable,61.7944976489245,117.046760805533,q_dot,117.046760805533,1200,350,0,0,0,0,10,49.2403876506104,8.68240888334652,10,1.77635683940025e-15,Could not find a solution that satisfies all constraints.  Relax the constraints to find a feasible solution.,NaN,NaN,1,0,,
newmap_path_corridor_overnight_direct_db,direct_vinf_alpha_force_balance_v1,newmap_path_corridor_overnight,MidbandGuide_Tilt85_V50_A10,tilt_85_v_50_a_10,85,50,10,vinf_alpha_force_balance_v1,front_rear_free_flap_elevator,guide_V50_T85_Fm200_Rm300,,NaN,0,0,not_usable,65.9011430903043,125.055785389313,q_dot,125.055785389313,800,350,0,0,0,0,10,49.2403876506104,8.68240888334652,10,1.77635683940025e-15,Could not find a solution that satisfies all constraints.  Relax the constraints to find a feasible solution.,NaN,NaN,1,0,,
newmap_path_corridor_overnight_direct_db,direct_vinf_alpha_force_balance_v1,newmap_path_corridor_overnight,MidbandGuide_Tilt75_V50_A12p5,tilt_75_v_50_a_12p5,75,50,12.5,vinf_alpha_force_balance_v1,front_rear_free_flap_elevator,guide_V50_T75_F200_R300,,NaN,0,0,not_usable,3.47359978123246,6.56933850608425,q_dot,6.56933850608425,1357.89575534877,706.125309117228,6.05019316979463,0,-22.3667719607067,0,5.90048032145285,48.8148003560288,10.8219806969134,12.5000000000013,-6.5995196785484,Could not find a solution that satisfies all constraints.  Relax the constraints to find a feasible solution.,NaN,NaN,1,0,,
newmap_path_corridor_overnight_direct_db,direct_vinf_alpha_force_balance_v1,newmap_path_corridor_overnight,MidbandGuide_Tilt85_V50_A12p5,tilt_85_v_50_a_12p5,85,50,12.5,vinf_alpha_force_balance_v1,front_rear_free_flap_elevator,guide_V50_T85_F200_R300,,NaN,0,0,not_usable,7.51184326903877,14.2677786724657,q_dot,14.2677786724657,2211.1921639082,100,6.51378149074526,0,-25,0,29.6748950333099,48.8148003567583,10.8219806951514,12.4999999978491,17.1748950354608,Could not find a solution that satisfies all constraints.  Relax the constraints to find a feasible solution.,NaN,NaN,1,0,,
newmap_path_corridor_overnight_direct_db,direct_vinf_alpha_force_balance_v1,newmap_path_corridor_overnight,MidbandGuide_Tilt75_V50_A15,tilt_75_v_50_a_15,75,50,15,vinf_alpha_force_balance_v1,front_rear_free_flap_elevator,guide_V50_T75_Fm200_Rm300,,NaN,0,0,not_usable,3.50844892857274,7.04033895725134,w_dot,7.04033895725134,1620.03012121542,1088.40204838444,11.5297811842193,0,-25,0,4.97507057678933,48.2962913143886,12.940952255385,15.0000000003059,-10.0249294235166,Could not find a solution that satisfies all constraints.  Relax the constraints to find a feasible solution.,NaN,NaN,1,0,,
newmap_path_corridor_overnight_direct_db,direct_vinf_alpha_force_balance_v1,newmap_path_corridor_overnight,MidbandGuide_Tilt85_V50_A15,tilt_85_v_50_a_15,85,50,15,vinf_alpha_force_balance_v1,front_rear_free_flap_elevator,guide_V50_T85_Fm200_Rm300,,NaN,0,0,not_usable,60.5701971299828,115.209889139474,q_dot,115.209889139474,800,350,0,0,0,0,15,48.2962913144534,12.940952255126,15,0,Could not find a solution that satisfies all constraints.  Relax the constraints to find a feasible solution.,NaN,NaN,1,0,,
newmap_path_corridor_overnight_direct_db,direct_vinf_alpha_force_balance_v1,newmap_path_corridor_overnight,MidbandGuide_Tilt70_V50_A0,tilt_70_v_50_a_0,70,50,0,vinf_alpha_force_balance_v1,front_rear_free_flap_elevator,guide_V50_T70_F0_Rm300,,NaN,1,1,exact_trim,8.67648966887808e-08,1.56332335907956e-07,q_dot,1.56332335907956e-07,1024.70615829778,327.794759826676,13.4597005550186,0,-6.80385198599741,0,2.75460912919141,50,8.14877281919797e-22,9.33780581501931e-22,2.75460912919141,Operating point specifications were successfully met.,NaN,NaN,1,0,,
newmap_path_corridor_overnight_direct_db,direct_vinf_alpha_force_balance_v1,newmap_path_corridor_overnight,MidbandGuide_Tilt70_V50_A2p5,tilt_70_v_50_a_2p5,70,50,2.5,vinf_alpha_force_balance_v1,front_rear_free_flap_elevator,guide_V50_T70_F0_R300,,NaN,0,0,near_trim_borderline,0.821713402296045,1.55115769682068,q_dot,1.55115769682068,1067.80208712814,1104.84962461934,7.05160470808922,0,-24.2077595050614,0,5.5280820680912,49.9524110790932,2.18096936826654,2.49999999999969,3.02808206809152,Could not find a solution that satisfies all constraints.  Relax the constraints to find a feasible solution.,NaN,NaN,1,0,,
newmap_path_corridor_overnight_direct_db,direct_vinf_alpha_force_balance_v1,newmap_path_corridor_overnight,MidbandGuide_Tilt70_V50_A5,tilt_70_v_50_a_5,70,50,5,vinf_alpha_force_balance_v1,front_rear_free_flap_elevator,guide_V50_T70_Fm200_R0,,NaN,1,1,exact_trim,1.62430690586747e-07,2.68180052387379e-07,w_dot,2.68180052387379e-07,856.958061367973,454.737872937887,5.57365890120711,0,-18.503247861323,0,5.05785858413914,49.8097349045873,4.35778713738291,5,0.0578585841391392,Operating point specifications were successfully met.,NaN,NaN,1,0,,
newmap_path_corridor_overnight_direct_db,direct_vinf_alpha_force_balance_v1,newmap_path_corridor_overnight,MidbandGuide_Tilt70_V50_A7p5,tilt_70_v_50_a_7p5,70,50,7.5,vinf_alpha_force_balance_v1,front_rear_free_flap_elevator,guide_V50_T70_Fm200_Rm300,,NaN,1,1,exact_trim,1.76626495637604e-07,3.18857079902014e-07,q_dot,3.18857079902014e-07,863.695865184824,303.726865742173,1.66443112268779,0,-22.5243426837383,0,7.43759476052511,49.5722430686905,6.52630961100258,7.5,-0.0624052394748915,Operating point specifications were successfully met.,NaN,NaN,1,0,,
newmap_path_corridor_overnight_direct_db,direct_vinf_alpha_force_balance_v1,newmap_path_corridor_overnight,MidbandGuide_Tilt70_V50_A10,tilt_70_v_50_a_10,70,50,10,vinf_alpha_force_balance_v1,front_rear_free_flap_elevator,guide_V50_T70_Fm200_R300,,NaN,0,0,not_usable,6.52370503213269,12.3473722011577,q_dot,12.3473722011577,1875.65459249389,100,-11.5476115875655,0,-15.8593577124861,0,31.602193913458,49.2403876504624,8.6824088832765,9.99999999995043,21.6021939135076,Could not find a solution that satisfies all constraints.  Relax the constraints to find a feasible solution.,NaN,NaN,1,0,,
newmap_path_corridor_overnight_direct_db,direct_vinf_alpha_force_balance_v1,newmap_path_corridor_overnight,MidbandGuide_Tilt70_V50_A12p5,tilt_70_v_50_a_12p5,70,50,12.5,vinf_alpha_force_balance_v1,front_rear_free_flap_elevator,guide_V50_T70_F0_R0,,NaN,0,0,not_usable,11.7566612013737,21.6939373475922,q_dot,21.6939373475922,1302.64853093816,517.271746385659,1.13366604596736,0,-25,0,7.09235383359157,48.8148003559982,10.8219806969055,12.5,-5.40764616640844,Could not find a solution that satisfies all constraints.  Relax the constraints to find a feasible solution.,NaN,NaN,1,0,,
newmap_path_corridor_overnight_direct_db,direct_vinf_alpha_force_balance_v1,newmap_path_corridor_overnight,MidbandGuide_Tilt70_V50_A15,tilt_70_v_50_a_15,70,50,15,vinf_alpha_force_balance_v1,front_rear_free_flap_elevator,guide_V50_T70_F0_Rm300,,NaN,0,0,not_usable,2.83742350183709,5.32772904943806,q_dot,5.32772904943806,1363.5947648132,365.06441047537,6.23398637951069,0,-20.1311621076184,0,5.62328678054665,48.2962913144599,12.9409522551276,14.9999999999998,-9.37671321945315,Could not find a solution that satisfies all constraints.  Relax the constraints to find a feasible solution.,NaN,NaN,1,0,,
newmap_path_corridor_overnight_direct_db,direct_vinf_alpha_force_balance_v1,newmap_path_corridor_overnight,MidbandGuide_Tilt82p5_V55_A0,tilt_82p5_v_55_a_0,82.5,55,0,vinf_alpha_force_balance_v1,front_rear_free_flap_elevator,guide_V55_T82p5_F0_Rm300,,NaN,1,1,exact_trim,1.03042552708001e-05,1.94587920115358e-05,q_dot,1.94587920115358e-05,600,545.096559476498,10.2021668229673,0,-8.50410250827513,0,-2.59201743801022,55,-1.98593627774892e-15,-2.06883212903516e-15,-2.59201743801022,Operating point specifications were successfully met.,NaN,NaN,1,0,,
newmap_path_corridor_overnight_direct_db,direct_vinf_alpha_force_balance_v1,newmap_path_corridor_overnight,MidbandGuide_Tilt82p5_V55_A2p5,tilt_82p5_v_55_a_2p5,82.5,55,2.5,vinf_alpha_force_balance_v1,front_rear_free_flap_elevator,guide_V55_T82p5_F200_Rm300,,NaN,0,0,not_usable,2.10048711592845,3.76727359299326,q_dot,3.76727359299326,1461.8790297719,266.791538676281,5.42180211962999,0,-10.7118389227021,0,15.546222564981,54.9476521870022,2.39906630509348,2.5,13.046222564981,Could not find a solution that satisfies all constraints.  Relax the constraints to find a feasible solution.,NaN,NaN,1,0,,
newmap_path_corridor_overnight_direct_db,direct_vinf_alpha_force_balance_v1,newmap_path_corridor_overnight,MidbandGuide_Tilt82p5_V55_A5,tilt_82p5_v_55_a_5,82.5,55,5,vinf_alpha_force_balance_v1,front_rear_free_flap_elevator,guide_V55_T82p5_F200_R0,,NaN,0,0,not_usable,1.6998414170237,3.22414410145326,q_dot,3.22414410145326,762.091601963756,775.084887293974,1.28565782494151,0,-20.1536136197514,0,4.07274347464662,54.7907083950444,4.79356585112165,5.00000000000062,-0.927256525353995,Could not find a solution that satisfies all constraints.  Relax the constraints to find a feasible solution.,NaN,NaN,1,0,,
newmap_path_corridor_overnight_direct_db,direct_vinf_alpha_force_balance_v1,newmap_path_corridor_overnight,MidbandGuide_Tilt82p5_V55_A7p5,tilt_82p5_v_55_a_7p5,82.5,55,7.5,vinf_alpha_force_balance_v1,front_rear_free_flap_elevator,guide_V55_T82p5_Fm200_Rm300,,NaN,1,1,exact_trim,7.61478910805632e-08,1.36654457421344e-07,q_dot,1.36654457421344e-07,1283.70896413588,278.392399294174,-3.43494690163973,0,-21.115230614405,0,15.9223771200045,54.5294673755596,7.17894057210284,7.5,8.42237712000449,Operating point specifications were successfully met.,NaN,NaN,1,0,,
newmap_path_corridor_overnight_direct_db,direct_vinf_alpha_force_balance_v1,newmap_path_corridor_overnight,MidbandGuide_Tilt82p5_V55_A10,tilt_82p5_v_55_a_10,82.5,55,10,vinf_alpha_force_balance_v1,front_rear_free_flap_elevator,guide_V55_T82p5_F200_Rm300,,NaN,0,0,not_usable,78.17819042811,147.546858156009,q_dot,147.546858156009,1126.21527777778,297.5,0,0,0,0,10,54.1644264156714,9.55064977168117,10,0,Could not find a solution that satisfies all constraints.  Relax the constraints to find a feasible solution.,NaN,NaN,1,0,,
newmap_path_corridor_overnight_direct_db,direct_vinf_alpha_force_balance_v1,newmap_path_corridor_overnight,MidbandGuide_Tilt82p5_V55_A12p5,tilt_82p5_v_55_a_12p5,82.5,55,12.5,vinf_alpha_force_balance_v1,front_rear_free_flap_elevator,guide_V55_T82p5_F0_R0,,NaN,0,0,near_trim_borderline,0.650460595240884,1.36664849948667,w_dot,1.36664849948667,995.177239198723,100,5.65838837604979,0,-22.0942603456225,0,-1.25085678198856,53.6962803915964,11.9041787666248,12.5000000000296,-13.7508567820181,Could not find a solution that satisfies all constraints.  Relax the constraints to find a feasible solution.,NaN,NaN,1,0,,
newmap_path_corridor_overnight_direct_db,direct_vinf_alpha_force_balance_v1,newmap_path_corridor_overnight,MidbandGuide_Tilt82p5_V55_A15,tilt_82p5_v_55_a_15,82.5,55,15,vinf_alpha_force_balance_v1,front_rear_free_flap_elevator,guide_V55_T82p5_F200_R0,,NaN,0,0,not_usable,6.06933886114507,9.23247113993085,q_dot,8.27190043122082,1809.7263257989,443.481325850892,11.6805447783435,0,-21.4995045786893,0,7.00767382982172,53.1259204458987,14.2350474806386,15,-7.99232617017828,Could not find a solution that satisfies all constraints.  Relax the constraints to find a feasible solution.,NaN,NaN,1,0,,
newmap_path_corridor_overnight_direct_db,direct_vinf_alpha_force_balance_v1,newmap_path_corridor_overnight,MidbandGuide_Tilt87p5_V55_A0,tilt_87p5_v_55_a_0,87.5,55,0,vinf_alpha_force_balance_v1,front_rear_free_flap_elevator,guide_V55_T87p5_Fm200_R300,,NaN,0,0,not_usable,5.73920169438156,10.7817083894292,q_dot,10.7817083894292,1811.73771261664,727.268999205626,10.481096191013,0,-14.7675960807259,0,13.247492030634,55,3.13488551207303e-17,3.26574016542714e-17,13.247492030634,Could not find a solution that satisfies all constraints.  Relax the constraints to find a feasible solution.,NaN,NaN,1,0,,
newmap_path_corridor_overnight_direct_db,direct_vinf_alpha_force_balance_v1,newmap_path_corridor_overnight,MidbandGuide_Tilt87p5_V55_A2p5,tilt_87p5_v_55_a_2p5,87.5,55,2.5,vinf_alpha_force_balance_v1,front_rear_free_flap_elevator,guide_V55_T87p5_Fm200_Rm300,,NaN,1,1,exact_trim,1.75214357988171e-13,3.83693077310454e-13,w_dot,3.83693077310454e-13,972.858003309338,381.316680398976,6.24384207525338,0,-12.9458904167004,0,5.12531060532871,54.9476521870022,2.39906630509348,2.5,2.62531060532871,Operating point specifications were successfully met.,NaN,NaN,1,0,,
newmap_path_corridor_overnight_direct_db,direct_vinf_alpha_force_balance_v1,newmap_path_corridor_overnight,MidbandGuide_Tilt77p5_V55_A0,tilt_77p5_v_55_a_0,77.5,55,0,vinf_alpha_force_balance_v1,front_rear_free_flap_elevator,guide_V55_T77p5_Fm200_Rm300,,NaN,1,1,exact_trim,1.51358132830832e-09,3.27066373984053e-09,w_dot,3.27066373984053e-09,926.494667670849,201.082001583568,9.96256189085989,0,-6.33126480499772,0,1.72782974105283,55,-1.61644713289418e-22,-1.68391997310652e-22,1.72782974105283,Operating point specifications were successfully met.,NaN,NaN,1,0,,
newmap_path_corridor_overnight_direct_db,direct_vinf_alpha_force_balance_v1,newmap_path_corridor_overnight,MidbandGuide_Tilt87p5_V55_A5,tilt_87p5_v_55_a_5,87.5,55,5,vinf_alpha_force_balance_v1,front_rear_free_flap_elevator,guide_V55_T87p5_Fm200_R300,,NaN,0,0,not_usable,4.22978547118993,8.03194406238955,q_dot,8.03194406238955,1176.81168125833,802.242123040886,1.08445825511924,0,-20.2664939946806,0,11.3569012457736,54.790708395046,4.79356585112288,5.00000000000174,6.35690124577183,Could not find a solution that satisfies all constraints.  Relax the constraints to find a feasible solution.,NaN,NaN,1,0,,
newmap_path_corridor_overnight_direct_db,direct_vinf_alpha_force_balance_v1,newmap_path_corridor_overnight,MidbandGuide_Tilt77p5_V55_A2p5,tilt_77p5_v_55_a_2p5,77.5,55,2.5,vinf_alpha_force_balance_v1,front_rear_free_flap_elevator,guide_V55_T77p5_Fm200_Rm300,,NaN,0,0,not_usable,2.09272184583783,3.94702344476854,q_dot,3.94702344476854,721.628241935037,280.723568567214,6.09039264490068,0,-10.8241235898632,0,2.42002683711248,54.9476521870022,2.39906630509348,2.5,-0.0799731628875211,Could not find a solution that satisfies all constraints.  Relax the constraints to find a feasible solution.,NaN,NaN,1,0,,
newmap_path_corridor_overnight_direct_db,direct_vinf_alpha_force_balance_v1,newmap_path_corridor_overnight,MidbandGuide_Tilt87p5_V55_A7p5,tilt_87p5_v_55_a_7p5,87.5,55,7.5,vinf_alpha_force_balance_v1,front_rear_free_flap_elevator,guide_V55_T87p5_Fm200_Rm300,,NaN,1,1,exact_trim,2.12890963512773e-07,3.90033446814944e-07,q_dot,3.90033446814944e-07,1033.16530238531,185.807690525751,-2.15353014945051,0,-22.138440187087,0,10.8468159465167,54.5294673755596,7.17894057210284,7.5,3.34681594651667,Operating point specifications were successfully met.,NaN,NaN,1,0,,
newmap_path_corridor_overnight_direct_db,direct_vinf_alpha_force_balance_v1,newmap_path_corridor_overnight,MidbandGuide_Tilt77p5_V55_A5,tilt_77p5_v_55_a_5,77.5,55,5,vinf_alpha_force_balance_v1,front_rear_free_flap_elevator,guide_V55_T77p5_F200_R0,,NaN,1,1,exact_trim,3.88627066788863e-07,6.24591599861732e-07,q_dot,6.24591599861732e-07,981.014980090005,211.690107053165,1.28009044514318,0,-15.5716373214892,0,7.74139261678272,54.790708395046,4.7935658511212,5,2.74139261678272,Operating point specifications were successfully met.,NaN,NaN,1,0,,
newmap_path_corridor_overnight_direct_db,direct_vinf_alpha_force_balance_v1,newmap_path_corridor_overnight,MidbandGuide_Tilt87p5_V55_A10,tilt_87p5_v_55_a_10,87.5,55,10,vinf_alpha_force_balance_v1,front_rear_free_flap_elevator,guide_V55_T87p5_Fm200_Rm300,,NaN,0,0,not_usable,79.0987199504799,149.415954700733,q_dot,149.415954700733,726.215277777778,297.5,0,0,0,0,10,54.1644264156714,9.55064977168117,10,0,Could not find a solution that satisfies all constraints.  Relax the constraints to find a feasible solution.,NaN,NaN,1,0,,
newmap_path_corridor_overnight_direct_db,direct_vinf_alpha_force_balance_v1,newmap_path_corridor_overnight,MidbandGuide_Tilt77p5_V55_A7p5,tilt_77p5_v_55_a_7p5,77.5,55,7.5,vinf_alpha_force_balance_v1,front_rear_free_flap_elevator,guide_V55_T77p5_Fm200_Rm300,,NaN,1,1,exact_trim,1.21888510804953e-10,2.27869088490852e-10,q_dot,2.27869088490852e-10,640.043701753417,336.066093002693,-2.34082247085718,0,-21.7932679495525,0,5.00659874639699,54.5294673755596,7.17894057210284,7.5,-2.49340125360301,Operating point specifications were successfully met.,NaN,NaN,1,0,,
newmap_path_corridor_overnight_direct_db,direct_vinf_alpha_force_balance_v1,newmap_path_corridor_overnight,MidbandGuide_Tilt87p5_V55_A12p5,tilt_87p5_v_55_a_12p5,87.5,55,12.5,vinf_alpha_force_balance_v1,front_rear_free_flap_elevator,guide_V55_T87p5_F200_R300,,NaN,0,0,not_usable,14.5297253112808,26.5284694461094,q_dot,26.5284694461094,2213.12632918814,295.174687473788,6.03534634302088,0,-20.4735981609389,0,32.2397141861925,53.6962803916054,11.9041787665855,12.4999999999876,19.7397141862048,Could not find a solution that satisfies all constraints.  Relax the constraints to find a feasible solution.,NaN,NaN,1,0,,
newmap_path_corridor_overnight_direct_db,direct_vinf_alpha_force_balance_v1,newmap_path_corridor_overnight,MidbandGuide_Tilt77p5_V55_A10,tilt_77p5_v_55_a_10,77.5,55,10,vinf_alpha_force_balance_v1,front_rear_free_flap_elevator,guide_V55_T77p5_F200_Rm300,,NaN,0,0,not_usable,76.1444225419845,143.561917060513,q_dot,143.561917060513,1126.21527777778,297.5,0,0,0,0,10,54.1644264156714,9.55064977168117,10,0,Could not find a solution that satisfies all constraints.  Relax the constraints to find a feasible solution.,NaN,NaN,1,0,,
newmap_path_corridor_overnight_direct_db,direct_vinf_alpha_force_balance_v1,newmap_path_corridor_overnight,MidbandGuide_Tilt87p5_V55_A15,tilt_87p5_v_55_a_15,87.5,55,15,vinf_alpha_force_balance_v1,front_rear_free_flap_elevator,guide_V55_T87p5_F200_R300,,NaN,0,0,not_usable,19.8562001913103,37.0063099610599,q_dot,37.0063099610599,1756.15019822224,774.480443630464,4.57494819936806,0,-22.7534900733476,0,17.5708318093033,53.1259204459096,14.2350474806615,15.0000000000201,2.57083180928323,Could not find a solution that satisfies all constraints.  Relax the constraints to find a feasible solution.,NaN,NaN,1,0,,
newmap_path_corridor_overnight_direct_db,direct_vinf_alpha_force_balance_v1,newmap_path_corridor_overnight,MidbandGuide_Tilt77p5_V55_A12p5,tilt_77p5_v_55_a_12p5,77.5,55,12.5,vinf_alpha_force_balance_v1,front_rear_free_flap_elevator,guide_V55_T77p5_F0_Rm300,,NaN,0,0,not_usable,4.73894733543002,8.30767071832809,q_dot,8.30767071832809,856.35202701937,434.36423333213,8.88449945693205,0,-20.8926610982737,0,-8.27252946862875,53.6962803915897,11.9041787665948,12.5000000000006,-20.7725294686293,Could not find a solution that satisfies all constraints.  Relax the constraints to find a feasible solution.,NaN,NaN,1,0,,
newmap_path_corridor_overnight_direct_db,direct_vinf_alpha_force_balance_v1,newmap_path_corridor_overnight,MidbandGuide_Tilt77p5_V55_A15,tilt_77p5_v_55_a_15,77.5,55,15,vinf_alpha_force_balance_v1,front_rear_free_flap_elevator,guide_V55_T77p5_F200_R300,,NaN,0,0,not_usable,7.40736010141423,15.7282278625704,w_dot,15.7282278625704,1385.66289236242,1190.96426008551,15.6970837502082,0,-25,0,-7.4945024442655,53.1259204459253,14.2350474806676,15.000000000022,-22.4945024442875,Could not find a solution that satisfies all constraints.  Relax the constraints to find a feasible solution.,NaN,NaN,1,0,,
newmap_path_corridor_overnight_direct_db,direct_vinf_alpha_force_balance_v1,newmap_path_corridor_overnight,MidbandGuide_Tilt72p5_V55_A0,tilt_72p5_v_55_a_0,72.5,55,0,vinf_alpha_force_balance_v1,front_rear_free_flap_elevator,guide_V55_T72p5_Fm200_Rm300,,NaN,1,1,exact_trim,2.27698450943942e-09,3.92970645478159e-09,q_dot,3.92970645478159e-09,756.306167020643,274.356762922087,9.93347879104391,0,-6.40448550037772,0,-0.813545226055917,55,-2.27994129894175e-23,-2.3751093448534e-23,-0.813545226055917,Operating point specifications were successfully met.,NaN,NaN,1,0,,
newmap_path_corridor_overnight_direct_db,direct_vinf_alpha_force_balance_v1,newmap_path_corridor_overnight,MidbandGuide_Tilt72p5_V55_A2p5,tilt_72p5_v_55_a_2p5,72.5,55,2.5,vinf_alpha_force_balance_v1,front_rear_free_flap_elevator,guide_V55_T72p5_F200_R0,,NaN,0,0,not_usable,1.99954780809555,3.77582522457449,q_dot,3.77582522457449,1133.33576248426,660.070181216337,4.24163512578095,0,-11.443827938183,0,8.7811303628344,54.9476521870022,2.39906630509348,2.5,6.2811303628344,Could not find a solution that satisfies all constraints.  Relax the constraints to find a feasible solution.,NaN,NaN,1,0,,
newmap_path_corridor_overnight_direct_db,direct_vinf_alpha_force_balance_v1,newmap_path_corridor_overnight,MidbandGuide_Tilt72p5_V55_A5,tilt_72p5_v_55_a_5,72.5,55,5,vinf_alpha_force_balance_v1,front_rear_free_flap_elevator,guide_V55_T72p5_Fm200_R0,,NaN,0,0,not_usable,4.87149228606759,9.24446908656275,q_dot,9.24446908656275,873.148232973281,290.783541067094,1.13649653904846,0,-17.3145336666446,0,5.91493371363472,54.790708395097,4.79356585112909,5.00000000000355,0.914933713631161,Could not find a solution that satisfies all constraints.  Relax the constraints to find a feasible solution.,NaN,NaN,1,0,,
newmap_path_corridor_overnight_direct_db,direct_vinf_alpha_force_balance_v1,newmap_path_corridor_overnight,MidbandGuide_Tilt72p5_V55_A7p5,tilt_72p5_v_55_a_7p5,72.5,55,7.5,vinf_alpha_force_balance_v1,front_rear_free_flap_elevator,guide_V55_T72p5_Fm200_Rm300,,NaN,1,1,exact_trim,7.23636404018108e-08,1.33622124938986e-07,q_dot,1.33622124938986e-07,921.944179345269,328.694173033383,-3.28114471913719,0,-20.4227799409793,0,8.68581993881428,54.5294673755596,7.17894057210284,7.5,1.18581993881429,Operating point specifications were successfully met.,NaN,NaN,1,0,,
newmap_path_corridor_overnight_direct_db,direct_vinf_alpha_force_balance_v1,newmap_path_corridor_overnight,MidbandGuide_Tilt72p5_V55_A10,tilt_72p5_v_55_a_10,72.5,55,10,vinf_alpha_force_balance_v1,front_rear_free_flap_elevator,guide_V55_T72p5_F200_Rm300,,NaN,0,0,not_usable,74.1314198725622,139.610052593594,q_dot,139.610052593594,1126.21527777778,297.5,0,0,0,0,10,54.1644264156714,9.55064977168117,10,0,Could not find a solution that satisfies all constraints.  Relax the constraints to find a feasible solution.,NaN,NaN,1,0,,
newmap_path_corridor_overnight_direct_db,direct_vinf_alpha_force_balance_v1,newmap_path_corridor_overnight,MidbandGuide_Tilt72p5_V55_A12p5,tilt_72p5_v_55_a_12p5,72.5,55,12.5,vinf_alpha_force_balance_v1,front_rear_free_flap_elevator,guide_V55_T72p5_F0_Rm300,,NaN,0,0,not_usable,2.77681792241119,6.04180583949544,w_dot,6.04180583949544,1269.6412591055,267.040631151352,8.02876775078252,0,-18.6737239449123,0,-1.11925249094058,53.6962803915823,11.9041787665945,12.500000000002,-13.6192524909426,Could not find a solution that satisfies all constraints.  Relax the constraints to find a feasible solution.,NaN,NaN,1,0,,
newmap_path_corridor_overnight_direct_db,direct_vinf_alpha_force_balance_v1,newmap_path_corridor_overnight,MidbandGuide_Tilt72p5_V55_A15,tilt_72p5_v_55_a_15,72.5,55,15,vinf_alpha_force_balance_v1,front_rear_free_flap_elevator,guide_V55_T72p5_Fm200_Rm300,,NaN,0,0,not_usable,6.52997201911211,10.7607248800539,q_dot,10.7607248800539,1449.59731522536,593.684874589375,1.21075484714005,0,-25,0,8.91088312883317,53.1259204459081,14.2350474806205,14.9999999999793,-6.0891168711461,Could not find a solution that satisfies all constraints.  Relax the constraints to find a feasible solution.,NaN,NaN,1,0,,
newmap_path_corridor_overnight_direct_db,direct_vinf_alpha_force_balance_v1,newmap_path_corridor_overnight,MidbandGuide_Tilt85_V60_A10,tilt_85_v_60_a_10,85,60,10,vinf_alpha_force_balance_v1,front_rear_free_flap_elevator,guide_V60_T85_Fm200_Rm300,,NaN,0,0,not_usable,93.0742498199187,174.880203303473,q_dot,174.880203303473,675,250,0,0,0,0,10,59.0884651807325,10.4188906600158,10,1.77635683940025e-15,Could not find a solution that satisfies all constraints.  Relax the constraints to find a feasible solution.,NaN,NaN,1,0,,
newmap_path_corridor_overnight_direct_db,direct_vinf_alpha_force_balance_v1,newmap_path_corridor_overnight,MidbandGuide_Tilt85_V60_A12p5,tilt_85_v_60_a_12p5,85,60,12.5,vinf_alpha_force_balance_v1,front_rear_free_flap_elevator,guide_V60_T85_F0_R0,,NaN,0,0,not_usable,13.3765630072458,21.8324939573995,q_dot,21.8324939573995,1001.99898448083,168.204094135162,11.1944558914208,0,-11.4501907517316,0,-9.36383150346978,58.577760427212,12.9863768362987,12.5000000000083,-21.8638315034781,Could not find a solution that satisfies all constraints.  Relax the constraints to find a feasible solution.,NaN,NaN,1,0,,
newmap_path_corridor_overnight_direct_db,direct_vinf_alpha_force_balance_v1,newmap_path_corridor_overnight,MidbandGuide_Tilt85_V60_A15,tilt_85_v_60_a_15,85,60,15,vinf_alpha_force_balance_v1,front_rear_free_flap_elevator,guide_V60_T85_Fm200_R0,,NaN,0,0,not_usable,13.4027932950716,20.6558864537639,q_dot,18.173488310632,711.309465507493,405.025726452788,12.8712251207233,0,-14.609763544482,0,-19.4007516653502,57.9555495773441,15.5291427061512,15,-34.4007516653502,Could not find a solution that satisfies all constraints.  Relax the constraints to find a feasible solution.,NaN,NaN,1,0,,
newmap_path_corridor_overnight_direct_db,direct_vinf_alpha_force_balance_v1,newmap_path_corridor_overnight,MidbandGuide_Tilt80_V60_A5,tilt_80_v_60_a_5,80,60,5,vinf_alpha_force_balance_v1,front_rear_free_flap_elevator,guide_V60_T80_Fm200_Rm300,,NaN,1,1,exact_trim,1.10880778011352e-10,2.21515028542285e-10,q_dot,1.39388710062765e-10,633.186387035978,289.833226891948,-1.41243015838324,0,-15.0715031321377,0,2.96740849224222,59.7716818855047,5.22934456485949,5,-2.03259150775778,Operating point specifications were successfully met.,NaN,NaN,1,0,,
newmap_path_corridor_overnight_direct_db,direct_vinf_alpha_force_balance_v1,newmap_path_corridor_overnight,MidbandGuide_Tilt90_V60_A5,tilt_90_v_60_a_5,90,60,5,vinf_alpha_force_balance_v1,front_rear_free_flap_elevator,guide_V60_T90_Fm200_R0,,NaN,1,1,exact_trim,3.18797664370697e-11,5.95419083446531e-11,q_dot,5.95419083446531e-11,1043.78943164062,484.080295547114,-1.35102399036388,0,-16.9881154741082,0,8.86328876543862,59.7716818855047,5.22934456485949,5,3.86328876543862,Operating point specifications were successfully met.,NaN,NaN,1,0,,
newmap_path_corridor_overnight_direct_db,direct_vinf_alpha_force_balance_v1,newmap_path_corridor_overnight,MidbandGuide_Tilt80_V60_A10,tilt_80_v_60_a_10,80,60,10,vinf_alpha_force_balance_v1,front_rear_free_flap_elevator,guide_V60_T80_F200_Rm300,,NaN,0,0,not_usable,91.7334000827888,172.14665755561,q_dot,172.14665755561,1075,250,0,0,0,0,10,59.0884651807325,10.4188906600158,10,1.77635683940025e-15,Could not find a solution that satisfies all constraints.  Relax the constraints to find a feasible solution.,NaN,NaN,1,0,,
newmap_path_corridor_overnight_direct_db,direct_vinf_alpha_force_balance_v1,newmap_path_corridor_overnight,MidbandGuide_Tilt90_V60_A10,tilt_90_v_60_a_10,90,60,10,vinf_alpha_force_balance_v1,front_rear_free_flap_elevator,guide_V60_T90_Fm200_Rm300,,NaN,0,0,not_usable,93.7977152328799,176.309077859659,q_dot,176.309077859659,675,250,0,0,0,0,10,59.0884651807325,10.4188906600158,10,1.77635683940025e-15,Could not find a solution that satisfies all constraints.  Relax the constraints to find a feasible solution.,NaN,NaN,1,0,,
newmap_path_corridor_overnight_direct_db,direct_vinf_alpha_force_balance_v1,newmap_path_corridor_overnight,MidbandGuide_Tilt80_V60_A12p5,tilt_80_v_60_a_12p5,80,60,12.5,vinf_alpha_force_balance_v1,front_rear_free_flap_elevator,guide_V60_T80_F0_Rm300,,NaN,0,0,not_usable,19.1503142802941,29.9786132265821,q_dot,29.9786132265821,1208.30655843526,223.770988783097,20.9562375387935,0,-14.8110888353205,0,-31.4890949036505,58.577760427196,12.9863768362862,12.5,-43.9890949036505,Could not find a solution that satisfies all constraints.  Relax the constraints to find a feasible solution.,NaN,NaN,1,0,,
newmap_path_corridor_overnight_direct_db,direct_vinf_alpha_force_balance_v1,newmap_path_corridor_overnight,MidbandGuide_Tilt90_V60_A12p5,tilt_90_v_60_a_12p5,90,60,12.5,vinf_alpha_force_balance_v1,front_rear_free_flap_elevator,guide_V60_T90_F200_R300,,NaN,0,0,not_usable,12.377336059965,18.3055214361233,q_dot,18.3055214361233,1397.61553627662,177.404162924964,18.0930631299223,0,-16.4868023343377,0,-19.5790382649034,58.577760427196,12.9863768362862,12.5,-32.0790382649034,Could not find a solution that satisfies all constraints.  Relax the constraints to find a feasible solution.,NaN,NaN,1,0,,
newmap_path_corridor_overnight_direct_db,direct_vinf_alpha_force_balance_v1,newmap_path_corridor_overnight,MidbandGuide_Tilt80_V60_A15,tilt_80_v_60_a_15,80,60,15,vinf_alpha_force_balance_v1,front_rear_free_flap_elevator,guide_V60_T80_F0_R300,,NaN,0,0,not_usable,18.345663280729,30.917580515789,q_dot,30.917580515789,1936.44694161673,100,-1.1210059571469,0,-25,0,21.5512440361654,57.9555495771993,15.5291427064083,15.0000000002729,6.55124403589255,Could not find a solution that satisfies all constraints.  Relax the constraints to find a feasible solution.,NaN,NaN,1,0,,
newmap_path_corridor_overnight_direct_db,direct_vinf_alpha_force_balance_v1,newmap_path_corridor_overnight,MidbandGuide_Tilt90_V60_A15,tilt_90_v_60_a_15,90,60,15,vinf_alpha_force_balance_v1,front_rear_free_flap_elevator,guide_V60_T90_Fm200_Rm300,,NaN,0,0,not_usable,8.39572985981151,16.2758439846353,w_dot,16.2758439846353,766.871496840427,207.473389859893,11.78172765026,0,-19.3528418323022,0,-16.5734777322286,57.9555495773441,15.5291427061512,15,-31.5734777322286,Could not find a solution that satisfies all constraints.  Relax the constraints to find a feasible solution.,NaN,NaN,1,0,,
newmap_path_corridor_overnight_direct_db,direct_vinf_alpha_force_balance_v1,newmap_path_corridor_overnight,MidbandGuide_Tilt75_V60_A0,tilt_75_v_60_a_0,75,60,0,vinf_alpha_force_balance_v1,front_rear_free_flap_elevator,guide_V60_T75_F200_R0,,NaN,0,0,not_usable,5.93765690860293,11.2946235271452,q_dot,11.2946235271452,1158.78015325103,514.813760881545,5.89393393333889,0,-7.11850051606337,0,6.34591146304323,60,-1.73472347597681e-17,-1.65653889659559e-17,6.34591146304323,Could not find a solution that satisfies all constraints.  Relax the constraints to find a feasible solution.,NaN,NaN,1,0,,
newmap_path_corridor_overnight_direct_db,direct_vinf_alpha_force_balance_v1,newmap_path_corridor_overnight,MidbandGuide_Tilt75_V60_A2p5,tilt_75_v_60_a_2p5,75,60,2.5,vinf_alpha_force_balance_v1,front_rear_free_flap_elevator,guide_V60_T75_F0_R0,,NaN,0,0,not_usable,2.40943427306672,4.57223718854998,q_dot,4.57223718854998,727.070573325602,573.015551091627,2.24646585229633,0,-10.6395420009977,0,2.11677046442541,59.9428932949115,2.61716324192016,2.5,-0.383229535574594,Could not find a solution that satisfies all constraints.  Relax the constraints to find a feasible solution.,NaN,NaN,1,0,,
newmap_path_corridor_overnight_direct_db,direct_vinf_alpha_force_balance_v1,newmap_path_corridor_overnight,MidbandGuide_Tilt75_V60_A5,tilt_75_v_60_a_5,75,60,5,vinf_alpha_force_balance_v1,front_rear_free_flap_elevator,guide_V60_T75_F200_R300,,NaN,0,0,not_usable,4.98703452556423,9.47295187882037,q_dot,9.47295187882037,1383.24375758371,1162.23913409652,-4.28711646264379,0,-23.0912125038776,0,14.8893161529334,59.7716818855047,5.22934456485949,5,9.88931615293337,Could not find a solution that satisfies all constraints.  Relax the constraints to find a feasible solution.,NaN,NaN,1,0,,
newmap_path_corridor_overnight_direct_db,direct_vinf_alpha_force_balance_v1,newmap_path_corridor_overnight,MidbandGuide_Tilt75_V60_A7p5,tilt_75_v_60_a_7p5,75,60,7.5,vinf_alpha_force_balance_v1,front_rear_free_flap_elevator,guide_V60_T75_Fm200_Rm300,,NaN,1,1,exact_trim,8.14134845541793e-08,1.28436883853097e-07,q_dot,1.28436883853097e-07,1081.83557958459,389.255171176007,-6.88316672969839,0,-18.8993088629663,0,11.2402484899209,59.4866916824286,7.83157153320309,7.5,3.74024848992087,Operating point specifications were successfully met.,NaN,NaN,1,0,,
newmap_path_corridor_overnight_direct_db,direct_vinf_alpha_force_balance_v1,newmap_path_corridor_overnight,MidbandGuide_Tilt75_V60_A10,tilt_75_v_60_a_10,75,60,10,vinf_alpha_force_balance_v1,front_rear_free_flap_elevator,guide_V60_T75_F200_Rm300,,NaN,0,0,not_usable,89.9067286107397,168.527534135436,q_dot,168.527534135436,1075,250,0,0,0,0,10,59.0884651807325,10.4188906600158,10,1.77635683940025e-15,Could not find a solution that satisfies all constraints.  Relax the constraints to find a feasible solution.,NaN,NaN,1,0,,
newmap_path_corridor_overnight_direct_db,direct_vinf_alpha_force_balance_v1,newmap_path_corridor_overnight,MidbandGuide_Tilt75_V60_A12p5,tilt_75_v_60_a_12p5,75,60,12.5,vinf_alpha_force_balance_v1,front_rear_free_flap_elevator,guide_V60_T75_F0_R300,,NaN,0,0,not_usable,16.3632695154906,27.168405384587,q_dot,27.168405384587,928.06918401674,453.572741563856,1.91961538987003,0,-25,0,6.43106988281704,58.5777604273256,12.9863768362772,12.4999999999648,-6.06893011714777,Could not find a solution that satisfies all constraints.  Relax the constraints to find a feasible solution.,NaN,NaN,1,0,,
newmap_path_corridor_overnight_direct_db,direct_vinf_alpha_force_balance_v1,newmap_path_corridor_overnight,MidbandGuide_Tilt75_V60_A15,tilt_75_v_60_a_15,75,60,15,vinf_alpha_force_balance_v1,front_rear_free_flap_elevator,guide_V60_T75_F0_Rm300,,NaN,0,0,not_usable,20.4192491257073,33.2442037899596,q_dot,33.2442037899596,638.270724583576,357.083464530844,13.2496673170017,0,-10.7847136665049,0,-21.729704707582,57.9555495773441,15.5291427061512,15,-36.729704707582,Could not find a solution that satisfies all constraints.  Relax the constraints to find a feasible solution.,NaN,NaN,1,0,,
newmap_path_corridor_overnight_direct_db,direct_vinf_alpha_force_balance_v1,newmap_path_corridor_overnight,MidbandGuide_Tilt87p5_V65_A0,tilt_87p5_v_65_a_0,87.5,65,0,vinf_alpha_force_balance_v1,front_rear_free_flap_elevator,guide_V65_T87p5_F0_R0,,NaN,1,1,exact_trim,8.11273495864997e-12,1.66764380082896e-11,w_dot,1.66764380082896e-11,675.762985035104,523.093618478762,4.34699006993472,0,-6.12993855959883,0,-1.33723195400838,65,8.62193447565459e-18,7.60000702605151e-18,-1.33723195400838,Operating point specifications were successfully met.,NaN,NaN,1,0,,
newmap_path_corridor_overnight_direct_db,direct_vinf_alpha_force_balance_v1,newmap_path_corridor_overnight,MidbandGuide_Tilt87p5_V65_A2p5,tilt_87p5_v_65_a_2p5,87.5,65,2.5,vinf_alpha_force_balance_v1,front_rear_free_flap_elevator,guide_V65_T87p5_Fm200_R300,,NaN,0,0,not_usable,2.85919440020666,5.43521192159259,q_dot,5.43521192159259,626.864743914022,789.329692039867,-0.260751848512569,0,-11.3812947173628,0,1.08730575279533,64.9381344028225,2.83526017874673,2.49999999999983,-1.4126942472045,Could not find a solution that satisfies all constraints.  Relax the constraints to find a feasible solution.,NaN,NaN,1,0,,
newmap_path_corridor_overnight_direct_db,direct_vinf_alpha_force_balance_v1,newmap_path_corridor_overnight,MidbandGuide_Tilt87p5_V65_A5,tilt_87p5_v_65_a_5,87.5,65,5,vinf_alpha_force_balance_v1,front_rear_free_flap_elevator,guide_V65_T87p5_F0_R300,,NaN,0,0,near_trim_borderline,1.09177268517155,1.78479015592206,w_dot,1.78479015592206,624.186432798246,1344.9906964845,-4.94932052124847,0,-24.837139909222,0,2.33594486730729,64.7526553759635,5.66512327859778,5,-2.66405513269271,Could not find a solution that satisfies all constraints.  Relax the constraints to find a feasible solution.,NaN,NaN,1,0,,
newmap_path_corridor_overnight_direct_db,direct_vinf_alpha_force_balance_v1,newmap_path_corridor_overnight,MidbandGuide_Tilt87p5_V65_A7p5,tilt_87p5_v_65_a_7p5,87.5,65,7.5,vinf_alpha_force_balance_v1,front_rear_free_flap_elevator,guide_V65_T87p5_Fm200_R0,,NaN,1,1,exact_trim,6.99065344036905e-13,1.22024157842129e-12,q_dot,1.22024157842129e-12,967.140672743615,420.900615196565,-8.36363092780403,0,-19.4956322837815,0,9.04668132635612,64.4439159892977,8.48420249430335,7.5,1.54668132635612,Operating point specifications were successfully met.,NaN,NaN,1,0,,
newmap_path_corridor_overnight_direct_db,direct_vinf_alpha_force_balance_v1,newmap_path_corridor_overnight,MidbandGuide_Tilt87p5_V65_A10,tilt_87p5_v_65_a_10,87.5,65,10,vinf_alpha_force_balance_v1,front_rear_free_flap_elevator,guide_V65_T87p5_Fm200_Rm300,,NaN,0,0,not_usable,109.290481003986,204.378330148987,q_dot,204.378330148987,640.451388888889,200,0,0,0,0,10,64.0125039457935,11.2871315483505,10,1.77635683940025e-15,Could not find a solution that satisfies all constraints.  Relax the constraints to find a feasible solution.,NaN,NaN,1,0,,
newmap_path_corridor_overnight_direct_db,direct_vinf_alpha_force_balance_v1,newmap_path_corridor_overnight,MidbandGuide_Tilt87p5_V65_A12p5,tilt_87p5_v_65_a_12p5,87.5,65,12.5,vinf_alpha_force_balance_v1,front_rear_free_flap_elevator,guide_V65_T87p5_F0_Rm300,,NaN,0,0,not_usable,10.1570646554914,21.786971579213,w_dot,21.786971579213,859.306540102328,100,11.7854448222835,0,-14.564242237126,0,10.2070205145185,63.4592404627985,14.0685749059775,12.5000000000002,-2.29297948548169,Could not find a solution that satisfies all constraints.  Relax the constraints to find a feasible solution.,NaN,NaN,1,0,,
newmap_path_corridor_overnight_direct_db,direct_vinf_alpha_force_balance_v1,newmap_path_corridor_overnight,MidbandGuide_Tilt87p5_V65_A15,tilt_87p5_v_65_a_15,87.5,65,15,vinf_alpha_force_balance_v1,front_rear_free_flap_elevator,guide_V65_T87p5_Fm200_Rm300,,NaN,0,0,not_usable,99.8160242497726,187.738765486759,q_dot,187.738765486759,640.451388888889,200,0,0,0,0,15,62.7851787087894,16.8232379316638,15,0,Could not find a solution that satisfies all constraints.  Relax the constraints to find a feasible solution.,NaN,NaN,1,0,,
newmap_path_corridor_overnight_direct_db,direct_vinf_alpha_force_balance_v1,newmap_path_corridor_overnight,MidbandGuide_Tilt82p5_V65_A0,tilt_82p5_v_65_a_0,82.5,65,0,vinf_alpha_force_balance_v1,front_rear_free_flap_elevator,guide_V65_T82p5_Fm200_R300,,NaN,0,0,not_usable,3.73252373263421,7.1062216367701,q_dot,7.1062216367701,765.7064132951,453.01752849519,4.45712507931069,0,-6.44115647662062,0,-0.406170012986366,65,2.35486998779587e-18,2.07575556311888e-18,-0.406170012986366,Could not find a solution that satisfies all constraints.  Relax the constraints to find a feasible solution.,NaN,NaN,1,0,,
newmap_path_corridor_overnight_direct_db,direct_vinf_alpha_force_balance_v1,newmap_path_corridor_overnight,MidbandGuide_Tilt92p5_V65_A0,tilt_92p5_v_65_a_0,92.5,65,0,vinf_alpha_force_balance_v1,front_rear_free_flap_elevator,guide_V65_T92p5_F0_Rm300,,NaN,1,1,exact_trim,1.67368975544453e-07,3.67938490342112e-07,w_dot,3.67938490342112e-07,917.341275438691,213.002486606058,4.83241100679672,0,-5.73348792047921,0,1.86355630906882,65,-6.59233859550529e-22,-5.81097197913313e-22,1.86355630906882,Operating point specifications were successfully met.,NaN,NaN,1,0,,
newmap_path_corridor_overnight_direct_db,direct_vinf_alpha_force_balance_v1,newmap_path_corridor_overnight,MidbandGuide_Tilt82p5_V65_A2p5,tilt_82p5_v_65_a_2p5,82.5,65,2.5,vinf_alpha_force_balance_v1,front_rear_free_flap_elevator,guide_V65_T82p5_F0_R300,,NaN,0,0,not_usable,2.85306697399335,5.42378243292242,q_dot,5.42378243292242,862.795983471971,788.109957377593,-0.542764473316229,0,-11.0885598852595,0,4.12159244337821,64.9381344028208,2.83526017874684,2.5,1.62159244337821,Could not find a solution that satisfies all constraints.  Relax the constraints to find a feasible solution.,NaN,NaN,1,0,,
newmap_path_corridor_overnight_direct_db,direct_vinf_alpha_force_balance_v1,newmap_path_corridor_overnight,MidbandGuide_Tilt92p5_V65_A2p5,tilt_92p5_v_65_a_2p5,92.5,65,2.5,vinf_alpha_force_balance_v1,front_rear_free_flap_elevator,guide_V65_T92p5_F0_Rm300,,NaN,1,1,exact_trim,7.83001943160018e-08,1.7214055247905e-07,w_dot,1.7214055247905e-07,619.416279340757,296.191090554703,0.446496144686122,0,-9.92647710105086,0,0.443040804962494,64.9381344028208,2.83526017874684,2.5,-2.05695919503751,Operating point specifications were successfully met.,NaN,NaN,1,0,,
newmap_path_corridor_overnight_direct_db,direct_vinf_alpha_force_balance_v1,newmap_path_corridor_overnight,MidbandGuide_Tilt82p5_V65_A5,tilt_82p5_v_65_a_5,82.5,65,5,vinf_alpha_force_balance_v1,front_rear_free_flap_elevator,guide_V65_T82p5_Fm200_Rm300,,NaN,1,1,exact_trim,2.11775386836147e-09,3.8970631548456e-09,q_dot,3.8970631548456e-09,878.198074235183,212.118508830854,-4.17259111914567,0,-13.7067740972902,0,5.96102471974933,64.7526553759635,5.66512327859778,5,0.96102471974933,Operating point specifications were successfully met.,NaN,NaN,1,0,,
newmap_path_corridor_overnight_direct_db,direct_vinf_alpha_force_balance_v1,newmap_path_corridor_overnight,MidbandGuide_Tilt92p5_V65_A5,tilt_92p5_v_65_a_5,92.5,65,5,vinf_alpha_force_balance_v1,front_rear_free_flap_elevator,guide_V65_T92p5_Fm200_R300,,NaN,1,1,exact_trim,1.61434561088031e-11,2.34905428442289e-11,q_dot,2.2471557260445e-11,829.232009292071,701.502303719409,-4.11101404268234,0,-16.7085926273986,0,4.93333751122197,64.7526553759635,5.66512327859778,5,-0.0666624887780314,Operating point specifications were successfully met.,NaN,NaN,1,0,,
newmap_path_corridor_overnight_direct_db,direct_vinf_alpha_force_balance_v1,newmap_path_corridor_overnight,MidbandGuide_Tilt82p5_V65_A7p5,tilt_82p5_v_65_a_7p5,82.5,65,7.5,vinf_alpha_force_balance_v1,front_rear_free_flap_elevator,guide_V65_T82p5_F0_Rm300,,NaN,1,1,exact_trim,6.82357545995575e-13,1.26526555232388e-12,q_dot,1.26526555232388e-12,1073.63965264558,328.406204346518,-8.76494163249787,0,-18.4958015940662,0,10.8931335329479,64.4439159892977,8.48420249430335,7.5,3.39313353294789,Operating point specifications were successfully met.,NaN,NaN,1,0,,
newmap_path_corridor_overnight_direct_db,direct_vinf_alpha_force_balance_v1,newmap_path_corridor_overnight,MidbandGuide_Tilt92p5_V65_A7p5,tilt_92p5_v_65_a_7p5,92.5,65,7.5,vinf_alpha_force_balance_v1,front_rear_free_flap_elevator,guide_V65_T92p5_F0_Rm300,,NaN,1,1,exact_trim,1.06188073325081e-08,1.9504800817791e-08,q_dot,1.9504800817791e-08,1124.03031255417,187.003306872669,-7.97253068409202,0,-19.5715560716166,0,12.103700118677,64.4439159892977,8.48420249430335,7.5,4.60370011867699,Operating point specifications were successfully met.,NaN,NaN,1,0,,
newmap_path_corridor_overnight_direct_db,direct_vinf_alpha_force_balance_v1,newmap_path_corridor_overnight,MidbandGuide_Tilt82p5_V65_A10,tilt_82p5_v_65_a_10,82.5,65,10,vinf_alpha_force_balance_v1,front_rear_free_flap_elevator,guide_V65_T82p5_F200_Rm300,,NaN,0,0,not_usable,108.593338916418,202.897278446112,q_dot,202.897278446112,1040.45138888889,200,0,0,0,0,10,64.0125039457935,11.2871315483505,10,1.77635683940025e-15,Could not find a solution that satisfies all constraints.  Relax the constraints to find a feasible solution.,NaN,NaN,1,0,,
newmap_path_corridor_overnight_direct_db,direct_vinf_alpha_force_balance_v1,newmap_path_corridor_overnight,MidbandGuide_Tilt92p5_V65_A10,tilt_92p5_v_65_a_10,92.5,65,10,vinf_alpha_force_balance_v1,front_rear_free_flap_elevator,guide_V65_T92p5_Fm200_Rm300,,NaN,0,0,not_usable,109.933095738305,205.658992291805,q_dot,205.658992291805,640.451388888889,200,0,0,0,0,10,64.0125039457935,11.2871315483505,10,1.77635683940025e-15,Could not find a solution that satisfies all constraints.  Relax the constraints to find a feasible solution.,NaN,NaN,1,0,,
newmap_path_corridor_overnight_direct_db,direct_vinf_alpha_force_balance_v1,newmap_path_corridor_overnight,MidbandGuide_Tilt82p5_V65_A12p5,tilt_82p5_v_65_a_12p5,82.5,65,12.5,vinf_alpha_force_balance_v1,front_rear_free_flap_elevator,guide_V65_T82p5_Fm200_R0,,NaN,0,0,not_usable,23.7320733486797,48.711687164541,w_dot,48.711687164541,600,265.334456969262,24.1835649559601,0,-11.1293348031316,0,-57.287129640108,63.4592404628194,14.0685749059566,12.4999999999782,-69.7871296400862,Could not find a solution that satisfies all constraints.  Relax the constraints to find a feasible solution.,NaN,NaN,1,0,,
newmap_path_corridor_overnight_direct_db,direct_vinf_alpha_force_balance_v1,newmap_path_corridor_overnight,MidbandGuide_Tilt92p5_V65_A12p5,tilt_92p5_v_65_a_12p5,92.5,65,12.5,vinf_alpha_force_balance_v1,front_rear_free_flap_elevator,guide_V65_T92p5_Fm200_R300,,NaN,0,0,not_usable,20.0667952674303,42.3185810945471,w_dot,42.3185810945471,1893.47447686215,697.97379492941,25.386777083539,0,-15.2744469476866,0,-46.019608879277,63.4592404608329,14.0685749050047,12.499999999538,-58.519608878815,Could not find a solution that satisfies all constraints.  Relax the constraints to find a feasible solution.,NaN,NaN,1,0,,
newmap_path_corridor_overnight_direct_db,direct_vinf_alpha_force_balance_v1,newmap_path_corridor_overnight,MidbandGuide_Tilt82p5_V65_A15,tilt_82p5_v_65_a_15,82.5,65,15,vinf_alpha_force_balance_v1,front_rear_free_flap_elevator,guide_V65_T82p5_F200_Rm300,,NaN,0,0,not_usable,99.0954869567311,186.257713783883,q_dot,186.257713783883,1040.45138888889,200,0,0,0,0,15,62.7851787087894,16.8232379316638,15,0,Could not find a solution that satisfies all constraints.  Relax the constraints to find a feasible solution.,NaN,NaN,1,0,,
newmap_path_corridor_overnight_direct_db,direct_vinf_alpha_force_balance_v1,newmap_path_corridor_overnight,MidbandGuide_Tilt92p5_V65_A15,tilt_92p5_v_65_a_15,92.5,65,15,vinf_alpha_force_balance_v1,front_rear_free_flap_elevator,guide_V65_T92p5_Fm200_Rm300,,NaN,0,0,not_usable,100.465643508702,189.019427629576,q_dot,189.019427629576,640.451388888889,200,0,0,0,0,15,62.7851787087894,16.8232379316638,15,0,Could not find a solution that satisfies all constraints.  Relax the constraints to find a feasible solution.,NaN,NaN,1,0,,
newmap_path_corridor_overnight_direct_db,direct_vinf_alpha_force_balance_v1,newmap_path_corridor_overnight,MidbandGuide_Tilt77p5_V65_A0,tilt_77p5_v_65_a_0,77.5,65,0,vinf_alpha_force_balance_v1,front_rear_free_flap_elevator,guide_V65_T77p5_F0_Rm300,,NaN,1,1,exact_trim,1.03320409472171e-12,2.22932783344731e-12,w_dot,1.3997691894474e-12,1057.33704131149,213.541181775566,3.78916188630893,0,-4.59344751977924,0,4.40193227746133,65,1.02430406292348e-24,9.02896919132587e-25,4.40193227746133,Operating point specifications were successfully met.,NaN,NaN,1,0,,
newmap_path_corridor_overnight_direct_db,direct_vinf_alpha_force_balance_v1,newmap_path_corridor_overnight,MidbandGuide_Tilt77p5_V65_A2p5,tilt_77p5_v_65_a_2p5,77.5,65,2.5,vinf_alpha_force_balance_v1,front_rear_free_flap_elevator,guide_V65_T77p5_F0_R0,,NaN,1,1,exact_trim,1.50409669816629e-12,3.20454773827805e-12,w_dot,3.20454773827805e-12,778.554445352356,405.244526664758,-0.161668440279174,0,-9.61763084109018,0,2.33346381826215,64.9381344028208,2.83526017874684,2.5,-0.166536181737853,Operating point specifications were successfully met.,NaN,NaN,1,0,,
newmap_path_corridor_overnight_direct_db,direct_vinf_alpha_force_balance_v1,newmap_path_corridor_overnight,MidbandGuide_Tilt77p5_V65_A5,tilt_77p5_v_65_a_5,77.5,65,5,vinf_alpha_force_balance_v1,front_rear_free_flap_elevator,guide_V65_T77p5_F0_R300,,NaN,0,0,not_usable,1.9739592606043,3.21584259199119,q_dot,3.21584259199119,812.672324321059,1402.73259583291,-5.47799639840662,0,-24.5967277610086,0,5.00353898904669,64.7526553759635,5.66512327859778,5,0.00353898904669325,Could not find a solution that satisfies all constraints.  Relax the constraints to find a feasible solution.,NaN,NaN,1,0,,
newmap_path_corridor_overnight_direct_db,direct_vinf_alpha_force_balance_v1,newmap_path_corridor_overnight,MidbandGuide_Tilt77p5_V65_A7p5,tilt_77p5_v_65_a_7p5,77.5,65,7.5,vinf_alpha_force_balance_v1,front_rear_free_flap_elevator,guide_V65_T77p5_Fm200_R0,,NaN,1,1,exact_trim,1.11333535962436e-10,1.94143375467979e-10,q_dot,1.94143375467979e-10,657.533638614035,504.832336907303,-8.57187925521532,0,-19.2465842616632,0,4.49821584124081,64.4439159892977,8.48420249430335,7.5,-3.00178415875919,Operating point specifications were successfully met.,NaN,NaN,1,0,,
newmap_path_corridor_overnight_direct_db,direct_vinf_alpha_force_balance_v1,newmap_path_corridor_overnight,MidbandGuide_Tilt77p5_V65_A10,tilt_77p5_v_65_a_10,77.5,65,10,vinf_alpha_force_balance_v1,front_rear_free_flap_elevator,guide_V65_T77p5_F200_Rm300,,NaN,0,0,not_usable,106.890423672038,199.496152882134,q_dot,199.496152882134,1040.45138888889,200,0,0,0,0,10,64.0125039457935,11.2871315483505,10,1.77635683940025e-15,Could not find a solution that satisfies all constraints.  Relax the constraints to find a feasible solution.,NaN,NaN,1,0,,
newmap_path_corridor_overnight_direct_db,direct_vinf_alpha_force_balance_v1,newmap_path_corridor_overnight,MidbandGuide_Tilt77p5_V65_A12p5,tilt_77p5_v_65_a_12p5,77.5,65,12.5,vinf_alpha_force_balance_v1,front_rear_free_flap_elevator,guide_V65_T77p5_F0_Rm300,,NaN,0,0,not_usable,24.1579690337936,50.493701476683,w_dot,50.493701476683,770.874257790529,115.783201212459,25,0,-9.73206438089897,0,-57.7524135764863,63.4592404627635,14.0685749060202,12.5000000000436,-70.2524135765299,Could not find a solution that satisfies all constraints.  Relax the constraints to find a feasible solution.,NaN,NaN,1,0,,
newmap_path_corridor_overnight_direct_db,direct_vinf_alpha_force_balance_v1,newmap_path_corridor_overnight,MidbandGuide_Tilt77p5_V65_A15,tilt_77p5_v_65_a_15,77.5,65,15,vinf_alpha_force_balance_v1,front_rear_free_flap_elevator,guide_V65_T77p5_F200_Rm300,,NaN,0,0,not_usable,97.373825950441,182.856588219905,q_dot,182.856588219905,1040.45138888889,200,0,0,0,0,15,62.7851787087894,16.8232379316638,15,0,Could not find a solution that satisfies all constraints.  Relax the constraints to find a feasible solution.,NaN,NaN,1,0,,
newmap_path_corridor_overnight_direct_db,direct_vinf_alpha_force_balance_v1,newmap_path_corridor_overnight,MidbandGuide_Tilt90_V70_A2p5,tilt_90_v_70_a_2p5,90,70,2.5,vinf_alpha_force_balance_v1,front_rear_free_flap_elevator,guide_V70_T90_F200_R300,,NaN,0,0,not_usable,3.53366309021791,6.71019361772709,q_dot,6.71019361772709,1164.49489833792,784.144132430637,-2.28368008180812,0,-10.5954953278113,0,9.11966548296061,69.93337551073,3.05335711557352,2.5,6.61966548296061,Could not find a solution that satisfies all constraints.  Relax the constraints to find a feasible solution.,NaN,NaN,1,0,,
newmap_path_corridor_overnight_direct_db,direct_vinf_alpha_force_balance_v1,newmap_path_corridor_overnight,MidbandGuide_Tilt90_V70_A10,tilt_90_v_70_a_10,90,70,10,vinf_alpha_force_balance_v1,front_rear_free_flap_elevator,guide_V70_T90_Fm200_Rm300,,NaN,0,0,not_usable,126.962744570905,236.406328255151,q_dot,236.406328255151,620,150,0,0,0,0,10,68.9365427108546,12.1553724366851,10,1.77635683940025e-15,Could not find a solution that satisfies all constraints.  Relax the constraints to find a feasible solution.,NaN,NaN,1,0,,
newmap_path_corridor_overnight_direct_db,direct_vinf_alpha_force_balance_v1,newmap_path_corridor_overnight,MidbandGuide_Tilt90_V70_A12p5,tilt_90_v_70_a_12p5,90,70,12.5,vinf_alpha_force_balance_v1,front_rear_free_flap_elevator,guide_V70_T90_Fm200_Rm300,,NaN,0,0,not_usable,138.741404101129,258.898346069349,q_dot,258.898346069349,620,150,0,0,0,0,12.5,68.3407204983953,15.1507729756672,12.5,0,Could not find a solution that satisfies all constraints.  Relax the constraints to find a feasible solution.,NaN,NaN,1,0,,
newmap_path_corridor_overnight_direct_db,direct_vinf_alpha_force_balance_v1,newmap_path_corridor_overnight,MidbandGuide_Tilt90_V70_A15,tilt_90_v_70_a_15,90,70,15,vinf_alpha_force_balance_v1,front_rear_free_flap_elevator,guide_V70_T90_Fm200_Rm300,,NaN,0,0,not_usable,115.875421518427,217.108371605466,q_dot,217.108371605466,620,150,0,0,0,0,15,67.6148078402348,18.1173331571765,15,-3.5527136788005e-15,Could not find a solution that satisfies all constraints.  Relax the constraints to find a feasible solution.,NaN,NaN,1,0,,
newmap_path_corridor_overnight_direct_db,direct_vinf_alpha_force_balance_v1,newmap_path_corridor_overnight,MidbandGuide_Tilt85_V70_A0,tilt_85_v_70_a_0,85,70,0,vinf_alpha_force_balance_v1,front_rear_free_flap_elevator,guide_V70_T85_F200_R0,,NaN,0,0,not_usable,5.35593472289026,10.1918677983102,q_dot,10.1918677983102,1399.63204894483,226.163995455966,2.32652439775002,0,-5.61547805195057,0,10.3075799510574,70,-3.16000117480015e-18,-2.58649615103472e-18,10.3075799510574,Could not find a solution that satisfies all constraints.  Relax the constraints to find a feasible solution.,NaN,NaN,1,0,,
newmap_path_corridor_overnight_direct_db,direct_vinf_alpha_force_balance_v1,newmap_path_corridor_overnight,MidbandGuide_Tilt95_V70_A0,tilt_95_v_70_a_0,95,70,0,vinf_alpha_force_balance_v1,front_rear_free_flap_elevator,guide_V70_T95_F0_R0,,NaN,0,0,not_usable,12.3665971452502,23.5104741858641,q_dot,23.5104741858641,946.847591162076,445.786675713514,2.86635531248648,0,-7.88249531213084,0,2.0002828111688,70,-6.30523815058945e-18,-5.1609076407664e-18,2.0002828111688,Could not find a solution that satisfies all constraints.  Relax the constraints to find a feasible solution.,NaN,NaN,1,0,,
newmap_path_corridor_overnight_direct_db,direct_vinf_alpha_force_balance_v1,newmap_path_corridor_overnight,MidbandGuide_Tilt85_V70_A2p5,tilt_85_v_70_a_2p5,85,70,2.5,vinf_alpha_force_balance_v1,front_rear_free_flap_elevator,guide_V70_T85_F200_R300,,NaN,0,0,not_usable,4.09480130427392,7.78492389387936,q_dot,7.78492389387936,1013.28933754009,812.563367159039,-2.62800211400189,0,-10.1435646815112,0,6.41831449734092,69.93337551073,3.05335711557352,2.5,3.91831449734092,Could not find a solution that satisfies all constraints.  Relax the constraints to find a feasible solution.,NaN,NaN,1,0,,
newmap_path_corridor_overnight_direct_db,direct_vinf_alpha_force_balance_v1,newmap_path_corridor_overnight,MidbandGuide_Tilt95_V70_A2p5,tilt_95_v_70_a_2p5,95,70,2.5,vinf_alpha_force_balance_v1,front_rear_free_flap_elevator,guide_V70_T95_F0_R0,,NaN,1,1,exact_trim,1.43486404710428e-10,2.70331290164048e-10,q_dot,2.70331290164048e-10,976.021975468285,397.356164865265,-1.57073537784847,0,-9.89069290650943,0,5.0475759552773,69.93337551073,3.05335711557352,2.5,2.5475759552773,Operating point specifications were successfully met.,NaN,NaN,1,0,,
newmap_path_corridor_overnight_direct_db,direct_vinf_alpha_force_balance_v1,newmap_path_corridor_overnight,MidbandGuide_Tilt85_V70_A5,tilt_85_v_70_a_5,85,70,5,vinf_alpha_force_balance_v1,front_rear_free_flap_elevator,guide_V70_T85_Fm200_R0,,NaN,1,1,exact_trim,2.64615651112415e-08,4.99234717163934e-08,q_dot,4.99234717163934e-08,620.843409398807,400.223050541363,-6.19683176832386,0,-13.4912819513175,0,2.07314333720984,69.7336288664222,6.10090199233607,5,-2.92685666279016,Operating point specifications were successfully met.,NaN,NaN,1,0,,
newmap_path_corridor_overnight_direct_db,direct_vinf_alpha_force_balance_v1,newmap_path_corridor_overnight,MidbandGuide_Tilt95_V70_A5,tilt_95_v_70_a_5,95,70,5,vinf_alpha_force_balance_v1,front_rear_free_flap_elevator,guide_V70_T95_Fm200_R0,,NaN,1,1,exact_trim,8.67522795512558e-07,1.64450287777605e-06,q_dot,1.64450287777605e-06,835.844833090129,575.616921074489,-6.03288842775981,0,-14.7725068630945,0,4.67128281395532,69.7336288664222,6.10090199233607,5,-0.328717186044682,Operating point specifications were successfully met.,NaN,NaN,1,0,,
newmap_path_corridor_overnight_direct_db,direct_vinf_alpha_force_balance_v1,newmap_path_corridor_overnight,MidbandGuide_Tilt85_V70_A7p5,tilt_85_v_70_a_7p5,85,70,7.5,vinf_alpha_force_balance_v1,front_rear_free_flap_elevator,guide_V70_T85_F200_R0,,NaN,1,1,exact_trim,2.11639353486575e-07,3.45699048151507e-07,q_dot,3.45699048151507e-07,1532.85329862239,714.097581666613,-11.8288437698265,0,-19.3097223694449,0,19.9801017667534,69.4011402961667,9.13683345540361,7.5,12.4801017667534,Operating point specifications were successfully met.,NaN,NaN,1,0,,
newmap_path_corridor_overnight_direct_db,direct_vinf_alpha_force_balance_v1,newmap_path_corridor_overnight,MidbandGuide_Tilt95_V70_A7p5,tilt_95_v_70_a_7p5,95,70,7.5,vinf_alpha_force_balance_v1,front_rear_free_flap_elevator,guide_V70_T95_F200_R300,,NaN,1,1,exact_trim,6.37396344403841e-07,1.20393963608987e-06,q_dot,1.20393963608987e-06,607.131640581481,1222.81658205547,-11.3727640786868,0,-24.7389141510231,0,1.42173257701072,69.4011402961667,9.13683345540361,7.5,-6.07826742298928,Operating point specifications were successfully met.,NaN,NaN,1,0,,
newmap_path_corridor_overnight_direct_db,direct_vinf_alpha_force_balance_v1,newmap_path_corridor_overnight,MidbandGuide_Tilt85_V70_A10,tilt_85_v_70_a_10,85,70,10,vinf_alpha_force_balance_v1,front_rear_free_flap_elevator,guide_V70_T85_Fm200_Rm300,,NaN,0,0,not_usable,126.362719518486,235.200820700918,q_dot,235.200820700918,620,150,0,0,0,0,10,68.9365427108546,12.1553724366851,10,1.77635683940025e-15,Could not find a solution that satisfies all constraints.  Relax the constraints to find a feasible solution.,NaN,NaN,1,0,,
newmap_path_corridor_overnight_direct_db,direct_vinf_alpha_force_balance_v1,newmap_path_corridor_overnight,MidbandGuide_Tilt95_V70_A10,tilt_95_v_70_a_10,95,70,10,vinf_alpha_force_balance_v1,front_rear_free_flap_elevator,guide_V70_T95_Fm200_Rm300,,NaN,0,0,not_usable,127.556495533174,237.598891792751,q_dot,237.598891792751,620,150,0,0,0,0,10,68.9365427108546,12.1553724366851,10,1.77635683940025e-15,Could not find a solution that satisfies all constraints.  Relax the constraints to find a feasible solution.,NaN,NaN,1,0,,
newmap_path_corridor_overnight_direct_db,direct_vinf_alpha_force_balance_v1,newmap_path_corridor_overnight,MidbandGuide_Tilt85_V70_A12p5,tilt_85_v_70_a_12p5,85,70,12.5,vinf_alpha_force_balance_v1,front_rear_free_flap_elevator,guide_V70_T85_Fm200_Rm300,,NaN,0,0,not_usable,138.139084517355,257.692838515115,q_dot,257.692838515115,620,150,0,0,0,0,12.5,68.3407204983953,15.1507729756672,12.5,0,Could not find a solution that satisfies all constraints.  Relax the constraints to find a feasible solution.,NaN,NaN,1,0,,
newmap_path_corridor_overnight_direct_db,direct_vinf_alpha_force_balance_v1,newmap_path_corridor_overnight,MidbandGuide_Tilt95_V70_A12p5,tilt_95_v_70_a_12p5,95,70,12.5,vinf_alpha_force_balance_v1,front_rear_free_flap_elevator,guide_V70_T95_Fm200_Rm300,,NaN,0,0,not_usable,139.337385488851,260.090909606949,q_dot,260.090909606949,620,150,0,0,0,0,12.5,68.3407204983953,15.1507729756672,12.5,0,Could not find a solution that satisfies all constraints.  Relax the constraints to find a feasible solution.,NaN,NaN,1,0,,
newmap_path_corridor_overnight_direct_db,direct_vinf_alpha_force_balance_v1,newmap_path_corridor_overnight,MidbandGuide_Tilt85_V70_A15,tilt_85_v_70_a_15,85,70,15,vinf_alpha_force_balance_v1,front_rear_free_flap_elevator,guide_V70_T85_Fm200_Rm300,,NaN,0,0,not_usable,115.268680547451,215.902864051232,q_dot,215.902864051232,620,150,0,0,0,0,15,67.6148078402348,18.1173331571765,15,-3.5527136788005e-15,Could not find a solution that satisfies all constraints.  Relax the constraints to find a feasible solution.,NaN,NaN,1,0,,
newmap_path_corridor_overnight_direct_db,direct_vinf_alpha_force_balance_v1,newmap_path_corridor_overnight,MidbandGuide_Tilt95_V70_A15,tilt_95_v_70_a_15,95,70,15,vinf_alpha_force_balance_v1,front_rear_free_flap_elevator,guide_V70_T95_Fm200_Rm300,,NaN,0,0,not_usable,116.475847696909,218.300935143066,q_dot,218.300935143066,620,150,0,0,0,0,15,67.6148078402348,18.1173331571765,15,-3.5527136788005e-15,Could not find a solution that satisfies all constraints.  Relax the constraints to find a feasible solution.,NaN,NaN,1,0,,
newmap_path_corridor_overnight_direct_db,direct_vinf_alpha_force_balance_v1,newmap_path_corridor_overnight,MidbandGuide_Tilt80_V70_A0,tilt_80_v_70_a_0,80,70,0,vinf_alpha_force_balance_v1,front_rear_free_flap_elevator,guide_V70_T80_Fm200_R300,,NaN,1,1,exact_trim,2.28151346347906e-06,4.30807957376897e-06,q_dot,4.30807957376897e-06,663.264672016343,255.399822115663,2.19815251434487,0,-4.51472778343666,0,-1.67542991234145,70,4.29487468502064e-22,3.51540275698945e-22,-1.67542991234145,Operating point specifications were successfully met.,NaN,NaN,1,0,,
newmap_path_corridor_overnight_direct_db,direct_vinf_alpha_force_balance_v1,newmap_path_corridor_overnight,MidbandGuide_Tilt80_V70_A2p5,tilt_80_v_70_a_2p5,80,70,2.5,vinf_alpha_force_balance_v1,front_rear_free_flap_elevator,guide_V70_T80_F0_R300,,NaN,0,0,not_usable,4.85839624644342,9.23991203037922,q_dot,9.23991203037922,771.911565985267,770.17535284619,-2.64529193909674,0,-9.58873860381653,0,2.58788198125471,69.93337551073,3.05335711557352,2.5,0.0878819812547089,Could not find a solution that satisfies all constraints.  Relax the constraints to find a feasible solution.,NaN,NaN,1,0,,
newmap_path_corridor_overnight_direct_db,direct_vinf_alpha_force_balance_v1,newmap_path_corridor_overnight,MidbandGuide_Tilt80_V70_A10,tilt_80_v_70_a_10,80,70,10,vinf_alpha_force_balance_v1,front_rear_free_flap_elevator,guide_V70_T80_F200_Rm300,,NaN,0,0,not_usable,125.204898465359,232.773067448441,q_dot,232.773067448441,1020,150,0,0,0,0,10,68.9365427108546,12.1553724366851,10,1.77635683940025e-15,Could not find a solution that satisfies all constraints.  Relax the constraints to find a feasible solution.,NaN,NaN,1,0,,
newmap_path_corridor_overnight_direct_db,direct_vinf_alpha_force_balance_v1,newmap_path_corridor_overnight,MidbandGuide_Tilt80_V70_A12p5,tilt_80_v_70_a_12p5,80,70,12.5,vinf_alpha_force_balance_v1,front_rear_free_flap_elevator,guide_V70_T80_F200_Rm300,,NaN,0,0,not_usable,136.973527510294,255.265085262639,q_dot,255.265085262639,1020,150,0,0,0,0,12.5,68.3407204983953,15.1507729756672,12.5,0,Could not find a solution that satisfies all constraints.  Relax the constraints to find a feasible solution.,NaN,NaN,1,0,,
newmap_path_corridor_overnight_direct_db,direct_vinf_alpha_force_balance_v1,newmap_path_corridor_overnight,MidbandGuide_Tilt80_V70_A15,tilt_80_v_70_a_15,80,70,15,vinf_alpha_force_balance_v1,front_rear_free_flap_elevator,guide_V70_T80_F200_Rm300,,NaN,0,0,not_usable,114.083081711711,213.475110798756,q_dot,213.475110798756,1020,150,0,0,0,0,15,67.6148078402348,18.1173331571765,15,-3.5527136788005e-15,Could not find a solution that satisfies all constraints.  Relax the constraints to find a feasible solution.,NaN,NaN,1,0,,
newmap_overnight_wide_corridor_coarse_direct_db,direct_vinf_alpha_force_balance_v1,newmap_overnight_wide_corridor_coarse,MidbandGuide_Tilt7p5_V5_A0,tilt_7p5_v_5_a_0,7.5,5,0,vinf_alpha_force_balance_v1,front_rear_free_flap_elevator,guide_V5_T7p5_Fm200_Rm300,,NaN,0,0,not_scored,Inf,Inf,,Inf,NaN,NaN,NaN,NaN,NaN,NaN,NaN,NaN,NaN,NaN,NaN,Error due to multiple causes.,NaN,NaN,0,0,,
newmap_overnight_wide_corridor_coarse_direct_db,direct_vinf_alpha_force_balance_v1,newmap_overnight_wide_corridor_coarse,MidbandGuide_Tilt7p5_V5_A2p5,tilt_7p5_v_5_a_2p5,7.5,5,2.5,vinf_alpha_force_balance_v1,front_rear_free_flap_elevator,guide_V5_T7p5_Fm200_Rm300,,NaN,0,0,not_scored,Inf,Inf,,Inf,NaN,NaN,NaN,NaN,NaN,NaN,NaN,NaN,NaN,NaN,NaN,Error due to multiple causes.,NaN,NaN,0,0,,
newmap_overnight_wide_corridor_coarse_direct_db,direct_vinf_alpha_force_balance_v1,newmap_overnight_wide_corridor_coarse,MidbandGuide_Tilt7p5_V5_A5,tilt_7p5_v_5_a_5,7.5,5,5,vinf_alpha_force_balance_v1,front_rear_free_flap_elevator,guide_V5_T7p5_Fm200_Rm300,,NaN,0,0,not_scored,Inf,Inf,,Inf,NaN,NaN,NaN,NaN,NaN,NaN,NaN,NaN,NaN,NaN,NaN,Error due to multiple causes.,NaN,NaN,0,0,,
newmap_overnight_wide_corridor_coarse_direct_db,direct_vinf_alpha_force_balance_v1,newmap_overnight_wide_corridor_coarse,MidbandGuide_Tilt7p5_V5_A7p5,tilt_7p5_v_5_a_7p5,7.5,5,7.5,vinf_alpha_force_balance_v1,front_rear_free_flap_elevator,guide_V5_T7p5_Fm200_Rm300,,NaN,0,0,not_scored,Inf,Inf,,Inf,NaN,NaN,NaN,NaN,NaN,NaN,NaN,NaN,NaN,NaN,NaN,Error due to multiple causes.,NaN,NaN,0,0,,
newmap_overnight_wide_corridor_coarse_direct_db,direct_vinf_alpha_force_balance_v1,newmap_overnight_wide_corridor_coarse,MidbandGuide_Tilt7p5_V5_A10,tilt_7p5_v_5_a_10,7.5,5,10,vinf_alpha_force_balance_v1,front_rear_free_flap_elevator,guide_V5_T7p5_Fm200_Rm300,,NaN,0,0,not_scored,Inf,Inf,,Inf,NaN,NaN,NaN,NaN,NaN,NaN,NaN,NaN,NaN,NaN,NaN,Error due to multiple causes.,NaN,NaN,0,0,,
newmap_overnight_wide_corridor_coarse_direct_db,direct_vinf_alpha_force_balance_v1,newmap_overnight_wide_corridor_coarse,MidbandGuide_Tilt7p5_V5_A12p5,tilt_7p5_v_5_a_12p5,7.5,5,12.5,vinf_alpha_force_balance_v1,front_rear_free_flap_elevator,guide_V5_T7p5_Fm200_Rm300,,NaN,0,0,not_scored,Inf,Inf,,Inf,NaN,NaN,NaN,NaN,NaN,NaN,NaN,NaN,NaN,NaN,NaN,Error due to multiple causes.,NaN,NaN,0,0,,
newmap_overnight_wide_corridor_coarse_direct_db,direct_vinf_alpha_force_balance_v1,newmap_overnight_wide_corridor_coarse,MidbandGuide_Tilt7p5_V5_A15,tilt_7p5_v_5_a_15,7.5,5,15,vinf_alpha_force_balance_v1,front_rear_free_flap_elevator,guide_V5_T7p5_Fm200_Rm300,,NaN,0,0,not_scored,Inf,Inf,,Inf,NaN,NaN,NaN,NaN,NaN,NaN,NaN,NaN,NaN,NaN,NaN,Error due to multiple causes.,NaN,NaN,0,0,,
newmap_overnight_wide_corridor_coarse_direct_db,direct_vinf_alpha_force_balance_v1,newmap_overnight_wide_corridor_coarse,MidbandGuide_Tilt0_V5_A2p5,tilt_0_v_5_a_2p5,-0,5,2.5,vinf_alpha_force_balance_v1,front_rear_free_flap_elevator,guide_V5_T0_Fm200_Rm300,,NaN,0,0,not_scored,Inf,Inf,,Inf,NaN,NaN,NaN,NaN,NaN,NaN,NaN,NaN,NaN,NaN,NaN,Error due to multiple causes.,NaN,NaN,0,0,,
newmap_overnight_wide_corridor_coarse_direct_db,direct_vinf_alpha_force_balance_v1,newmap_overnight_wide_corridor_coarse,MidbandGuide_Tilt0_V5_A5,tilt_0_v_5_a_5,-0,5,5,vinf_alpha_force_balance_v1,front_rear_free_flap_elevator,guide_V5_T0_Fm200_Rm300,,NaN,0,0,not_scored,Inf,Inf,,Inf,NaN,NaN,NaN,NaN,NaN,NaN,NaN,NaN,NaN,NaN,NaN,Error due to multiple causes.,NaN,NaN,0,0,,
newmap_overnight_wide_corridor_coarse_direct_db,direct_vinf_alpha_force_balance_v1,newmap_overnight_wide_corridor_coarse,MidbandGuide_Tilt0_V5_A7p5,tilt_0_v_5_a_7p5,-0,5,7.5,vinf_alpha_force_balance_v1,front_rear_free_flap_elevator,guide_V5_T0_Fm200_Rm300,,NaN,0,0,not_scored,Inf,Inf,,Inf,NaN,NaN,NaN,NaN,NaN,NaN,NaN,NaN,NaN,NaN,NaN,Error due to multiple causes.,NaN,NaN,0,0,,
newmap_overnight_wide_corridor_coarse_direct_db,direct_vinf_alpha_force_balance_v1,newmap_overnight_wide_corridor_coarse,MidbandGuide_Tilt0_V5_A12p5,tilt_0_v_5_a_12p5,-0,5,12.5,vinf_alpha_force_balance_v1,front_rear_free_flap_elevator,guide_V5_T0_Fm200_Rm300,,NaN,0,0,not_scored,Inf,Inf,,Inf,NaN,NaN,NaN,NaN,NaN,NaN,NaN,NaN,NaN,NaN,NaN,Error due to multiple causes.,NaN,NaN,0,0,,
newmap_overnight_wide_corridor_coarse_direct_db,direct_vinf_alpha_force_balance_v1,newmap_overnight_wide_corridor_coarse,MidbandGuide_Tilt15_V5_A2p5,tilt_15_v_5_a_2p5,15,5,2.5,vinf_alpha_force_balance_v1,front_rear_free_flap_elevator,guide_V5_T15_Fm200_Rm300,,NaN,0,0,not_scored,Inf,Inf,,Inf,NaN,NaN,NaN,NaN,NaN,NaN,NaN,NaN,NaN,NaN,NaN,Error due to multiple causes.,NaN,NaN,0,0,,
newmap_overnight_wide_corridor_coarse_direct_db,direct_vinf_alpha_force_balance_v1,newmap_overnight_wide_corridor_coarse,MidbandGuide_Tilt0_V5_A15,tilt_0_v_5_a_15,-0,5,15,vinf_alpha_force_balance_v1,front_rear_free_flap_elevator,guide_V5_T0_Fm200_Rm300,,NaN,0,0,not_scored,Inf,Inf,,Inf,NaN,NaN,NaN,NaN,NaN,NaN,NaN,NaN,NaN,NaN,NaN,Error due to multiple causes.,NaN,NaN,0,0,,
newmap_overnight_wide_corridor_coarse_direct_db,direct_vinf_alpha_force_balance_v1,newmap_overnight_wide_corridor_coarse,MidbandGuide_Tilt15_V5_A5,tilt_15_v_5_a_5,15,5,5,vinf_alpha_force_balance_v1,front_rear_free_flap_elevator,guide_V5_T15_Fm200_Rm300,,NaN,0,0,not_scored,Inf,Inf,,Inf,NaN,NaN,NaN,NaN,NaN,NaN,NaN,NaN,NaN,NaN,NaN,Error due to multiple causes.,NaN,NaN,0,0,,
newmap_overnight_wide_corridor_coarse_direct_db,direct_vinf_alpha_force_balance_v1,newmap_overnight_wide_corridor_coarse,MidbandGuide_Tilt15_V5_A7p5,tilt_15_v_5_a_7p5,15,5,7.5,vinf_alpha_force_balance_v1,front_rear_free_flap_elevator,guide_V5_T15_Fm200_Rm300,,NaN,0,0,not_scored,Inf,Inf,,Inf,NaN,NaN,NaN,NaN,NaN,NaN,NaN,NaN,NaN,NaN,NaN,Error due to multiple causes.,NaN,NaN,0,0,,
newmap_overnight_wide_corridor_coarse_direct_db,direct_vinf_alpha_force_balance_v1,newmap_overnight_wide_corridor_coarse,MidbandGuide_Tilt15_V5_A12p5,tilt_15_v_5_a_12p5,15,5,12.5,vinf_alpha_force_balance_v1,front_rear_free_flap_elevator,guide_V5_T15_Fm200_Rm300,,NaN,0,0,not_scored,Inf,Inf,,Inf,NaN,NaN,NaN,NaN,NaN,NaN,NaN,NaN,NaN,NaN,NaN,Error due to multiple causes.,NaN,NaN,0,0,,
newmap_overnight_wide_corridor_coarse_direct_db,direct_vinf_alpha_force_balance_v1,newmap_overnight_wide_corridor_coarse,MidbandGuide_Tilt15_V5_A15,tilt_15_v_5_a_15,15,5,15,vinf_alpha_force_balance_v1,front_rear_free_flap_elevator,guide_V5_T15_Fm200_Rm300,,NaN,0,0,not_scored,Inf,Inf,,Inf,NaN,NaN,NaN,NaN,NaN,NaN,NaN,NaN,NaN,NaN,NaN,Error due to multiple causes.,NaN,NaN,0,0,,
newmap_overnight_wide_corridor_coarse_direct_db,direct_vinf_alpha_force_balance_v1,newmap_overnight_wide_corridor_coarse,MidbandGuide_Tilt22p5_V5_A0,tilt_22p5_v_5_a_0,22.5,5,0,vinf_alpha_force_balance_v1,front_rear_free_flap_elevator,guide_V5_T22p5_Fm200_Rm300,,NaN,0,0,not_scored,Inf,Inf,,Inf,NaN,NaN,NaN,NaN,NaN,NaN,NaN,NaN,NaN,NaN,NaN,Error due to multiple causes.,NaN,NaN,0,0,,
newmap_overnight_wide_corridor_coarse_direct_db,direct_vinf_alpha_force_balance_v1,newmap_overnight_wide_corridor_coarse,MidbandGuide_Tilt22p5_V5_A2p5,tilt_22p5_v_5_a_2p5,22.5,5,2.5,vinf_alpha_force_balance_v1,front_rear_free_flap_elevator,guide_V5_T22p5_Fm200_Rm300,,NaN,0,0,not_scored,Inf,Inf,,Inf,NaN,NaN,NaN,NaN,NaN,NaN,NaN,NaN,NaN,NaN,NaN,Error due to multiple causes.,NaN,NaN,0,0,,
newmap_overnight_wide_corridor_coarse_direct_db,direct_vinf_alpha_force_balance_v1,newmap_overnight_wide_corridor_coarse,MidbandGuide_Tilt22p5_V5_A5,tilt_22p5_v_5_a_5,22.5,5,5,vinf_alpha_force_balance_v1,front_rear_free_flap_elevator,guide_V5_T22p5_Fm200_Rm300,,NaN,0,0,not_scored,Inf,Inf,,Inf,NaN,NaN,NaN,NaN,NaN,NaN,NaN,NaN,NaN,NaN,NaN,Error due to multiple causes.,NaN,NaN,0,0,,
newmap_overnight_wide_corridor_coarse_direct_db,direct_vinf_alpha_force_balance_v1,newmap_overnight_wide_corridor_coarse,MidbandGuide_Tilt22p5_V5_A7p5,tilt_22p5_v_5_a_7p5,22.5,5,7.5,vinf_alpha_force_balance_v1,front_rear_free_flap_elevator,guide_V5_T22p5_Fm200_Rm300,,NaN,0,0,not_scored,Inf,Inf,,Inf,NaN,NaN,NaN,NaN,NaN,NaN,NaN,NaN,NaN,NaN,NaN,Error due to multiple causes.,NaN,NaN,0,0,,
newmap_overnight_wide_corridor_coarse_direct_db,direct_vinf_alpha_force_balance_v1,newmap_overnight_wide_corridor_coarse,MidbandGuide_Tilt22p5_V5_A10,tilt_22p5_v_5_a_10,22.5,5,10,vinf_alpha_force_balance_v1,front_rear_free_flap_elevator,guide_V5_T22p5_Fm200_Rm300,,NaN,0,0,not_scored,Inf,Inf,,Inf,NaN,NaN,NaN,NaN,NaN,NaN,NaN,NaN,NaN,NaN,NaN,Error due to multiple causes.,NaN,NaN,0,0,,
newmap_overnight_wide_corridor_coarse_direct_db,direct_vinf_alpha_force_balance_v1,newmap_overnight_wide_corridor_coarse,MidbandGuide_Tilt22p5_V5_A12p5,tilt_22p5_v_5_a_12p5,22.5,5,12.5,vinf_alpha_force_balance_v1,front_rear_free_flap_elevator,guide_V5_T22p5_Fm200_Rm300,,NaN,0,0,not_scored,Inf,Inf,,Inf,NaN,NaN,NaN,NaN,NaN,NaN,NaN,NaN,NaN,NaN,NaN,Error due to multiple causes.,NaN,NaN,0,0,,
newmap_overnight_wide_corridor_coarse_direct_db,direct_vinf_alpha_force_balance_v1,newmap_overnight_wide_corridor_coarse,MidbandGuide_Tilt22p5_V5_A15,tilt_22p5_v_5_a_15,22.5,5,15,vinf_alpha_force_balance_v1,front_rear_free_flap_elevator,guide_V5_T22p5_Fm200_Rm300,,NaN,0,0,not_scored,Inf,Inf,,Inf,NaN,NaN,NaN,NaN,NaN,NaN,NaN,NaN,NaN,NaN,NaN,Error due to multiple causes.,NaN,NaN,0,0,,
newmap_overnight_wide_corridor_coarse_direct_db,direct_vinf_alpha_force_balance_v1,newmap_overnight_wide_corridor_coarse,MidbandGuide_Tilt32p5_V5_A0,tilt_32p5_v_5_a_0,32.5,5,0,vinf_alpha_force_balance_v1,front_rear_free_flap_elevator,guide_V5_T32p5_Fm200_Rm300,,NaN,0,0,not_scored,Inf,Inf,,Inf,NaN,NaN,NaN,NaN,NaN,NaN,NaN,NaN,NaN,NaN,NaN,Error due to multiple causes.,NaN,NaN,0,0,,
newmap_overnight_wide_corridor_coarse_direct_db,direct_vinf_alpha_force_balance_v1,newmap_overnight_wide_corridor_coarse,MidbandGuide_Tilt32p5_V5_A2p5,tilt_32p5_v_5_a_2p5,32.5,5,2.5,vinf_alpha_force_balance_v1,front_rear_free_flap_elevator,guide_V5_T32p5_Fm200_Rm300,,NaN,0,0,not_scored,Inf,Inf,,Inf,NaN,NaN,NaN,NaN,NaN,NaN,NaN,NaN,NaN,NaN,NaN,Error due to multiple causes.,NaN,NaN,0,0,,
newmap_overnight_wide_corridor_coarse_direct_db,direct_vinf_alpha_force_balance_v1,newmap_overnight_wide_corridor_coarse,MidbandGuide_Tilt32p5_V5_A5,tilt_32p5_v_5_a_5,32.5,5,5,vinf_alpha_force_balance_v1,front_rear_free_flap_elevator,guide_V5_T32p5_Fm200_Rm300,,NaN,0,0,not_scored,Inf,Inf,,Inf,NaN,NaN,NaN,NaN,NaN,NaN,NaN,NaN,NaN,NaN,NaN,Error due to multiple causes.,NaN,NaN,0,0,,
newmap_overnight_wide_corridor_coarse_direct_db,direct_vinf_alpha_force_balance_v1,newmap_overnight_wide_corridor_coarse,MidbandGuide_Tilt32p5_V5_A7p5,tilt_32p5_v_5_a_7p5,32.5,5,7.5,vinf_alpha_force_balance_v1,front_rear_free_flap_elevator,guide_V5_T32p5_Fm200_Rm300,,NaN,0,0,not_scored,Inf,Inf,,Inf,NaN,NaN,NaN,NaN,NaN,NaN,NaN,NaN,NaN,NaN,NaN,Error due to multiple causes.,NaN,NaN,0,0,,
newmap_overnight_wide_corridor_coarse_direct_db,direct_vinf_alpha_force_balance_v1,newmap_overnight_wide_corridor_coarse,MidbandGuide_Tilt32p5_V5_A10,tilt_32p5_v_5_a_10,32.5,5,10,vinf_alpha_force_balance_v1,front_rear_free_flap_elevator,guide_V5_T32p5_Fm200_Rm300,,NaN,0,0,not_scored,Inf,Inf,,Inf,NaN,NaN,NaN,NaN,NaN,NaN,NaN,NaN,NaN,NaN,NaN,Error due to multiple causes.,NaN,NaN,0,0,,
newmap_overnight_wide_corridor_coarse_direct_db,direct_vinf_alpha_force_balance_v1,newmap_overnight_wide_corridor_coarse,MidbandGuide_Tilt32p5_V5_A12p5,tilt_32p5_v_5_a_12p5,32.5,5,12.5,vinf_alpha_force_balance_v1,front_rear_free_flap_elevator,guide_V5_T32p5_Fm200_Rm300,,NaN,0,0,not_scored,Inf,Inf,,Inf,NaN,NaN,NaN,NaN,NaN,NaN,NaN,NaN,NaN,NaN,NaN,Error due to multiple causes.,NaN,NaN,0,0,,
newmap_overnight_wide_corridor_coarse_direct_db,direct_vinf_alpha_force_balance_v1,newmap_overnight_wide_corridor_coarse,MidbandGuide_Tilt32p5_V5_A15,tilt_32p5_v_5_a_15,32.5,5,15,vinf_alpha_force_balance_v1,front_rear_free_flap_elevator,guide_V5_T32p5_Fm200_Rm300,,NaN,0,0,not_scored,Inf,Inf,,Inf,NaN,NaN,NaN,NaN,NaN,NaN,NaN,NaN,NaN,NaN,NaN,Error due to multiple causes.,NaN,NaN,0,0,,
newmap_overnight_wide_corridor_coarse_direct_db,direct_vinf_alpha_force_balance_v1,newmap_overnight_wide_corridor_coarse,MidbandGuide_Tilt7p5_V10_A0,tilt_7p5_v_10_a_0,7.5,10,0,vinf_alpha_force_balance_v1,front_rear_free_flap_elevator,guide_V10_T7p5_Fm200_Rm300,,NaN,0,0,not_scored,Inf,Inf,,Inf,NaN,NaN,NaN,NaN,NaN,NaN,NaN,NaN,NaN,NaN,NaN,Error due to multiple causes.,NaN,NaN,0,0,,
newmap_overnight_wide_corridor_coarse_direct_db,direct_vinf_alpha_force_balance_v1,newmap_overnight_wide_corridor_coarse,MidbandGuide_Tilt22p5_V10_A0,tilt_22p5_v_10_a_0,22.5,10,0,vinf_alpha_force_balance_v1,front_rear_free_flap_elevator,guide_V10_T22p5_Fm200_Rm300,,NaN,0,0,not_scored,Inf,Inf,,Inf,NaN,NaN,NaN,NaN,NaN,NaN,NaN,NaN,NaN,NaN,NaN,Error due to multiple causes.,NaN,NaN,0,0,,
newmap_overnight_wide_corridor_coarse_direct_db,direct_vinf_alpha_force_balance_v1,newmap_overnight_wide_corridor_coarse,MidbandGuide_Tilt7p5_V10_A2p5,tilt_7p5_v_10_a_2p5,7.5,10,2.5,vinf_alpha_force_balance_v1,front_rear_free_flap_elevator,guide_V10_T7p5_Fm200_Rm300,,NaN,0,0,not_scored,Inf,Inf,,Inf,NaN,NaN,NaN,NaN,NaN,NaN,NaN,NaN,NaN,NaN,NaN,Error due to multiple causes.,NaN,NaN,0,0,,
newmap_overnight_wide_corridor_coarse_direct_db,direct_vinf_alpha_force_balance_v1,newmap_overnight_wide_corridor_coarse,MidbandGuide_Tilt22p5_V10_A2p5,tilt_22p5_v_10_a_2p5,22.5,10,2.5,vinf_alpha_force_balance_v1,front_rear_free_flap_elevator,guide_V10_T22p5_Fm200_Rm300,,NaN,0,0,not_scored,Inf,Inf,,Inf,NaN,NaN,NaN,NaN,NaN,NaN,NaN,NaN,NaN,NaN,NaN,Error due to multiple causes.,NaN,NaN,0,0,,
newmap_overnight_wide_corridor_coarse_direct_db,direct_vinf_alpha_force_balance_v1,newmap_overnight_wide_corridor_coarse,MidbandGuide_Tilt7p5_V10_A5,tilt_7p5_v_10_a_5,7.5,10,5,vinf_alpha_force_balance_v1,front_rear_free_flap_elevator,guide_V10_T7p5_Fm200_Rm300,,NaN,0,0,not_scored,Inf,Inf,,Inf,NaN,NaN,NaN,NaN,NaN,NaN,NaN,NaN,NaN,NaN,NaN,Error due to multiple causes.,NaN,NaN,0,0,,
newmap_overnight_wide_corridor_coarse_direct_db,direct_vinf_alpha_force_balance_v1,newmap_overnight_wide_corridor_coarse,MidbandGuide_Tilt22p5_V10_A5,tilt_22p5_v_10_a_5,22.5,10,5,vinf_alpha_force_balance_v1,front_rear_free_flap_elevator,guide_V10_T22p5_Fm200_Rm300,,NaN,0,0,not_scored,Inf,Inf,,Inf,NaN,NaN,NaN,NaN,NaN,NaN,NaN,NaN,NaN,NaN,NaN,Error due to multiple causes.,NaN,NaN,0,0,,
newmap_overnight_wide_corridor_coarse_direct_db,direct_vinf_alpha_force_balance_v1,newmap_overnight_wide_corridor_coarse,MidbandGuide_Tilt7p5_V10_A7p5,tilt_7p5_v_10_a_7p5,7.5,10,7.5,vinf_alpha_force_balance_v1,front_rear_free_flap_elevator,guide_V10_T7p5_Fm200_Rm300,,NaN,0,0,not_scored,Inf,Inf,,Inf,NaN,NaN,NaN,NaN,NaN,NaN,NaN,NaN,NaN,NaN,NaN,Error due to multiple causes.,NaN,NaN,0,0,,
newmap_overnight_wide_corridor_coarse_direct_db,direct_vinf_alpha_force_balance_v1,newmap_overnight_wide_corridor_coarse,MidbandGuide_Tilt22p5_V10_A7p5,tilt_22p5_v_10_a_7p5,22.5,10,7.5,vinf_alpha_force_balance_v1,front_rear_free_flap_elevator,guide_V10_T22p5_Fm200_Rm300,,NaN,0,0,not_scored,Inf,Inf,,Inf,NaN,NaN,NaN,NaN,NaN,NaN,NaN,NaN,NaN,NaN,NaN,Error due to multiple causes.,NaN,NaN,0,0,,
newmap_overnight_wide_corridor_coarse_direct_db,direct_vinf_alpha_force_balance_v1,newmap_overnight_wide_corridor_coarse,MidbandGuide_Tilt7p5_V10_A10,tilt_7p5_v_10_a_10,7.5,10,10,vinf_alpha_force_balance_v1,front_rear_free_flap_elevator,guide_V10_T7p5_Fm200_Rm300,,NaN,0,0,not_scored,Inf,Inf,,Inf,NaN,NaN,NaN,NaN,NaN,NaN,NaN,NaN,NaN,NaN,NaN,Error due to multiple causes.,NaN,NaN,0,0,,
newmap_overnight_wide_corridor_coarse_direct_db,direct_vinf_alpha_force_balance_v1,newmap_overnight_wide_corridor_coarse,MidbandGuide_Tilt22p5_V10_A10,tilt_22p5_v_10_a_10,22.5,10,10,vinf_alpha_force_balance_v1,front_rear_free_flap_elevator,guide_V10_T22p5_Fm200_Rm300,,NaN,0,0,not_scored,Inf,Inf,,Inf,NaN,NaN,NaN,NaN,NaN,NaN,NaN,NaN,NaN,NaN,NaN,Error due to multiple causes.,NaN,NaN,0,0,,
newmap_overnight_wide_corridor_coarse_direct_db,direct_vinf_alpha_force_balance_v1,newmap_overnight_wide_corridor_coarse,MidbandGuide_Tilt7p5_V10_A12p5,tilt_7p5_v_10_a_12p5,7.5,10,12.5,vinf_alpha_force_balance_v1,front_rear_free_flap_elevator,guide_V10_T7p5_Fm200_Rm300,,NaN,0,0,not_scored,Inf,Inf,,Inf,NaN,NaN,NaN,NaN,NaN,NaN,NaN,NaN,NaN,NaN,NaN,Error due to multiple causes.,NaN,NaN,0,0,,
newmap_overnight_wide_corridor_coarse_direct_db,direct_vinf_alpha_force_balance_v1,newmap_overnight_wide_corridor_coarse,MidbandGuide_Tilt22p5_V10_A12p5,tilt_22p5_v_10_a_12p5,22.5,10,12.5,vinf_alpha_force_balance_v1,front_rear_free_flap_elevator,guide_V10_T22p5_Fm200_Rm300,,NaN,0,0,not_scored,Inf,Inf,,Inf,NaN,NaN,NaN,NaN,NaN,NaN,NaN,NaN,NaN,NaN,NaN,Error due to multiple causes.,NaN,NaN,0,0,,
newmap_overnight_wide_corridor_coarse_direct_db,direct_vinf_alpha_force_balance_v1,newmap_overnight_wide_corridor_coarse,MidbandGuide_Tilt7p5_V10_A15,tilt_7p5_v_10_a_15,7.5,10,15,vinf_alpha_force_balance_v1,front_rear_free_flap_elevator,guide_V10_T7p5_Fm200_Rm300,,NaN,0,0,not_scored,Inf,Inf,,Inf,NaN,NaN,NaN,NaN,NaN,NaN,NaN,NaN,NaN,NaN,NaN,Error due to multiple causes.,NaN,NaN,0,0,,
newmap_overnight_wide_corridor_coarse_direct_db,direct_vinf_alpha_force_balance_v1,newmap_overnight_wide_corridor_coarse,MidbandGuide_Tilt22p5_V10_A15,tilt_22p5_v_10_a_15,22.5,10,15,vinf_alpha_force_balance_v1,front_rear_free_flap_elevator,guide_V10_T22p5_Fm200_Rm300,,NaN,0,0,not_scored,Inf,Inf,,Inf,NaN,NaN,NaN,NaN,NaN,NaN,NaN,NaN,NaN,NaN,NaN,Error due to multiple causes.,NaN,NaN,0,0,,
newmap_overnight_wide_corridor_coarse_direct_db,direct_vinf_alpha_force_balance_v1,newmap_overnight_wide_corridor_coarse,MidbandGuide_Tilt0_V10_A0,tilt_0_v_10_a_0,0,10,0,vinf_alpha_force_balance_v1,front_rear_free_flap_elevator,guide_V10_T0_Fm200_Rm300,,NaN,0,0,not_scored,Inf,Inf,,Inf,NaN,NaN,NaN,NaN,NaN,NaN,NaN,NaN,NaN,NaN,NaN,Error due to multiple causes.,NaN,NaN,0,0,,
newmap_overnight_wide_corridor_coarse_direct_db,direct_vinf_alpha_force_balance_v1,newmap_overnight_wide_corridor_coarse,MidbandGuide_Tilt30_V10_A0,tilt_30_v_10_a_0,30,10,0,vinf_alpha_force_balance_v1,front_rear_free_flap_elevator,guide_V10_T30_Fm200_Rm300,,NaN,0,0,not_scored,Inf,Inf,,Inf,NaN,NaN,NaN,NaN,NaN,NaN,NaN,NaN,NaN,NaN,NaN,Error due to multiple causes.,NaN,NaN,0,0,,
newmap_overnight_wide_corridor_coarse_direct_db,direct_vinf_alpha_force_balance_v1,newmap_overnight_wide_corridor_coarse,MidbandGuide_Tilt0_V10_A2p5,tilt_0_v_10_a_2p5,0,10,2.5,vinf_alpha_force_balance_v1,front_rear_free_flap_elevator,guide_V10_T0_Fm200_Rm300,,NaN,0,0,not_scored,Inf,Inf,,Inf,NaN,NaN,NaN,NaN,NaN,NaN,NaN,NaN,NaN,NaN,NaN,Error due to multiple causes.,NaN,NaN,0,0,,
newmap_overnight_wide_corridor_coarse_direct_db,direct_vinf_alpha_force_balance_v1,newmap_overnight_wide_corridor_coarse,MidbandGuide_Tilt30_V10_A2p5,tilt_30_v_10_a_2p5,30,10,2.5,vinf_alpha_force_balance_v1,front_rear_free_flap_elevator,guide_V10_T30_Fm200_Rm300,,NaN,0,0,not_scored,Inf,Inf,,Inf,NaN,NaN,NaN,NaN,NaN,NaN,NaN,NaN,NaN,NaN,NaN,Error due to multiple causes.,NaN,NaN,0,0,,
newmap_overnight_wide_corridor_coarse_direct_db,direct_vinf_alpha_force_balance_v1,newmap_overnight_wide_corridor_coarse,MidbandGuide_Tilt0_V10_A5,tilt_0_v_10_a_5,0,10,5,vinf_alpha_force_balance_v1,front_rear_free_flap_elevator,guide_V10_T0_Fm200_Rm300,,NaN,0,0,not_scored,Inf,Inf,,Inf,NaN,NaN,NaN,NaN,NaN,NaN,NaN,NaN,NaN,NaN,NaN,Error due to multiple causes.,NaN,NaN,0,0,,
newmap_overnight_wide_corridor_coarse_direct_db,direct_vinf_alpha_force_balance_v1,newmap_overnight_wide_corridor_coarse,MidbandGuide_Tilt30_V10_A5,tilt_30_v_10_a_5,30,10,5,vinf_alpha_force_balance_v1,front_rear_free_flap_elevator,guide_V10_T30_Fm200_Rm300,,NaN,0,0,not_scored,Inf,Inf,,Inf,NaN,NaN,NaN,NaN,NaN,NaN,NaN,NaN,NaN,NaN,NaN,Error due to multiple causes.,NaN,NaN,0,0,,
newmap_overnight_wide_corridor_coarse_direct_db,direct_vinf_alpha_force_balance_v1,newmap_overnight_wide_corridor_coarse,MidbandGuide_Tilt0_V10_A7p5,tilt_0_v_10_a_7p5,0,10,7.5,vinf_alpha_force_balance_v1,front_rear_free_flap_elevator,guide_V10_T0_Fm200_Rm300,,NaN,0,0,not_scored,Inf,Inf,,Inf,NaN,NaN,NaN,NaN,NaN,NaN,NaN,NaN,NaN,NaN,NaN,Error due to multiple causes.,NaN,NaN,0,0,,
newmap_overnight_wide_corridor_coarse_direct_db,direct_vinf_alpha_force_balance_v1,newmap_overnight_wide_corridor_coarse,MidbandGuide_Tilt30_V10_A7p5,tilt_30_v_10_a_7p5,30,10,7.5,vinf_alpha_force_balance_v1,front_rear_free_flap_elevator,guide_V10_T30_Fm200_Rm300,,NaN,0,0,not_scored,Inf,Inf,,Inf,NaN,NaN,NaN,NaN,NaN,NaN,NaN,NaN,NaN,NaN,NaN,Error due to multiple causes.,NaN,NaN,0,0,,
newmap_overnight_wide_corridor_coarse_direct_db,direct_vinf_alpha_force_balance_v1,newmap_overnight_wide_corridor_coarse,MidbandGuide_Tilt0_V10_A10,tilt_0_v_10_a_10,0,10,10,vinf_alpha_force_balance_v1,front_rear_free_flap_elevator,guide_V10_T0_Fm200_Rm300,,NaN,0,0,not_scored,Inf,Inf,,Inf,NaN,NaN,NaN,NaN,NaN,NaN,NaN,NaN,NaN,NaN,NaN,Error due to multiple causes.,NaN,NaN,0,0,,
newmap_overnight_wide_corridor_coarse_direct_db,direct_vinf_alpha_force_balance_v1,newmap_overnight_wide_corridor_coarse,MidbandGuide_Tilt30_V10_A10,tilt_30_v_10_a_10,30,10,10,vinf_alpha_force_balance_v1,front_rear_free_flap_elevator,guide_V10_T30_Fm200_Rm300,,NaN,0,0,not_scored,Inf,Inf,,Inf,NaN,NaN,NaN,NaN,NaN,NaN,NaN,NaN,NaN,NaN,NaN,Error due to multiple causes.,NaN,NaN,0,0,,
newmap_overnight_wide_corridor_coarse_direct_db,direct_vinf_alpha_force_balance_v1,newmap_overnight_wide_corridor_coarse,MidbandGuide_Tilt0_V10_A12p5,tilt_0_v_10_a_12p5,0,10,12.5,vinf_alpha_force_balance_v1,front_rear_free_flap_elevator,guide_V10_T0_Fm200_Rm300,,NaN,0,0,not_scored,Inf,Inf,,Inf,NaN,NaN,NaN,NaN,NaN,NaN,NaN,NaN,NaN,NaN,NaN,Error due to multiple causes.,NaN,NaN,0,0,,
newmap_overnight_wide_corridor_coarse_direct_db,direct_vinf_alpha_force_balance_v1,newmap_overnight_wide_corridor_coarse,MidbandGuide_Tilt30_V10_A12p5,tilt_30_v_10_a_12p5,30,10,12.5,vinf_alpha_force_balance_v1,front_rear_free_flap_elevator,guide_V10_T30_Fm200_Rm300,,NaN,0,0,not_scored,Inf,Inf,,Inf,NaN,NaN,NaN,NaN,NaN,NaN,NaN,NaN,NaN,NaN,NaN,Error due to multiple causes.,NaN,NaN,0,0,,
newmap_overnight_wide_corridor_coarse_direct_db,direct_vinf_alpha_force_balance_v1,newmap_overnight_wide_corridor_coarse,MidbandGuide_Tilt0_V10_A15,tilt_0_v_10_a_15,0,10,15,vinf_alpha_force_balance_v1,front_rear_free_flap_elevator,guide_V10_T0_Fm200_Rm300,,NaN,0,0,not_scored,Inf,Inf,,Inf,NaN,NaN,NaN,NaN,NaN,NaN,NaN,NaN,NaN,NaN,NaN,Error due to multiple causes.,NaN,NaN,0,0,,
newmap_overnight_wide_corridor_coarse_direct_db,direct_vinf_alpha_force_balance_v1,newmap_overnight_wide_corridor_coarse,MidbandGuide_Tilt30_V10_A15,tilt_30_v_10_a_15,30,10,15,vinf_alpha_force_balance_v1,front_rear_free_flap_elevator,guide_V10_T30_Fm200_Rm300,,NaN,0,0,not_scored,Inf,Inf,,Inf,NaN,NaN,NaN,NaN,NaN,NaN,NaN,NaN,NaN,NaN,NaN,Error due to multiple causes.,NaN,NaN,0,0,,
newmap_overnight_wide_corridor_coarse_direct_db,direct_vinf_alpha_force_balance_v1,newmap_overnight_wide_corridor_coarse,MidbandGuide_Tilt40_V10_A0,tilt_40_v_10_a_0,40,10,0,vinf_alpha_force_balance_v1,front_rear_free_flap_elevator,guide_V10_T40_Fm200_Rm300,,NaN,0,0,not_scored,Inf,Inf,,Inf,NaN,NaN,NaN,NaN,NaN,NaN,NaN,NaN,NaN,NaN,NaN,Error due to multiple causes.,NaN,NaN,0,0,,
newmap_overnight_wide_corridor_coarse_direct_db,direct_vinf_alpha_force_balance_v1,newmap_overnight_wide_corridor_coarse,MidbandGuide_Tilt40_V10_A2p5,tilt_40_v_10_a_2p5,40,10,2.5,vinf_alpha_force_balance_v1,front_rear_free_flap_elevator,guide_V10_T40_Fm200_Rm300,,NaN,0,0,not_scored,Inf,Inf,,Inf,NaN,NaN,NaN,NaN,NaN,NaN,NaN,NaN,NaN,NaN,NaN,Error due to multiple causes.,NaN,NaN,0,0,,
newmap_overnight_wide_corridor_coarse_direct_db,direct_vinf_alpha_force_balance_v1,newmap_overnight_wide_corridor_coarse,MidbandGuide_Tilt40_V10_A5,tilt_40_v_10_a_5,40,10,5,vinf_alpha_force_balance_v1,front_rear_free_flap_elevator,guide_V10_T40_Fm200_Rm300,,NaN,0,0,not_scored,Inf,Inf,,Inf,NaN,NaN,NaN,NaN,NaN,NaN,NaN,NaN,NaN,NaN,NaN,Error due to multiple causes.,NaN,NaN,0,0,,
newmap_overnight_wide_corridor_coarse_direct_db,direct_vinf_alpha_force_balance_v1,newmap_overnight_wide_corridor_coarse,MidbandGuide_Tilt40_V10_A7p5,tilt_40_v_10_a_7p5,40,10,7.5,vinf_alpha_force_balance_v1,front_rear_free_flap_elevator,guide_V10_T40_Fm200_Rm300,,NaN,0,0,not_scored,Inf,Inf,,Inf,NaN,NaN,NaN,NaN,NaN,NaN,NaN,NaN,NaN,NaN,NaN,Error due to multiple causes.,NaN,NaN,0,0,,
newmap_overnight_wide_corridor_coarse_direct_db,direct_vinf_alpha_force_balance_v1,newmap_overnight_wide_corridor_coarse,MidbandGuide_Tilt40_V10_A10,tilt_40_v_10_a_10,40,10,10,vinf_alpha_force_balance_v1,front_rear_free_flap_elevator,guide_V10_T40_Fm200_Rm300,,NaN,0,0,not_scored,Inf,Inf,,Inf,NaN,NaN,NaN,NaN,NaN,NaN,NaN,NaN,NaN,NaN,NaN,Error due to multiple causes.,NaN,NaN,0,0,,
newmap_overnight_wide_corridor_coarse_direct_db,direct_vinf_alpha_force_balance_v1,newmap_overnight_wide_corridor_coarse,MidbandGuide_Tilt40_V10_A12p5,tilt_40_v_10_a_12p5,40,10,12.5,vinf_alpha_force_balance_v1,front_rear_free_flap_elevator,guide_V10_T40_Fm200_Rm300,,NaN,0,0,not_scored,Inf,Inf,,Inf,NaN,NaN,NaN,NaN,NaN,NaN,NaN,NaN,NaN,NaN,NaN,Error due to multiple causes.,NaN,NaN,0,0,,
newmap_overnight_wide_corridor_coarse_direct_db,direct_vinf_alpha_force_balance_v1,newmap_overnight_wide_corridor_coarse,MidbandGuide_Tilt40_V10_A15,tilt_40_v_10_a_15,40,10,15,vinf_alpha_force_balance_v1,front_rear_free_flap_elevator,guide_V10_T40_Fm200_Rm300,,NaN,0,0,not_scored,Inf,Inf,,Inf,NaN,NaN,NaN,NaN,NaN,NaN,NaN,NaN,NaN,NaN,NaN,Error due to multiple causes.,NaN,NaN,0,0,,
newmap_overnight_wide_corridor_coarse_direct_db,direct_vinf_alpha_force_balance_v1,newmap_overnight_wide_corridor_coarse,MidbandGuide_Tilt17p5_V15_A0,tilt_17p5_v_15_a_0,17.5,15,0,vinf_alpha_force_balance_v1,front_rear_free_flap_elevator,guide_V15_T17p5_Fm200_Rm300,,NaN,0,0,not_scored,Inf,Inf,,Inf,NaN,NaN,NaN,NaN,NaN,NaN,NaN,NaN,NaN,NaN,NaN,Error due to multiple causes.,NaN,NaN,0,0,,
newmap_overnight_wide_corridor_coarse_direct_db,direct_vinf_alpha_force_balance_v1,newmap_overnight_wide_corridor_coarse,MidbandGuide_Tilt17p5_V15_A2p5,tilt_17p5_v_15_a_2p5,17.5,15,2.5,vinf_alpha_force_balance_v1,front_rear_free_flap_elevator,guide_V15_T17p5_Fm200_Rm300,,NaN,0,0,not_scored,Inf,Inf,,Inf,NaN,NaN,NaN,NaN,NaN,NaN,NaN,NaN,NaN,NaN,NaN,Error due to multiple causes.,NaN,NaN,0,0,,
newmap_overnight_wide_corridor_coarse_direct_db,direct_vinf_alpha_force_balance_v1,newmap_overnight_wide_corridor_coarse,MidbandGuide_Tilt17p5_V15_A5,tilt_17p5_v_15_a_5,17.5,15,5,vinf_alpha_force_balance_v1,front_rear_free_flap_elevator,guide_V15_T17p5_Fm200_Rm300,,NaN,0,0,not_scored,Inf,Inf,,Inf,NaN,NaN,NaN,NaN,NaN,NaN,NaN,NaN,NaN,NaN,NaN,Error due to multiple causes.,NaN,NaN,0,0,,
newmap_overnight_wide_corridor_coarse_direct_db,direct_vinf_alpha_force_balance_v1,newmap_overnight_wide_corridor_coarse,MidbandGuide_Tilt32p5_V15_A0,tilt_32p5_v_15_a_0,32.5,15,0,vinf_alpha_force_balance_v1,front_rear_free_flap_elevator,guide_V15_T32p5_Fm200_Rm300,,NaN,0,0,not_scored,Inf,Inf,,Inf,NaN,NaN,NaN,NaN,NaN,NaN,NaN,NaN,NaN,NaN,NaN,Error due to multiple causes.,NaN,NaN,0,0,,
newmap_overnight_wide_corridor_coarse_direct_db,direct_vinf_alpha_force_balance_v1,newmap_overnight_wide_corridor_coarse,MidbandGuide_Tilt17p5_V15_A7p5,tilt_17p5_v_15_a_7p5,17.5,15,7.5,vinf_alpha_force_balance_v1,front_rear_free_flap_elevator,guide_V15_T17p5_Fm200_Rm300,,NaN,0,0,not_scored,Inf,Inf,,Inf,NaN,NaN,NaN,NaN,NaN,NaN,NaN,NaN,NaN,NaN,NaN,Error due to multiple causes.,NaN,NaN,0,0,,
newmap_overnight_wide_corridor_coarse_direct_db,direct_vinf_alpha_force_balance_v1,newmap_overnight_wide_corridor_coarse,MidbandGuide_Tilt32p5_V15_A2p5,tilt_32p5_v_15_a_2p5,32.5,15,2.5,vinf_alpha_force_balance_v1,front_rear_free_flap_elevator,guide_V15_T32p5_Fm200_Rm300,,NaN,0,0,not_scored,Inf,Inf,,Inf,NaN,NaN,NaN,NaN,NaN,NaN,NaN,NaN,NaN,NaN,NaN,Error due to multiple causes.,NaN,NaN,0,0,,
newmap_overnight_wide_corridor_coarse_direct_db,direct_vinf_alpha_force_balance_v1,newmap_overnight_wide_corridor_coarse,MidbandGuide_Tilt17p5_V15_A10,tilt_17p5_v_15_a_10,17.5,15,10,vinf_alpha_force_balance_v1,front_rear_free_flap_elevator,guide_V15_T17p5_Fm200_Rm300,,NaN,0,0,not_scored,Inf,Inf,,Inf,NaN,NaN,NaN,NaN,NaN,NaN,NaN,NaN,NaN,NaN,NaN,Error due to multiple causes.,NaN,NaN,0,0,,
newmap_overnight_wide_corridor_coarse_direct_db,direct_vinf_alpha_force_balance_v1,newmap_overnight_wide_corridor_coarse,MidbandGuide_Tilt32p5_V15_A5,tilt_32p5_v_15_a_5,32.5,15,5,vinf_alpha_force_balance_v1,front_rear_free_flap_elevator,guide_V15_T32p5_Fm200_Rm300,,NaN,0,0,not_scored,Inf,Inf,,Inf,NaN,NaN,NaN,NaN,NaN,NaN,NaN,NaN,NaN,NaN,NaN,Error due to multiple causes.,NaN,NaN,0,0,,
newmap_overnight_wide_corridor_coarse_direct_db,direct_vinf_alpha_force_balance_v1,newmap_overnight_wide_corridor_coarse,MidbandGuide_Tilt17p5_V15_A12p5,tilt_17p5_v_15_a_12p5,17.5,15,12.5,vinf_alpha_force_balance_v1,front_rear_free_flap_elevator,guide_V15_T17p5_Fm200_Rm300,,NaN,0,0,not_scored,Inf,Inf,,Inf,NaN,NaN,NaN,NaN,NaN,NaN,NaN,NaN,NaN,NaN,NaN,Error due to multiple causes.,NaN,NaN,0,0,,
newmap_overnight_wide_corridor_coarse_direct_db,direct_vinf_alpha_force_balance_v1,newmap_overnight_wide_corridor_coarse,MidbandGuide_Tilt32p5_V15_A7p5,tilt_32p5_v_15_a_7p5,32.5,15,7.5,vinf_alpha_force_balance_v1,front_rear_free_flap_elevator,guide_V15_T32p5_Fm200_Rm300,,NaN,0,0,not_scored,Inf,Inf,,Inf,NaN,NaN,NaN,NaN,NaN,NaN,NaN,NaN,NaN,NaN,NaN,Error due to multiple causes.,NaN,NaN,0,0,,
newmap_overnight_wide_corridor_coarse_direct_db,direct_vinf_alpha_force_balance_v1,newmap_overnight_wide_corridor_coarse,MidbandGuide_Tilt17p5_V15_A15,tilt_17p5_v_15_a_15,17.5,15,15,vinf_alpha_force_balance_v1,front_rear_free_flap_elevator,guide_V15_T17p5_Fm200_Rm300,,NaN,0,0,not_scored,Inf,Inf,,Inf,NaN,NaN,NaN,NaN,NaN,NaN,NaN,NaN,NaN,NaN,NaN,Error due to multiple causes.,NaN,NaN,0,0,,
newmap_overnight_wide_corridor_coarse_direct_db,direct_vinf_alpha_force_balance_v1,newmap_overnight_wide_corridor_coarse,MidbandGuide_Tilt32p5_V15_A10,tilt_32p5_v_15_a_10,32.5,15,10,vinf_alpha_force_balance_v1,front_rear_free_flap_elevator,guide_V15_T32p5_Fm200_Rm300,,NaN,0,0,not_scored,Inf,Inf,,Inf,NaN,NaN,NaN,NaN,NaN,NaN,NaN,NaN,NaN,NaN,NaN,Error due to multiple causes.,NaN,NaN,0,0,,
newmap_overnight_wide_corridor_coarse_direct_db,direct_vinf_alpha_force_balance_v1,newmap_overnight_wide_corridor_coarse,MidbandGuide_Tilt32p5_V15_A12p5,tilt_32p5_v_15_a_12p5,32.5,15,12.5,vinf_alpha_force_balance_v1,front_rear_free_flap_elevator,guide_V15_T32p5_Fm200_Rm300,,NaN,0,0,not_scored,Inf,Inf,,Inf,NaN,NaN,NaN,NaN,NaN,NaN,NaN,NaN,NaN,NaN,NaN,Error due to multiple causes.,NaN,NaN,0,0,,
newmap_overnight_wide_corridor_coarse_direct_db,direct_vinf_alpha_force_balance_v1,newmap_overnight_wide_corridor_coarse,MidbandGuide_Tilt32p5_V15_A15,tilt_32p5_v_15_a_15,32.5,15,15,vinf_alpha_force_balance_v1,front_rear_free_flap_elevator,guide_V15_T32p5_Fm200_Rm300,,NaN,0,0,not_scored,Inf,Inf,,Inf,NaN,NaN,NaN,NaN,NaN,NaN,NaN,NaN,NaN,NaN,NaN,Error due to multiple causes.,NaN,NaN,0,0,,
newmap_overnight_wide_corridor_coarse_direct_db,direct_vinf_alpha_force_balance_v1,newmap_overnight_wide_corridor_coarse,MidbandGuide_Tilt10_V15_A0,tilt_10_v_15_a_0,10,15,0,vinf_alpha_force_balance_v1,front_rear_free_flap_elevator,guide_V15_T10_Fm200_Rm300,,NaN,0,0,not_scored,Inf,Inf,,Inf,NaN,NaN,NaN,NaN,NaN,NaN,NaN,NaN,NaN,NaN,NaN,Error due to multiple causes.,NaN,NaN,0,0,,
newmap_overnight_wide_corridor_coarse_direct_db,direct_vinf_alpha_force_balance_v1,newmap_overnight_wide_corridor_coarse,MidbandGuide_Tilt10_V15_A2p5,tilt_10_v_15_a_2p5,10,15,2.5,vinf_alpha_force_balance_v1,front_rear_free_flap_elevator,guide_V15_T10_Fm200_Rm300,,NaN,0,0,not_scored,Inf,Inf,,Inf,NaN,NaN,NaN,NaN,NaN,NaN,NaN,NaN,NaN,NaN,NaN,Error due to multiple causes.,NaN,NaN,0,0,,
newmap_overnight_wide_corridor_coarse_direct_db,direct_vinf_alpha_force_balance_v1,newmap_overnight_wide_corridor_coarse,MidbandGuide_Tilt10_V15_A5,tilt_10_v_15_a_5,10,15,5,vinf_alpha_force_balance_v1,front_rear_free_flap_elevator,guide_V15_T10_Fm200_Rm300,,NaN,0,0,not_scored,Inf,Inf,,Inf,NaN,NaN,NaN,NaN,NaN,NaN,NaN,NaN,NaN,NaN,NaN,Error due to multiple causes.,NaN,NaN,0,0,,
newmap_overnight_wide_corridor_coarse_direct_db,direct_vinf_alpha_force_balance_v1,newmap_overnight_wide_corridor_coarse,MidbandGuide_Tilt40_V15_A0,tilt_40_v_15_a_0,40,15,0,vinf_alpha_force_balance_v1,front_rear_free_flap_elevator,guide_V15_T40_Fm200_Rm300,,NaN,0,0,not_scored,Inf,Inf,,Inf,NaN,NaN,NaN,NaN,NaN,NaN,NaN,NaN,NaN,NaN,NaN,Error due to multiple causes.,NaN,NaN,0,0,,
newmap_overnight_wide_corridor_coarse_direct_db,direct_vinf_alpha_force_balance_v1,newmap_overnight_wide_corridor_coarse,MidbandGuide_Tilt10_V15_A7p5,tilt_10_v_15_a_7p5,10,15,7.5,vinf_alpha_force_balance_v1,front_rear_free_flap_elevator,guide_V15_T10_Fm200_Rm300,,NaN,0,0,not_scored,Inf,Inf,,Inf,NaN,NaN,NaN,NaN,NaN,NaN,NaN,NaN,NaN,NaN,NaN,Error due to multiple causes.,NaN,NaN,0,0,,
newmap_overnight_wide_corridor_coarse_direct_db,direct_vinf_alpha_force_balance_v1,newmap_overnight_wide_corridor_coarse,MidbandGuide_Tilt40_V15_A2p5,tilt_40_v_15_a_2p5,40,15,2.5,vinf_alpha_force_balance_v1,front_rear_free_flap_elevator,guide_V15_T40_Fm200_Rm300,,NaN,0,0,not_scored,Inf,Inf,,Inf,NaN,NaN,NaN,NaN,NaN,NaN,NaN,NaN,NaN,NaN,NaN,Error due to multiple causes.,NaN,NaN,0,0,,
newmap_overnight_wide_corridor_coarse_direct_db,direct_vinf_alpha_force_balance_v1,newmap_overnight_wide_corridor_coarse,MidbandGuide_Tilt10_V15_A10,tilt_10_v_15_a_10,10,15,10,vinf_alpha_force_balance_v1,front_rear_free_flap_elevator,guide_V15_T10_Fm200_Rm300,,NaN,0,0,not_scored,Inf,Inf,,Inf,NaN,NaN,NaN,NaN,NaN,NaN,NaN,NaN,NaN,NaN,NaN,Error due to multiple causes.,NaN,NaN,0,0,,
newmap_overnight_wide_corridor_coarse_direct_db,direct_vinf_alpha_force_balance_v1,newmap_overnight_wide_corridor_coarse,MidbandGuide_Tilt40_V15_A5,tilt_40_v_15_a_5,40,15,5,vinf_alpha_force_balance_v1,front_rear_free_flap_elevator,guide_V15_T40_Fm200_Rm300,,NaN,0,0,not_scored,Inf,Inf,,Inf,NaN,NaN,NaN,NaN,NaN,NaN,NaN,NaN,NaN,NaN,NaN,Error due to multiple causes.,NaN,NaN,0,0,,
newmap_overnight_wide_corridor_coarse_direct_db,direct_vinf_alpha_force_balance_v1,newmap_overnight_wide_corridor_coarse,MidbandGuide_Tilt10_V15_A12p5,tilt_10_v_15_a_12p5,10,15,12.5,vinf_alpha_force_balance_v1,front_rear_free_flap_elevator,guide_V15_T10_Fm200_Rm300,,NaN,0,0,not_scored,Inf,Inf,,Inf,NaN,NaN,NaN,NaN,NaN,NaN,NaN,NaN,NaN,NaN,NaN,Error due to multiple causes.,NaN,NaN,0,0,,
newmap_overnight_wide_corridor_coarse_direct_db,direct_vinf_alpha_force_balance_v1,newmap_overnight_wide_corridor_coarse,MidbandGuide_Tilt40_V15_A7p5,tilt_40_v_15_a_7p5,40,15,7.5,vinf_alpha_force_balance_v1,front_rear_free_flap_elevator,guide_V15_T40_Fm200_Rm300,,NaN,0,0,not_scored,Inf,Inf,,Inf,NaN,NaN,NaN,NaN,NaN,NaN,NaN,NaN,NaN,NaN,NaN,Error due to multiple causes.,NaN,NaN,0,0,,
newmap_overnight_wide_corridor_coarse_direct_db,direct_vinf_alpha_force_balance_v1,newmap_overnight_wide_corridor_coarse,MidbandGuide_Tilt10_V15_A15,tilt_10_v_15_a_15,10,15,15,vinf_alpha_force_balance_v1,front_rear_free_flap_elevator,guide_V15_T10_Fm200_Rm300,,NaN,0,0,not_scored,Inf,Inf,,Inf,NaN,NaN,NaN,NaN,NaN,NaN,NaN,NaN,NaN,NaN,NaN,Error due to multiple causes.,NaN,NaN,0,0,,
newmap_overnight_wide_corridor_coarse_direct_db,direct_vinf_alpha_force_balance_v1,newmap_overnight_wide_corridor_coarse,MidbandGuide_Tilt40_V15_A10,tilt_40_v_15_a_10,40,15,10,vinf_alpha_force_balance_v1,front_rear_free_flap_elevator,guide_V15_T40_Fm200_Rm300,,NaN,0,0,not_scored,Inf,Inf,,Inf,NaN,NaN,NaN,NaN,NaN,NaN,NaN,NaN,NaN,NaN,NaN,Error due to multiple causes.,NaN,NaN,0,0,,
newmap_overnight_wide_corridor_coarse_direct_db,direct_vinf_alpha_force_balance_v1,newmap_overnight_wide_corridor_coarse,MidbandGuide_Tilt40_V15_A12p5,tilt_40_v_15_a_12p5,40,15,12.5,vinf_alpha_force_balance_v1,front_rear_free_flap_elevator,guide_V15_T40_Fm200_Rm300,,NaN,0,0,not_scored,Inf,Inf,,Inf,NaN,NaN,NaN,NaN,NaN,NaN,NaN,NaN,NaN,NaN,NaN,Error due to multiple causes.,NaN,NaN,0,0,,
newmap_overnight_wide_corridor_coarse_direct_db,direct_vinf_alpha_force_balance_v1,newmap_overnight_wide_corridor_coarse,MidbandGuide_Tilt40_V15_A15,tilt_40_v_15_a_15,40,15,15,vinf_alpha_force_balance_v1,front_rear_free_flap_elevator,guide_V15_T40_Fm200_Rm300,,NaN,0,0,not_scored,Inf,Inf,,Inf,NaN,NaN,NaN,NaN,NaN,NaN,NaN,NaN,NaN,NaN,NaN,Error due to multiple causes.,NaN,NaN,0,0,,
newmap_overnight_wide_corridor_coarse_direct_db,direct_vinf_alpha_force_balance_v1,newmap_overnight_wide_corridor_coarse,MidbandGuide_Tilt0_V15_A0,tilt_0_v_15_a_0,-0,15,0,vinf_alpha_force_balance_v1,front_rear_free_flap_elevator,guide_V15_T0_Fm200_Rm300,,NaN,0,0,not_scored,Inf,Inf,,Inf,NaN,NaN,NaN,NaN,NaN,NaN,NaN,NaN,NaN,NaN,NaN,Error due to multiple causes.,NaN,NaN,0,0,,
newmap_overnight_wide_corridor_coarse_direct_db,direct_vinf_alpha_force_balance_v1,newmap_overnight_wide_corridor_coarse,MidbandGuide_Tilt0_V15_A2p5,tilt_0_v_15_a_2p5,-0,15,2.5,vinf_alpha_force_balance_v1,front_rear_free_flap_elevator,guide_V15_T0_Fm200_Rm300,,NaN,0,0,not_scored,Inf,Inf,,Inf,NaN,NaN,NaN,NaN,NaN,NaN,NaN,NaN,NaN,NaN,NaN,Error due to multiple causes.,NaN,NaN,0,0,,
newmap_overnight_wide_corridor_coarse_direct_db,direct_vinf_alpha_force_balance_v1,newmap_overnight_wide_corridor_coarse,MidbandGuide_Tilt0_V15_A5,tilt_0_v_15_a_5,-0,15,5,vinf_alpha_force_balance_v1,front_rear_free_flap_elevator,guide_V15_T0_Fm200_Rm300,,NaN,0,0,not_scored,Inf,Inf,,Inf,NaN,NaN,NaN,NaN,NaN,NaN,NaN,NaN,NaN,NaN,NaN,Error due to multiple causes.,NaN,NaN,0,0,,
newmap_overnight_wide_corridor_coarse_direct_db,direct_vinf_alpha_force_balance_v1,newmap_overnight_wide_corridor_coarse,MidbandGuide_Tilt50_V15_A0,tilt_50_v_15_a_0,50,15,0,vinf_alpha_force_balance_v1,front_rear_free_flap_elevator,guide_V15_T50_Fm200_Rm300,,NaN,0,0,not_scored,Inf,Inf,,Inf,NaN,NaN,NaN,NaN,NaN,NaN,NaN,NaN,NaN,NaN,NaN,Error due to multiple causes.,NaN,NaN,0,0,,
newmap_overnight_wide_corridor_coarse_direct_db,direct_vinf_alpha_force_balance_v1,newmap_overnight_wide_corridor_coarse,MidbandGuide_Tilt0_V15_A7p5,tilt_0_v_15_a_7p5,-0,15,7.5,vinf_alpha_force_balance_v1,front_rear_free_flap_elevator,guide_V15_T0_Fm200_Rm300,,NaN,0,0,not_scored,Inf,Inf,,Inf,NaN,NaN,NaN,NaN,NaN,NaN,NaN,NaN,NaN,NaN,NaN,Error due to multiple causes.,NaN,NaN,0,0,,
newmap_overnight_wide_corridor_coarse_direct_db,direct_vinf_alpha_force_balance_v1,newmap_overnight_wide_corridor_coarse,MidbandGuide_Tilt50_V15_A2p5,tilt_50_v_15_a_2p5,50,15,2.5,vinf_alpha_force_balance_v1,front_rear_free_flap_elevator,guide_V15_T50_Fm200_Rm300,,NaN,0,0,not_scored,Inf,Inf,,Inf,NaN,NaN,NaN,NaN,NaN,NaN,NaN,NaN,NaN,NaN,NaN,Error due to multiple causes.,NaN,NaN,0,0,,
newmap_overnight_wide_corridor_coarse_direct_db,direct_vinf_alpha_force_balance_v1,newmap_overnight_wide_corridor_coarse,MidbandGuide_Tilt0_V15_A10,tilt_0_v_15_a_10,-0,15,10,vinf_alpha_force_balance_v1,front_rear_free_flap_elevator,guide_V15_T0_Fm200_Rm300,,NaN,0,0,not_scored,Inf,Inf,,Inf,NaN,NaN,NaN,NaN,NaN,NaN,NaN,NaN,NaN,NaN,NaN,Error due to multiple causes.,NaN,NaN,0,0,,
newmap_overnight_wide_corridor_coarse_direct_db,direct_vinf_alpha_force_balance_v1,newmap_overnight_wide_corridor_coarse,MidbandGuide_Tilt50_V15_A5,tilt_50_v_15_a_5,50,15,5,vinf_alpha_force_balance_v1,front_rear_free_flap_elevator,guide_V15_T50_Fm200_Rm300,,NaN,0,0,not_scored,Inf,Inf,,Inf,NaN,NaN,NaN,NaN,NaN,NaN,NaN,NaN,NaN,NaN,NaN,Error due to multiple causes.,NaN,NaN,0,0,,
newmap_overnight_wide_corridor_coarse_direct_db,direct_vinf_alpha_force_balance_v1,newmap_overnight_wide_corridor_coarse,MidbandGuide_Tilt0_V15_A12p5,tilt_0_v_15_a_12p5,-0,15,12.5,vinf_alpha_force_balance_v1,front_rear_free_flap_elevator,guide_V15_T0_Fm200_Rm300,,NaN,0,0,not_scored,Inf,Inf,,Inf,NaN,NaN,NaN,NaN,NaN,NaN,NaN,NaN,NaN,NaN,NaN,Error due to multiple causes.,NaN,NaN,0,0,,
newmap_overnight_wide_corridor_coarse_direct_db,direct_vinf_alpha_force_balance_v1,newmap_overnight_wide_corridor_coarse,MidbandGuide_Tilt50_V15_A7p5,tilt_50_v_15_a_7p5,50,15,7.5,vinf_alpha_force_balance_v1,front_rear_free_flap_elevator,guide_V15_T50_Fm200_Rm300,,NaN,0,0,not_scored,Inf,Inf,,Inf,NaN,NaN,NaN,NaN,NaN,NaN,NaN,NaN,NaN,NaN,NaN,Error due to multiple causes.,NaN,NaN,0,0,,
newmap_overnight_wide_corridor_coarse_direct_db,direct_vinf_alpha_force_balance_v1,newmap_overnight_wide_corridor_coarse,MidbandGuide_Tilt0_V15_A15,tilt_0_v_15_a_15,-0,15,15,vinf_alpha_force_balance_v1,front_rear_free_flap_elevator,guide_V15_T0_Fm200_Rm300,,NaN,0,0,not_scored,Inf,Inf,,Inf,NaN,NaN,NaN,NaN,NaN,NaN,NaN,NaN,NaN,NaN,NaN,Error due to multiple causes.,NaN,NaN,0,0,,
newmap_overnight_wide_corridor_coarse_direct_db,direct_vinf_alpha_force_balance_v1,newmap_overnight_wide_corridor_coarse,MidbandGuide_Tilt50_V15_A10,tilt_50_v_15_a_10,50,15,10,vinf_alpha_force_balance_v1,front_rear_free_flap_elevator,guide_V15_T50_Fm200_Rm300,,NaN,0,0,not_scored,Inf,Inf,,Inf,NaN,NaN,NaN,NaN,NaN,NaN,NaN,NaN,NaN,NaN,NaN,Error due to multiple causes.,NaN,NaN,0,0,,
newmap_overnight_wide_corridor_coarse_direct_db,direct_vinf_alpha_force_balance_v1,newmap_overnight_wide_corridor_coarse,MidbandGuide_Tilt50_V15_A12p5,tilt_50_v_15_a_12p5,50,15,12.5,vinf_alpha_force_balance_v1,front_rear_free_flap_elevator,guide_V15_T50_Fm200_Rm300,,NaN,0,0,not_scored,Inf,Inf,,Inf,NaN,NaN,NaN,NaN,NaN,NaN,NaN,NaN,NaN,NaN,NaN,Error due to multiple causes.,NaN,NaN,0,0,,
newmap_overnight_wide_corridor_coarse_direct_db,direct_vinf_alpha_force_balance_v1,newmap_overnight_wide_corridor_coarse,MidbandGuide_Tilt50_V15_A15,tilt_50_v_15_a_15,50,15,15,vinf_alpha_force_balance_v1,front_rear_free_flap_elevator,guide_V15_T50_Fm200_Rm300,,NaN,0,0,not_scored,Inf,Inf,,Inf,NaN,NaN,NaN,NaN,NaN,NaN,NaN,NaN,NaN,NaN,NaN,Error due to multiple causes.,NaN,NaN,0,0,,
newmap_overnight_wide_corridor_coarse_direct_db,direct_vinf_alpha_force_balance_v1,newmap_overnight_wide_corridor_coarse,MidbandGuide_Tilt27p5_V20_A0,tilt_27p5_v_20_a_0,27.5,20,0,vinf_alpha_force_balance_v1,front_rear_free_flap_elevator,guide_V20_T27p5_Fm200_Rm300,,NaN,0,0,not_scored,Inf,Inf,,Inf,NaN,NaN,NaN,NaN,NaN,NaN,NaN,NaN,NaN,NaN,NaN,Error due to multiple causes.,NaN,NaN,0,0,,
newmap_overnight_wide_corridor_coarse_direct_db,direct_vinf_alpha_force_balance_v1,newmap_overnight_wide_corridor_coarse,MidbandGuide_Tilt42p5_V20_A0,tilt_42p5_v_20_a_0,42.5,20,0,vinf_alpha_force_balance_v1,front_rear_free_flap_elevator,guide_V20_T42p5_Fm200_Rm300,,NaN,0,0,not_scored,Inf,Inf,,Inf,NaN,NaN,NaN,NaN,NaN,NaN,NaN,NaN,NaN,NaN,NaN,Error due to multiple causes.,NaN,NaN,0,0,,
newmap_overnight_wide_corridor_coarse_direct_db,direct_vinf_alpha_force_balance_v1,newmap_overnight_wide_corridor_coarse,MidbandGuide_Tilt27p5_V20_A2p5,tilt_27p5_v_20_a_2p5,27.5,20,2.5,vinf_alpha_force_balance_v1,front_rear_free_flap_elevator,guide_V20_T27p5_Fm200_Rm300,,NaN,0,0,not_scored,Inf,Inf,,Inf,NaN,NaN,NaN,NaN,NaN,NaN,NaN,NaN,NaN,NaN,NaN,Error due to multiple causes.,NaN,NaN,0,0,,
newmap_overnight_wide_corridor_coarse_direct_db,direct_vinf_alpha_force_balance_v1,newmap_overnight_wide_corridor_coarse,MidbandGuide_Tilt42p5_V20_A2p5,tilt_42p5_v_20_a_2p5,42.5,20,2.5,vinf_alpha_force_balance_v1,front_rear_free_flap_elevator,guide_V20_T42p5_Fm200_Rm300,,NaN,0,0,not_scored,Inf,Inf,,Inf,NaN,NaN,NaN,NaN,NaN,NaN,NaN,NaN,NaN,NaN,NaN,Error due to multiple causes.,NaN,NaN,0,0,,
newmap_overnight_wide_corridor_coarse_direct_db,direct_vinf_alpha_force_balance_v1,newmap_overnight_wide_corridor_coarse,MidbandGuide_Tilt27p5_V20_A5,tilt_27p5_v_20_a_5,27.5,20,5,vinf_alpha_force_balance_v1,front_rear_free_flap_elevator,guide_V20_T27p5_Fm200_Rm300,,NaN,0,0,not_scored,Inf,Inf,,Inf,NaN,NaN,NaN,NaN,NaN,NaN,NaN,NaN,NaN,NaN,NaN,Error due to multiple causes.,NaN,NaN,0,0,,
newmap_overnight_wide_corridor_coarse_direct_db,direct_vinf_alpha_force_balance_v1,newmap_overnight_wide_corridor_coarse,MidbandGuide_Tilt42p5_V20_A5,tilt_42p5_v_20_a_5,42.5,20,5,vinf_alpha_force_balance_v1,front_rear_free_flap_elevator,guide_V20_T42p5_Fm200_Rm300,,NaN,0,0,not_scored,Inf,Inf,,Inf,NaN,NaN,NaN,NaN,NaN,NaN,NaN,NaN,NaN,NaN,NaN,Error due to multiple causes.,NaN,NaN,0,0,,
newmap_overnight_wide_corridor_coarse_direct_db,direct_vinf_alpha_force_balance_v1,newmap_overnight_wide_corridor_coarse,MidbandGuide_Tilt27p5_V20_A7p5,tilt_27p5_v_20_a_7p5,27.5,20,7.5,vinf_alpha_force_balance_v1,front_rear_free_flap_elevator,guide_V20_T27p5_Fm200_Rm300,,NaN,0,0,not_scored,Inf,Inf,,Inf,NaN,NaN,NaN,NaN,NaN,NaN,NaN,NaN,NaN,NaN,NaN,Error due to multiple causes.,NaN,NaN,0,0,,
newmap_overnight_wide_corridor_coarse_direct_db,direct_vinf_alpha_force_balance_v1,newmap_overnight_wide_corridor_coarse,MidbandGuide_Tilt42p5_V20_A7p5,tilt_42p5_v_20_a_7p5,42.5,20,7.5,vinf_alpha_force_balance_v1,front_rear_free_flap_elevator,guide_V20_T42p5_Fm200_Rm300,,NaN,0,0,not_scored,Inf,Inf,,Inf,NaN,NaN,NaN,NaN,NaN,NaN,NaN,NaN,NaN,NaN,NaN,Error due to multiple causes.,NaN,NaN,0,0,,
newmap_overnight_wide_corridor_coarse_direct_db,direct_vinf_alpha_force_balance_v1,newmap_overnight_wide_corridor_coarse,MidbandGuide_Tilt27p5_V20_A10,tilt_27p5_v_20_a_10,27.5,20,10,vinf_alpha_force_balance_v1,front_rear_free_flap_elevator,guide_V20_T27p5_Fm200_Rm300,,NaN,0,0,not_scored,Inf,Inf,,Inf,NaN,NaN,NaN,NaN,NaN,NaN,NaN,NaN,NaN,NaN,NaN,Error due to multiple causes.,NaN,NaN,0,0,,
newmap_overnight_wide_corridor_coarse_direct_db,direct_vinf_alpha_force_balance_v1,newmap_overnight_wide_corridor_coarse,MidbandGuide_Tilt42p5_V20_A10,tilt_42p5_v_20_a_10,42.5,20,10,vinf_alpha_force_balance_v1,front_rear_free_flap_elevator,guide_V20_T42p5_Fm200_Rm300,,NaN,0,0,not_scored,Inf,Inf,,Inf,NaN,NaN,NaN,NaN,NaN,NaN,NaN,NaN,NaN,NaN,NaN,Error due to multiple causes.,NaN,NaN,0,0,,
newmap_overnight_wide_corridor_coarse_direct_db,direct_vinf_alpha_force_balance_v1,newmap_overnight_wide_corridor_coarse,MidbandGuide_Tilt27p5_V20_A12p5,tilt_27p5_v_20_a_12p5,27.5,20,12.5,vinf_alpha_force_balance_v1,front_rear_free_flap_elevator,guide_V20_T27p5_Fm200_Rm300,,NaN,0,0,not_scored,Inf,Inf,,Inf,NaN,NaN,NaN,NaN,NaN,NaN,NaN,NaN,NaN,NaN,NaN,Error due to multiple causes.,NaN,NaN,0,0,,
newmap_overnight_wide_corridor_coarse_direct_db,direct_vinf_alpha_force_balance_v1,newmap_overnight_wide_corridor_coarse,MidbandGuide_Tilt42p5_V20_A12p5,tilt_42p5_v_20_a_12p5,42.5,20,12.5,vinf_alpha_force_balance_v1,front_rear_free_flap_elevator,guide_V20_T42p5_Fm200_Rm300,,NaN,0,0,not_scored,Inf,Inf,,Inf,NaN,NaN,NaN,NaN,NaN,NaN,NaN,NaN,NaN,NaN,NaN,Error due to multiple causes.,NaN,NaN,0,0,,
newmap_overnight_wide_corridor_coarse_direct_db,direct_vinf_alpha_force_balance_v1,newmap_overnight_wide_corridor_coarse,MidbandGuide_Tilt27p5_V20_A15,tilt_27p5_v_20_a_15,27.5,20,15,vinf_alpha_force_balance_v1,front_rear_free_flap_elevator,guide_V20_T27p5_Fm200_Rm300,,NaN,0,0,not_scored,Inf,Inf,,Inf,NaN,NaN,NaN,NaN,NaN,NaN,NaN,NaN,NaN,NaN,NaN,Error due to multiple causes.,NaN,NaN,0,0,,
newmap_overnight_wide_corridor_coarse_direct_db,direct_vinf_alpha_force_balance_v1,newmap_overnight_wide_corridor_coarse,MidbandGuide_Tilt42p5_V20_A15,tilt_42p5_v_20_a_15,42.5,20,15,vinf_alpha_force_balance_v1,front_rear_free_flap_elevator,guide_V20_T42p5_Fm200_Rm300,,NaN,0,0,not_scored,Inf,Inf,,Inf,NaN,NaN,NaN,NaN,NaN,NaN,NaN,NaN,NaN,NaN,NaN,Error due to multiple causes.,NaN,NaN,0,0,,
newmap_overnight_wide_corridor_coarse_direct_db,direct_vinf_alpha_force_balance_v1,newmap_overnight_wide_corridor_coarse,MidbandGuide_Tilt20_V20_A0,tilt_20_v_20_a_0,20,20,0,vinf_alpha_force_balance_v1,front_rear_free_flap_elevator,guide_V20_T20_Fm200_Rm300,,NaN,0,0,not_scored,Inf,Inf,,Inf,NaN,NaN,NaN,NaN,NaN,NaN,NaN,NaN,NaN,NaN,NaN,Error due to multiple causes.,NaN,NaN,0,0,,
newmap_overnight_wide_corridor_coarse_direct_db,direct_vinf_alpha_force_balance_v1,newmap_overnight_wide_corridor_coarse,MidbandGuide_Tilt50_V20_A0,tilt_50_v_20_a_0,50,20,0,vinf_alpha_force_balance_v1,front_rear_free_flap_elevator,guide_V20_T50_Fm200_Rm300,,NaN,0,0,not_scored,Inf,Inf,,Inf,NaN,NaN,NaN,NaN,NaN,NaN,NaN,NaN,NaN,NaN,NaN,Error due to multiple causes.,NaN,NaN,0,0,,
newmap_overnight_wide_corridor_coarse_direct_db,direct_vinf_alpha_force_balance_v1,newmap_overnight_wide_corridor_coarse,MidbandGuide_Tilt20_V20_A2p5,tilt_20_v_20_a_2p5,20,20,2.5,vinf_alpha_force_balance_v1,front_rear_free_flap_elevator,guide_V20_T20_Fm200_Rm300,,NaN,0,0,not_scored,Inf,Inf,,Inf,NaN,NaN,NaN,NaN,NaN,NaN,NaN,NaN,NaN,NaN,NaN,Error due to multiple causes.,NaN,NaN,0,0,,
newmap_overnight_wide_corridor_coarse_direct_db,direct_vinf_alpha_force_balance_v1,newmap_overnight_wide_corridor_coarse,MidbandGuide_Tilt50_V20_A2p5,tilt_50_v_20_a_2p5,50,20,2.5,vinf_alpha_force_balance_v1,front_rear_free_flap_elevator,guide_V20_T50_Fm200_Rm300,,NaN,0,0,not_scored,Inf,Inf,,Inf,NaN,NaN,NaN,NaN,NaN,NaN,NaN,NaN,NaN,NaN,NaN,Error due to multiple causes.,NaN,NaN,0,0,,
newmap_overnight_wide_corridor_coarse_direct_db,direct_vinf_alpha_force_balance_v1,newmap_overnight_wide_corridor_coarse,MidbandGuide_Tilt20_V20_A5,tilt_20_v_20_a_5,20,20,5,vinf_alpha_force_balance_v1,front_rear_free_flap_elevator,guide_V20_T20_Fm200_Rm300,,NaN,0,0,not_scored,Inf,Inf,,Inf,NaN,NaN,NaN,NaN,NaN,NaN,NaN,NaN,NaN,NaN,NaN,Error due to multiple causes.,NaN,NaN,0,0,,
newmap_overnight_wide_corridor_coarse_direct_db,direct_vinf_alpha_force_balance_v1,newmap_overnight_wide_corridor_coarse,MidbandGuide_Tilt50_V20_A5,tilt_50_v_20_a_5,50,20,5,vinf_alpha_force_balance_v1,front_rear_free_flap_elevator,guide_V20_T50_Fm200_Rm300,,NaN,0,0,not_scored,Inf,Inf,,Inf,NaN,NaN,NaN,NaN,NaN,NaN,NaN,NaN,NaN,NaN,NaN,Error due to multiple causes.,NaN,NaN,0,0,,
newmap_overnight_wide_corridor_coarse_direct_db,direct_vinf_alpha_force_balance_v1,newmap_overnight_wide_corridor_coarse,MidbandGuide_Tilt20_V20_A7p5,tilt_20_v_20_a_7p5,20,20,7.5,vinf_alpha_force_balance_v1,front_rear_free_flap_elevator,guide_V20_T20_Fm200_Rm300,,NaN,0,0,not_scored,Inf,Inf,,Inf,NaN,NaN,NaN,NaN,NaN,NaN,NaN,NaN,NaN,NaN,NaN,Error due to multiple causes.,NaN,NaN,0,0,,
newmap_overnight_wide_corridor_coarse_direct_db,direct_vinf_alpha_force_balance_v1,newmap_overnight_wide_corridor_coarse,MidbandGuide_Tilt50_V20_A7p5,tilt_50_v_20_a_7p5,50,20,7.5,vinf_alpha_force_balance_v1,front_rear_free_flap_elevator,guide_V20_T50_Fm200_Rm300,,NaN,0,0,not_scored,Inf,Inf,,Inf,NaN,NaN,NaN,NaN,NaN,NaN,NaN,NaN,NaN,NaN,NaN,Error due to multiple causes.,NaN,NaN,0,0,,
newmap_overnight_wide_corridor_coarse_direct_db,direct_vinf_alpha_force_balance_v1,newmap_overnight_wide_corridor_coarse,MidbandGuide_Tilt20_V20_A10,tilt_20_v_20_a_10,20,20,10,vinf_alpha_force_balance_v1,front_rear_free_flap_elevator,guide_V20_T20_Fm200_Rm300,,NaN,0,0,not_scored,Inf,Inf,,Inf,NaN,NaN,NaN,NaN,NaN,NaN,NaN,NaN,NaN,NaN,NaN,Error due to multiple causes.,NaN,NaN,0,0,,
newmap_overnight_wide_corridor_coarse_direct_db,direct_vinf_alpha_force_balance_v1,newmap_overnight_wide_corridor_coarse,MidbandGuide_Tilt50_V20_A10,tilt_50_v_20_a_10,50,20,10,vinf_alpha_force_balance_v1,front_rear_free_flap_elevator,guide_V20_T50_Fm200_Rm300,,NaN,0,0,not_scored,Inf,Inf,,Inf,NaN,NaN,NaN,NaN,NaN,NaN,NaN,NaN,NaN,NaN,NaN,Error due to multiple causes.,NaN,NaN,0,0,,
newmap_overnight_wide_corridor_coarse_direct_db,direct_vinf_alpha_force_balance_v1,newmap_overnight_wide_corridor_coarse,MidbandGuide_Tilt20_V20_A12p5,tilt_20_v_20_a_12p5,20,20,12.5,vinf_alpha_force_balance_v1,front_rear_free_flap_elevator,guide_V20_T20_Fm200_Rm300,,NaN,0,0,not_scored,Inf,Inf,,Inf,NaN,NaN,NaN,NaN,NaN,NaN,NaN,NaN,NaN,NaN,NaN,Error due to multiple causes.,NaN,NaN,0,0,,
newmap_overnight_wide_corridor_coarse_direct_db,direct_vinf_alpha_force_balance_v1,newmap_overnight_wide_corridor_coarse,MidbandGuide_Tilt50_V20_A12p5,tilt_50_v_20_a_12p5,50,20,12.5,vinf_alpha_force_balance_v1,front_rear_free_flap_elevator,guide_V20_T50_Fm200_Rm300,,NaN,0,0,not_scored,Inf,Inf,,Inf,NaN,NaN,NaN,NaN,NaN,NaN,NaN,NaN,NaN,NaN,NaN,Error due to multiple causes.,NaN,NaN,0,0,,
newmap_overnight_wide_corridor_coarse_direct_db,direct_vinf_alpha_force_balance_v1,newmap_overnight_wide_corridor_coarse,MidbandGuide_Tilt20_V20_A15,tilt_20_v_20_a_15,20,20,15,vinf_alpha_force_balance_v1,front_rear_free_flap_elevator,guide_V20_T20_Fm200_Rm300,,NaN,0,0,not_scored,Inf,Inf,,Inf,NaN,NaN,NaN,NaN,NaN,NaN,NaN,NaN,NaN,NaN,NaN,Error due to multiple causes.,NaN,NaN,0,0,,
newmap_overnight_wide_corridor_coarse_direct_db,direct_vinf_alpha_force_balance_v1,newmap_overnight_wide_corridor_coarse,MidbandGuide_Tilt50_V20_A15,tilt_50_v_20_a_15,50,20,15,vinf_alpha_force_balance_v1,front_rear_free_flap_elevator,guide_V20_T50_Fm200_Rm300,,NaN,0,0,not_scored,Inf,Inf,,Inf,NaN,NaN,NaN,NaN,NaN,NaN,NaN,NaN,NaN,NaN,NaN,Error due to multiple causes.,NaN,NaN,0,0,,
newmap_overnight_wide_corridor_coarse_direct_db,direct_vinf_alpha_force_balance_v1,newmap_overnight_wide_corridor_coarse,MidbandGuide_Tilt10_V20_A0,tilt_10_v_20_a_0,10,20,0,vinf_alpha_force_balance_v1,front_rear_free_flap_elevator,guide_V20_T10_Fm200_Rm300,,NaN,0,0,not_scored,Inf,Inf,,Inf,NaN,NaN,NaN,NaN,NaN,NaN,NaN,NaN,NaN,NaN,NaN,Error due to multiple causes.,NaN,NaN,0,0,,
newmap_overnight_wide_corridor_coarse_direct_db,direct_vinf_alpha_force_balance_v1,newmap_overnight_wide_corridor_coarse,MidbandGuide_Tilt60_V20_A0,tilt_60_v_20_a_0,60,20,0,vinf_alpha_force_balance_v1,front_rear_free_flap_elevator,guide_V20_T60_Fm200_Rm300,,NaN,0,0,not_scored,Inf,Inf,,Inf,NaN,NaN,NaN,NaN,NaN,NaN,NaN,NaN,NaN,NaN,NaN,Error due to multiple causes.,NaN,NaN,0,0,,
newmap_overnight_wide_corridor_coarse_direct_db,direct_vinf_alpha_force_balance_v1,newmap_overnight_wide_corridor_coarse,MidbandGuide_Tilt10_V20_A2p5,tilt_10_v_20_a_2p5,10,20,2.5,vinf_alpha_force_balance_v1,front_rear_free_flap_elevator,guide_V20_T10_Fm200_Rm300,,NaN,0,0,not_scored,Inf,Inf,,Inf,NaN,NaN,NaN,NaN,NaN,NaN,NaN,NaN,NaN,NaN,NaN,Error due to multiple causes.,NaN,NaN,0,0,,
newmap_overnight_wide_corridor_coarse_direct_db,direct_vinf_alpha_force_balance_v1,newmap_overnight_wide_corridor_coarse,MidbandGuide_Tilt60_V20_A2p5,tilt_60_v_20_a_2p5,60,20,2.5,vinf_alpha_force_balance_v1,front_rear_free_flap_elevator,guide_V20_T60_Fm200_Rm300,,NaN,0,0,not_scored,Inf,Inf,,Inf,NaN,NaN,NaN,NaN,NaN,NaN,NaN,NaN,NaN,NaN,NaN,Error due to multiple causes.,NaN,NaN,0,0,,
newmap_overnight_wide_corridor_coarse_direct_db,direct_vinf_alpha_force_balance_v1,newmap_overnight_wide_corridor_coarse,MidbandGuide_Tilt10_V20_A5,tilt_10_v_20_a_5,10,20,5,vinf_alpha_force_balance_v1,front_rear_free_flap_elevator,guide_V20_T10_Fm200_Rm300,,NaN,0,0,not_scored,Inf,Inf,,Inf,NaN,NaN,NaN,NaN,NaN,NaN,NaN,NaN,NaN,NaN,NaN,Error due to multiple causes.,NaN,NaN,0,0,,
newmap_overnight_wide_corridor_coarse_direct_db,direct_vinf_alpha_force_balance_v1,newmap_overnight_wide_corridor_coarse,MidbandGuide_Tilt60_V20_A5,tilt_60_v_20_a_5,60,20,5,vinf_alpha_force_balance_v1,front_rear_free_flap_elevator,guide_V20_T60_Fm200_Rm300,,NaN,0,0,not_scored,Inf,Inf,,Inf,NaN,NaN,NaN,NaN,NaN,NaN,NaN,NaN,NaN,NaN,NaN,Error due to multiple causes.,NaN,NaN,0,0,,
newmap_overnight_wide_corridor_coarse_direct_db,direct_vinf_alpha_force_balance_v1,newmap_overnight_wide_corridor_coarse,MidbandGuide_Tilt10_V20_A7p5,tilt_10_v_20_a_7p5,10,20,7.5,vinf_alpha_force_balance_v1,front_rear_free_flap_elevator,guide_V20_T10_Fm200_Rm300,,NaN,0,0,not_scored,Inf,Inf,,Inf,NaN,NaN,NaN,NaN,NaN,NaN,NaN,NaN,NaN,NaN,NaN,Error due to multiple causes.,NaN,NaN,0,0,,
newmap_overnight_wide_corridor_coarse_direct_db,direct_vinf_alpha_force_balance_v1,newmap_overnight_wide_corridor_coarse,MidbandGuide_Tilt60_V20_A7p5,tilt_60_v_20_a_7p5,60,20,7.5,vinf_alpha_force_balance_v1,front_rear_free_flap_elevator,guide_V20_T60_Fm200_Rm300,,NaN,0,0,not_scored,Inf,Inf,,Inf,NaN,NaN,NaN,NaN,NaN,NaN,NaN,NaN,NaN,NaN,NaN,Error due to multiple causes.,NaN,NaN,0,0,,
newmap_overnight_wide_corridor_coarse_direct_db,direct_vinf_alpha_force_balance_v1,newmap_overnight_wide_corridor_coarse,MidbandGuide_Tilt10_V20_A10,tilt_10_v_20_a_10,10,20,10,vinf_alpha_force_balance_v1,front_rear_free_flap_elevator,guide_V20_T10_Fm200_Rm300,,NaN,0,0,not_scored,Inf,Inf,,Inf,NaN,NaN,NaN,NaN,NaN,NaN,NaN,NaN,NaN,NaN,NaN,Error due to multiple causes.,NaN,NaN,0,0,,
newmap_overnight_wide_corridor_coarse_direct_db,direct_vinf_alpha_force_balance_v1,newmap_overnight_wide_corridor_coarse,MidbandGuide_Tilt60_V20_A10,tilt_60_v_20_a_10,60,20,10,vinf_alpha_force_balance_v1,front_rear_free_flap_elevator,guide_V20_T60_Fm200_Rm300,,NaN,0,0,not_scored,Inf,Inf,,Inf,NaN,NaN,NaN,NaN,NaN,NaN,NaN,NaN,NaN,NaN,NaN,Error due to multiple causes.,NaN,NaN,0,0,,
newmap_overnight_wide_corridor_coarse_direct_db,direct_vinf_alpha_force_balance_v1,newmap_overnight_wide_corridor_coarse,MidbandGuide_Tilt10_V20_A12p5,tilt_10_v_20_a_12p5,10,20,12.5,vinf_alpha_force_balance_v1,front_rear_free_flap_elevator,guide_V20_T10_Fm200_Rm300,,NaN,0,0,not_scored,Inf,Inf,,Inf,NaN,NaN,NaN,NaN,NaN,NaN,NaN,NaN,NaN,NaN,NaN,Error due to multiple causes.,NaN,NaN,0,0,,
newmap_overnight_wide_corridor_coarse_direct_db,direct_vinf_alpha_force_balance_v1,newmap_overnight_wide_corridor_coarse,MidbandGuide_Tilt60_V20_A12p5,tilt_60_v_20_a_12p5,60,20,12.5,vinf_alpha_force_balance_v1,front_rear_free_flap_elevator,guide_V20_T60_Fm200_Rm300,,NaN,0,0,not_scored,Inf,Inf,,Inf,NaN,NaN,NaN,NaN,NaN,NaN,NaN,NaN,NaN,NaN,NaN,Error due to multiple causes.,NaN,NaN,0,0,,
newmap_overnight_wide_corridor_coarse_direct_db,direct_vinf_alpha_force_balance_v1,newmap_overnight_wide_corridor_coarse,MidbandGuide_Tilt10_V20_A15,tilt_10_v_20_a_15,10,20,15,vinf_alpha_force_balance_v1,front_rear_free_flap_elevator,guide_V20_T10_Fm200_Rm300,,NaN,0,0,not_scored,Inf,Inf,,Inf,NaN,NaN,NaN,NaN,NaN,NaN,NaN,NaN,NaN,NaN,NaN,Error due to multiple causes.,NaN,NaN,0,0,,
newmap_overnight_wide_corridor_coarse_direct_db,direct_vinf_alpha_force_balance_v1,newmap_overnight_wide_corridor_coarse,MidbandGuide_Tilt60_V20_A15,tilt_60_v_20_a_15,60,20,15,vinf_alpha_force_balance_v1,front_rear_free_flap_elevator,guide_V20_T60_Fm200_Rm300,,NaN,0,0,not_scored,Inf,Inf,,Inf,NaN,NaN,NaN,NaN,NaN,NaN,NaN,NaN,NaN,NaN,NaN,Error due to multiple causes.,NaN,NaN,0,0,,
newmap_overnight_wide_corridor_coarse_direct_db,direct_vinf_alpha_force_balance_v1,newmap_overnight_wide_corridor_coarse,MidbandGuide_Tilt45_V25_A0,tilt_45_v_25_a_0,45,25,0,vinf_alpha_force_balance_v1,front_rear_free_flap_elevator,guide_V25_T45_Fm200_Rm300,,NaN,0,0,not_scored,Inf,Inf,,Inf,NaN,NaN,NaN,NaN,NaN,NaN,NaN,NaN,NaN,NaN,NaN,Error due to multiple causes.,NaN,NaN,0,0,,
newmap_overnight_wide_corridor_coarse_direct_db,direct_vinf_alpha_force_balance_v1,newmap_overnight_wide_corridor_coarse,MidbandGuide_Tilt52p5_V25_A0,tilt_52p5_v_25_a_0,52.5,25,0,vinf_alpha_force_balance_v1,front_rear_free_flap_elevator,guide_V25_T52p5_Fm200_Rm300,,NaN,0,0,not_scored,Inf,Inf,,Inf,NaN,NaN,NaN,NaN,NaN,NaN,NaN,NaN,NaN,NaN,NaN,Error due to multiple causes.,NaN,NaN,0,0,,
newmap_overnight_wide_corridor_coarse_direct_db,direct_vinf_alpha_force_balance_v1,newmap_overnight_wide_corridor_coarse,MidbandGuide_Tilt52p5_V25_A2p5,tilt_52p5_v_25_a_2p5,52.5,25,2.5,vinf_alpha_force_balance_v1,front_rear_free_flap_elevator,guide_V25_T52p5_Fm200_Rm300,,NaN,0,0,not_scored,Inf,Inf,,Inf,NaN,NaN,NaN,NaN,NaN,NaN,NaN,NaN,NaN,NaN,NaN,Error due to multiple causes.,NaN,NaN,0,0,,
newmap_overnight_wide_corridor_coarse_direct_db,direct_vinf_alpha_force_balance_v1,newmap_overnight_wide_corridor_coarse,MidbandGuide_Tilt52p5_V25_A5,tilt_52p5_v_25_a_5,52.5,25,5,vinf_alpha_force_balance_v1,front_rear_free_flap_elevator,guide_V25_T52p5_Fm200_Rm300,,NaN,0,0,not_scored,Inf,Inf,,Inf,NaN,NaN,NaN,NaN,NaN,NaN,NaN,NaN,NaN,NaN,NaN,Error due to multiple causes.,NaN,NaN,0,0,,
newmap_overnight_wide_corridor_coarse_direct_db,direct_vinf_alpha_force_balance_v1,newmap_overnight_wide_corridor_coarse,MidbandGuide_Tilt37p5_V25_A0,tilt_37p5_v_25_a_0,37.5,25,0,vinf_alpha_force_balance_v1,front_rear_free_flap_elevator,guide_V25_T37p5_Fm200_Rm300,,NaN,0,0,not_scored,Inf,Inf,,Inf,NaN,NaN,NaN,NaN,NaN,NaN,NaN,NaN,NaN,NaN,NaN,Error due to multiple causes.,NaN,NaN,0,0,,
newmap_overnight_wide_corridor_coarse_direct_db,direct_vinf_alpha_force_balance_v1,newmap_overnight_wide_corridor_coarse,MidbandGuide_Tilt52p5_V25_A7p5,tilt_52p5_v_25_a_7p5,52.5,25,7.5,vinf_alpha_force_balance_v1,front_rear_free_flap_elevator,guide_V25_T52p5_Fm200_Rm300,,NaN,0,0,not_scored,Inf,Inf,,Inf,NaN,NaN,NaN,NaN,NaN,NaN,NaN,NaN,NaN,NaN,NaN,Error due to multiple causes.,NaN,NaN,0,0,,
newmap_overnight_wide_corridor_coarse_direct_db,direct_vinf_alpha_force_balance_v1,newmap_overnight_wide_corridor_coarse,MidbandGuide_Tilt37p5_V25_A2p5,tilt_37p5_v_25_a_2p5,37.5,25,2.5,vinf_alpha_force_balance_v1,front_rear_free_flap_elevator,guide_V25_T37p5_Fm200_Rm300,,NaN,0,0,not_scored,Inf,Inf,,Inf,NaN,NaN,NaN,NaN,NaN,NaN,NaN,NaN,NaN,NaN,NaN,Error due to multiple causes.,NaN,NaN,0,0,,
newmap_overnight_wide_corridor_coarse_direct_db,direct_vinf_alpha_force_balance_v1,newmap_overnight_wide_corridor_coarse,MidbandGuide_Tilt52p5_V25_A10,tilt_52p5_v_25_a_10,52.5,25,10,vinf_alpha_force_balance_v1,front_rear_free_flap_elevator,guide_V25_T52p5_Fm200_Rm300,,NaN,0,0,not_scored,Inf,Inf,,Inf,NaN,NaN,NaN,NaN,NaN,NaN,NaN,NaN,NaN,NaN,NaN,Error due to multiple causes.,NaN,NaN,0,0,,
newmap_overnight_wide_corridor_coarse_direct_db,direct_vinf_alpha_force_balance_v1,newmap_overnight_wide_corridor_coarse,MidbandGuide_Tilt37p5_V25_A5,tilt_37p5_v_25_a_5,37.5,25,5,vinf_alpha_force_balance_v1,front_rear_free_flap_elevator,guide_V25_T37p5_Fm200_Rm300,,NaN,0,0,not_scored,Inf,Inf,,Inf,NaN,NaN,NaN,NaN,NaN,NaN,NaN,NaN,NaN,NaN,NaN,Error due to multiple causes.,NaN,NaN,0,0,,
newmap_overnight_wide_corridor_coarse_direct_db,direct_vinf_alpha_force_balance_v1,newmap_overnight_wide_corridor_coarse,MidbandGuide_Tilt52p5_V25_A12p5,tilt_52p5_v_25_a_12p5,52.5,25,12.5,vinf_alpha_force_balance_v1,front_rear_free_flap_elevator,guide_V25_T52p5_Fm200_Rm300,,NaN,0,0,not_scored,Inf,Inf,,Inf,NaN,NaN,NaN,NaN,NaN,NaN,NaN,NaN,NaN,NaN,NaN,Error due to multiple causes.,NaN,NaN,0,0,,
newmap_overnight_wide_corridor_coarse_direct_db,direct_vinf_alpha_force_balance_v1,newmap_overnight_wide_corridor_coarse,MidbandGuide_Tilt37p5_V25_A7p5,tilt_37p5_v_25_a_7p5,37.5,25,7.5,vinf_alpha_force_balance_v1,front_rear_free_flap_elevator,guide_V25_T37p5_Fm200_Rm300,,NaN,0,0,not_scored,Inf,Inf,,Inf,NaN,NaN,NaN,NaN,NaN,NaN,NaN,NaN,NaN,NaN,NaN,Error due to multiple causes.,NaN,NaN,0,0,,
newmap_overnight_wide_corridor_coarse_direct_db,direct_vinf_alpha_force_balance_v1,newmap_overnight_wide_corridor_coarse,MidbandGuide_Tilt52p5_V25_A15,tilt_52p5_v_25_a_15,52.5,25,15,vinf_alpha_force_balance_v1,front_rear_free_flap_elevator,guide_V25_T52p5_Fm200_Rm300,,NaN,0,0,not_scored,Inf,Inf,,Inf,NaN,NaN,NaN,NaN,NaN,NaN,NaN,NaN,NaN,NaN,NaN,Error due to multiple causes.,NaN,NaN,0,0,,
newmap_overnight_wide_corridor_coarse_direct_db,direct_vinf_alpha_force_balance_v1,newmap_overnight_wide_corridor_coarse,MidbandGuide_Tilt37p5_V25_A10,tilt_37p5_v_25_a_10,37.5,25,10,vinf_alpha_force_balance_v1,front_rear_free_flap_elevator,guide_V25_T37p5_Fm200_Rm300,,NaN,0,0,not_scored,Inf,Inf,,Inf,NaN,NaN,NaN,NaN,NaN,NaN,NaN,NaN,NaN,NaN,NaN,Error due to multiple causes.,NaN,NaN,0,0,,
newmap_overnight_wide_corridor_coarse_direct_db,direct_vinf_alpha_force_balance_v1,newmap_overnight_wide_corridor_coarse,MidbandGuide_Tilt37p5_V25_A12p5,tilt_37p5_v_25_a_12p5,37.5,25,12.5,vinf_alpha_force_balance_v1,front_rear_free_flap_elevator,guide_V25_T37p5_Fm200_Rm300,,NaN,0,0,not_scored,Inf,Inf,,Inf,NaN,NaN,NaN,NaN,NaN,NaN,NaN,NaN,NaN,NaN,NaN,Error due to multiple causes.,NaN,NaN,0,0,,
newmap_overnight_wide_corridor_coarse_direct_db,direct_vinf_alpha_force_balance_v1,newmap_overnight_wide_corridor_coarse,MidbandGuide_Tilt37p5_V25_A15,tilt_37p5_v_25_a_15,37.5,25,15,vinf_alpha_force_balance_v1,front_rear_free_flap_elevator,guide_V25_T37p5_Fm200_Rm300,,NaN,0,0,not_scored,Inf,Inf,,Inf,NaN,NaN,NaN,NaN,NaN,NaN,NaN,NaN,NaN,NaN,NaN,Error due to multiple causes.,NaN,NaN,0,0,,
newmap_overnight_wide_corridor_coarse_direct_db,direct_vinf_alpha_force_balance_v1,newmap_overnight_wide_corridor_coarse,MidbandGuide_Tilt60_V25_A0,tilt_60_v_25_a_0,60,25,0,vinf_alpha_force_balance_v1,front_rear_free_flap_elevator,guide_V25_T60_Fm200_Rm300,,NaN,0,0,not_scored,Inf,Inf,,Inf,NaN,NaN,NaN,NaN,NaN,NaN,NaN,NaN,NaN,NaN,NaN,Error due to multiple causes.,NaN,NaN,0,0,,
newmap_overnight_wide_corridor_coarse_direct_db,direct_vinf_alpha_force_balance_v1,newmap_overnight_wide_corridor_coarse,MidbandGuide_Tilt60_V25_A2p5,tilt_60_v_25_a_2p5,60,25,2.5,vinf_alpha_force_balance_v1,front_rear_free_flap_elevator,guide_V25_T60_Fm200_Rm300,,NaN,0,0,not_scored,Inf,Inf,,Inf,NaN,NaN,NaN,NaN,NaN,NaN,NaN,NaN,NaN,NaN,NaN,Error due to multiple causes.,NaN,NaN,0,0,,
newmap_overnight_wide_corridor_coarse_direct_db,direct_vinf_alpha_force_balance_v1,newmap_overnight_wide_corridor_coarse,MidbandGuide_Tilt60_V25_A5,tilt_60_v_25_a_5,60,25,5,vinf_alpha_force_balance_v1,front_rear_free_flap_elevator,guide_V25_T60_Fm200_Rm300,,NaN,0,0,not_scored,Inf,Inf,,Inf,NaN,NaN,NaN,NaN,NaN,NaN,NaN,NaN,NaN,NaN,NaN,Error due to multiple causes.,NaN,NaN,0,0,,
newmap_overnight_wide_corridor_coarse_direct_db,direct_vinf_alpha_force_balance_v1,newmap_overnight_wide_corridor_coarse,MidbandGuide_Tilt30_V25_A0,tilt_30_v_25_a_0,30,25,0,vinf_alpha_force_balance_v1,front_rear_free_flap_elevator,guide_V25_T30_Fm200_Rm300,,NaN,0,0,not_scored,Inf,Inf,,Inf,NaN,NaN,NaN,NaN,NaN,NaN,NaN,NaN,NaN,NaN,NaN,Error due to multiple causes.,NaN,NaN,0,0,,
newmap_overnight_wide_corridor_coarse_direct_db,direct_vinf_alpha_force_balance_v1,newmap_overnight_wide_corridor_coarse,MidbandGuide_Tilt60_V25_A7p5,tilt_60_v_25_a_7p5,60,25,7.5,vinf_alpha_force_balance_v1,front_rear_free_flap_elevator,guide_V25_T60_Fm200_Rm300,,NaN,0,0,not_scored,Inf,Inf,,Inf,NaN,NaN,NaN,NaN,NaN,NaN,NaN,NaN,NaN,NaN,NaN,Error due to multiple causes.,NaN,NaN,0,0,,
newmap_overnight_wide_corridor_coarse_direct_db,direct_vinf_alpha_force_balance_v1,newmap_overnight_wide_corridor_coarse,MidbandGuide_Tilt30_V25_A2p5,tilt_30_v_25_a_2p5,30,25,2.5,vinf_alpha_force_balance_v1,front_rear_free_flap_elevator,guide_V25_T30_Fm200_Rm300,,NaN,0,0,not_scored,Inf,Inf,,Inf,NaN,NaN,NaN,NaN,NaN,NaN,NaN,NaN,NaN,NaN,NaN,Error due to multiple causes.,NaN,NaN,0,0,,
newmap_overnight_wide_corridor_coarse_direct_db,direct_vinf_alpha_force_balance_v1,newmap_overnight_wide_corridor_coarse,MidbandGuide_Tilt60_V25_A10,tilt_60_v_25_a_10,60,25,10,vinf_alpha_force_balance_v1,front_rear_free_flap_elevator,guide_V25_T60_Fm200_Rm300,,NaN,0,0,not_scored,Inf,Inf,,Inf,NaN,NaN,NaN,NaN,NaN,NaN,NaN,NaN,NaN,NaN,NaN,Error due to multiple causes.,NaN,NaN,0,0,,
newmap_overnight_wide_corridor_coarse_direct_db,direct_vinf_alpha_force_balance_v1,newmap_overnight_wide_corridor_coarse,MidbandGuide_Tilt30_V25_A5,tilt_30_v_25_a_5,30,25,5,vinf_alpha_force_balance_v1,front_rear_free_flap_elevator,guide_V25_T30_Fm200_Rm300,,NaN,0,0,not_scored,Inf,Inf,,Inf,NaN,NaN,NaN,NaN,NaN,NaN,NaN,NaN,NaN,NaN,NaN,Error due to multiple causes.,NaN,NaN,0,0,,
newmap_overnight_wide_corridor_coarse_direct_db,direct_vinf_alpha_force_balance_v1,newmap_overnight_wide_corridor_coarse,MidbandGuide_Tilt60_V25_A12p5,tilt_60_v_25_a_12p5,60,25,12.5,vinf_alpha_force_balance_v1,front_rear_free_flap_elevator,guide_V25_T60_Fm200_Rm300,,NaN,0,0,not_scored,Inf,Inf,,Inf,NaN,NaN,NaN,NaN,NaN,NaN,NaN,NaN,NaN,NaN,NaN,Error due to multiple causes.,NaN,NaN,0,0,,
newmap_overnight_wide_corridor_coarse_direct_db,direct_vinf_alpha_force_balance_v1,newmap_overnight_wide_corridor_coarse,MidbandGuide_Tilt30_V25_A7p5,tilt_30_v_25_a_7p5,30,25,7.5,vinf_alpha_force_balance_v1,front_rear_free_flap_elevator,guide_V25_T30_Fm200_Rm300,,NaN,0,0,not_scored,Inf,Inf,,Inf,NaN,NaN,NaN,NaN,NaN,NaN,NaN,NaN,NaN,NaN,NaN,Error due to multiple causes.,NaN,NaN,0,0,,
newmap_overnight_wide_corridor_coarse_direct_db,direct_vinf_alpha_force_balance_v1,newmap_overnight_wide_corridor_coarse,MidbandGuide_Tilt60_V25_A15,tilt_60_v_25_a_15,60,25,15,vinf_alpha_force_balance_v1,front_rear_free_flap_elevator,guide_V25_T60_Fm200_Rm300,,NaN,0,0,not_scored,Inf,Inf,,Inf,NaN,NaN,NaN,NaN,NaN,NaN,NaN,NaN,NaN,NaN,NaN,Error due to multiple causes.,NaN,NaN,0,0,,
newmap_overnight_wide_corridor_coarse_direct_db,direct_vinf_alpha_force_balance_v1,newmap_overnight_wide_corridor_coarse,MidbandGuide_Tilt30_V25_A10,tilt_30_v_25_a_10,30,25,10,vinf_alpha_force_balance_v1,front_rear_free_flap_elevator,guide_V25_T30_Fm200_Rm300,,NaN,0,0,not_scored,Inf,Inf,,Inf,NaN,NaN,NaN,NaN,NaN,NaN,NaN,NaN,NaN,NaN,NaN,Error due to multiple causes.,NaN,NaN,0,0,,
newmap_overnight_wide_corridor_coarse_direct_db,direct_vinf_alpha_force_balance_v1,newmap_overnight_wide_corridor_coarse,MidbandGuide_Tilt30_V25_A12p5,tilt_30_v_25_a_12p5,30,25,12.5,vinf_alpha_force_balance_v1,front_rear_free_flap_elevator,guide_V25_T30_Fm200_Rm300,,NaN,0,0,not_scored,Inf,Inf,,Inf,NaN,NaN,NaN,NaN,NaN,NaN,NaN,NaN,NaN,NaN,NaN,Error due to multiple causes.,NaN,NaN,0,0,,
newmap_overnight_wide_corridor_coarse_direct_db,direct_vinf_alpha_force_balance_v1,newmap_overnight_wide_corridor_coarse,MidbandGuide_Tilt30_V25_A15,tilt_30_v_25_a_15,30,25,15,vinf_alpha_force_balance_v1,front_rear_free_flap_elevator,guide_V25_T30_Fm200_Rm300,,NaN,0,0,not_scored,Inf,Inf,,Inf,NaN,NaN,NaN,NaN,NaN,NaN,NaN,NaN,NaN,NaN,NaN,Error due to multiple causes.,NaN,NaN,0,0,,
newmap_overnight_wide_corridor_coarse_direct_db,direct_vinf_alpha_force_balance_v1,newmap_overnight_wide_corridor_coarse,MidbandGuide_Tilt70_V25_A0,tilt_70_v_25_a_0,70,25,0,vinf_alpha_force_balance_v1,front_rear_free_flap_elevator,guide_V25_T70_Fm200_Rm300,,NaN,0,0,not_scored,Inf,Inf,,Inf,NaN,NaN,NaN,NaN,NaN,NaN,NaN,NaN,NaN,NaN,NaN,Error due to multiple causes.,NaN,NaN,0,0,,
newmap_overnight_wide_corridor_coarse_direct_db,direct_vinf_alpha_force_balance_v1,newmap_overnight_wide_corridor_coarse,MidbandGuide_Tilt70_V25_A2p5,tilt_70_v_25_a_2p5,70,25,2.5,vinf_alpha_force_balance_v1,front_rear_free_flap_elevator,guide_V25_T70_Fm200_Rm300,,NaN,0,0,not_scored,Inf,Inf,,Inf,NaN,NaN,NaN,NaN,NaN,NaN,NaN,NaN,NaN,NaN,NaN,Error due to multiple causes.,NaN,NaN,0,0,,
newmap_overnight_dense_main_corridor_direct_db,direct_vinf_alpha_force_balance_v1,newmap_overnight_dense_main_corridor,MidbandGuide_Tilt40_V22p5_A0,tilt_40_v_22p5_a_0,40,22.5,0,vinf_alpha_force_balance_v1,front_rear_free_flap_elevator,MidbandGuide_Tilt40_V20_A0,,NaN,0,0,not_scored,Inf,Inf,,Inf,NaN,NaN,NaN,NaN,NaN,NaN,NaN,NaN,NaN,NaN,NaN,Error due to multiple causes.,NaN,NaN,0,0,,
newmap_overnight_dense_main_corridor_direct_db,direct_vinf_alpha_force_balance_v1,newmap_overnight_dense_main_corridor,MidbandGuide_Tilt40_V22p5_A2p5,tilt_40_v_22p5_a_2p5,40,22.5,2.5,vinf_alpha_force_balance_v1,front_rear_free_flap_elevator,MidbandGuide_Tilt40_V20_A0,,NaN,0,0,not_scored,Inf,Inf,,Inf,NaN,NaN,NaN,NaN,NaN,NaN,NaN,NaN,NaN,NaN,NaN,Error due to multiple causes.,NaN,NaN,0,0,,
newmap_overnight_dense_main_corridor_direct_db,direct_vinf_alpha_force_balance_v1,newmap_overnight_dense_main_corridor,MidbandGuide_Tilt40_V22p5_A5,tilt_40_v_22p5_a_5,40,22.5,5,vinf_alpha_force_balance_v1,front_rear_free_flap_elevator,MidbandGuide_Tilt40_V20_A0,,NaN,0,0,not_scored,Inf,Inf,,Inf,NaN,NaN,NaN,NaN,NaN,NaN,NaN,NaN,NaN,NaN,NaN,Error due to multiple causes.,NaN,NaN,0,0,,
newmap_overnight_dense_main_corridor_direct_db,direct_vinf_alpha_force_balance_v1,newmap_overnight_dense_main_corridor,MidbandGuide_Tilt40_V22p5_A7p5,tilt_40_v_22p5_a_7p5,40,22.5,7.5,vinf_alpha_force_balance_v1,front_rear_free_flap_elevator,MidbandGuide_Tilt40_V20_A0,,NaN,0,0,not_scored,Inf,Inf,,Inf,NaN,NaN,NaN,NaN,NaN,NaN,NaN,NaN,NaN,NaN,NaN,Error due to multiple causes.,NaN,NaN,0,0,,
newmap_overnight_dense_main_corridor_direct_db,direct_vinf_alpha_force_balance_v1,newmap_overnight_dense_main_corridor,MidbandGuide_Tilt40_V22p5_A10,tilt_40_v_22p5_a_10,40,22.5,10,vinf_alpha_force_balance_v1,front_rear_free_flap_elevator,MidbandGuide_Tilt40_V20_A0,,NaN,0,0,not_scored,Inf,Inf,,Inf,NaN,NaN,NaN,NaN,NaN,NaN,NaN,NaN,NaN,NaN,NaN,Error due to multiple causes.,NaN,NaN,0,0,,
newmap_overnight_dense_main_corridor_direct_db,direct_vinf_alpha_force_balance_v1,newmap_overnight_dense_main_corridor,MidbandGuide_Tilt40_V22p5_A12p5,tilt_40_v_22p5_a_12p5,40,22.5,12.5,vinf_alpha_force_balance_v1,front_rear_free_flap_elevator,MidbandGuide_Tilt40_V20_A0,,NaN,0,0,not_scored,Inf,Inf,,Inf,NaN,NaN,NaN,NaN,NaN,NaN,NaN,NaN,NaN,NaN,NaN,Error due to multiple causes.,NaN,NaN,0,0,,
newmap_overnight_dense_main_corridor_direct_db,direct_vinf_alpha_force_balance_v1,newmap_overnight_dense_main_corridor,MidbandGuide_Tilt40_V22p5_A15,tilt_40_v_22p5_a_15,40,22.5,15,vinf_alpha_force_balance_v1,front_rear_free_flap_elevator,MidbandGuide_Tilt40_V20_A0,,NaN,0,0,not_scored,Inf,Inf,,Inf,NaN,NaN,NaN,NaN,NaN,NaN,NaN,NaN,NaN,NaN,NaN,Error due to multiple causes.,NaN,NaN,0,0,,
newmap_overnight_dense_main_corridor_direct_db,direct_vinf_alpha_force_balance_v1,newmap_overnight_dense_main_corridor,MidbandGuide_Tilt45_V22p5_A0,tilt_45_v_22p5_a_0,45,22.5,0,vinf_alpha_force_balance_v1,front_rear_free_flap_elevator,MidbandGuide_Tilt45_V25_A7p5,,NaN,0,0,not_scored,Inf,Inf,,Inf,NaN,NaN,NaN,NaN,NaN,NaN,NaN,NaN,NaN,NaN,NaN,Error due to multiple causes.,NaN,NaN,0,0,,
newmap_overnight_dense_main_corridor_direct_db,direct_vinf_alpha_force_balance_v1,newmap_overnight_dense_main_corridor,MidbandGuide_Tilt45_V22p5_A2p5,tilt_45_v_22p5_a_2p5,45,22.5,2.5,vinf_alpha_force_balance_v1,front_rear_free_flap_elevator,MidbandGuide_Tilt45_V25_A7p5,,NaN,0,0,not_scored,Inf,Inf,,Inf,NaN,NaN,NaN,NaN,NaN,NaN,NaN,NaN,NaN,NaN,NaN,Error due to multiple causes.,NaN,NaN,0,0,,
newmap_overnight_dense_main_corridor_direct_db,direct_vinf_alpha_force_balance_v1,newmap_overnight_dense_main_corridor,MidbandGuide_Tilt35_V22p5_A0,tilt_35_v_22p5_a_0,35,22.5,0,vinf_alpha_force_balance_v1,front_rear_free_flap_elevator,MidbandGuide_Tilt35_V20_A15,,NaN,0,0,not_scored,Inf,Inf,,Inf,NaN,NaN,NaN,NaN,NaN,NaN,NaN,NaN,NaN,NaN,NaN,Error due to multiple causes.,NaN,NaN,0,0,,
newmap_overnight_dense_main_corridor_direct_db,direct_vinf_alpha_force_balance_v1,newmap_overnight_dense_main_corridor,MidbandGuide_Tilt45_V22p5_A5,tilt_45_v_22p5_a_5,45,22.5,5,vinf_alpha_force_balance_v1,front_rear_free_flap_elevator,MidbandGuide_Tilt45_V25_A7p5,,NaN,0,0,not_scored,Inf,Inf,,Inf,NaN,NaN,NaN,NaN,NaN,NaN,NaN,NaN,NaN,NaN,NaN,Error due to multiple causes.,NaN,NaN,0,0,,
newmap_overnight_dense_main_corridor_direct_db,direct_vinf_alpha_force_balance_v1,newmap_overnight_dense_main_corridor,MidbandGuide_Tilt35_V22p5_A2p5,tilt_35_v_22p5_a_2p5,35,22.5,2.5,vinf_alpha_force_balance_v1,front_rear_free_flap_elevator,MidbandGuide_Tilt35_V20_A15,,NaN,0,0,not_scored,Inf,Inf,,Inf,NaN,NaN,NaN,NaN,NaN,NaN,NaN,NaN,NaN,NaN,NaN,Error due to multiple causes.,NaN,NaN,0,0,,
newmap_overnight_dense_main_corridor_direct_db,direct_vinf_alpha_force_balance_v1,newmap_overnight_dense_main_corridor,MidbandGuide_Tilt45_V22p5_A7p5,tilt_45_v_22p5_a_7p5,45,22.5,7.5,vinf_alpha_force_balance_v1,front_rear_free_flap_elevator,MidbandGuide_Tilt45_V25_A7p5,,NaN,0,0,not_scored,Inf,Inf,,Inf,NaN,NaN,NaN,NaN,NaN,NaN,NaN,NaN,NaN,NaN,NaN,Error due to multiple causes.,NaN,NaN,0,0,,
newmap_overnight_dense_main_corridor_direct_db,direct_vinf_alpha_force_balance_v1,newmap_overnight_dense_main_corridor,MidbandGuide_Tilt35_V22p5_A5,tilt_35_v_22p5_a_5,35,22.5,5,vinf_alpha_force_balance_v1,front_rear_free_flap_elevator,MidbandGuide_Tilt35_V20_A15,,NaN,0,0,not_scored,Inf,Inf,,Inf,NaN,NaN,NaN,NaN,NaN,NaN,NaN,NaN,NaN,NaN,NaN,Error due to multiple causes.,NaN,NaN,0,0,,
newmap_overnight_dense_main_corridor_direct_db,direct_vinf_alpha_force_balance_v1,newmap_overnight_dense_main_corridor,MidbandGuide_Tilt45_V22p5_A10,tilt_45_v_22p5_a_10,45,22.5,10,vinf_alpha_force_balance_v1,front_rear_free_flap_elevator,MidbandGuide_Tilt45_V25_A7p5,,NaN,0,0,not_scored,Inf,Inf,,Inf,NaN,NaN,NaN,NaN,NaN,NaN,NaN,NaN,NaN,NaN,NaN,Error due to multiple causes.,NaN,NaN,0,0,,
newmap_overnight_dense_main_corridor_direct_db,direct_vinf_alpha_force_balance_v1,newmap_overnight_dense_main_corridor,MidbandGuide_Tilt35_V22p5_A7p5,tilt_35_v_22p5_a_7p5,35,22.5,7.5,vinf_alpha_force_balance_v1,front_rear_free_flap_elevator,MidbandGuide_Tilt35_V20_A15,,NaN,0,0,not_scored,Inf,Inf,,Inf,NaN,NaN,NaN,NaN,NaN,NaN,NaN,NaN,NaN,NaN,NaN,Error due to multiple causes.,NaN,NaN,0,0,,
newmap_overnight_dense_main_corridor_direct_db,direct_vinf_alpha_force_balance_v1,newmap_overnight_dense_main_corridor,MidbandGuide_Tilt45_V22p5_A12p5,tilt_45_v_22p5_a_12p5,45,22.5,12.5,vinf_alpha_force_balance_v1,front_rear_free_flap_elevator,MidbandGuide_Tilt45_V25_A7p5,,NaN,0,0,not_scored,Inf,Inf,,Inf,NaN,NaN,NaN,NaN,NaN,NaN,NaN,NaN,NaN,NaN,NaN,Error due to multiple causes.,NaN,NaN,0,0,,
newmap_overnight_dense_main_corridor_direct_db,direct_vinf_alpha_force_balance_v1,newmap_overnight_dense_main_corridor,MidbandGuide_Tilt35_V22p5_A10,tilt_35_v_22p5_a_10,35,22.5,10,vinf_alpha_force_balance_v1,front_rear_free_flap_elevator,MidbandGuide_Tilt35_V20_A15,,NaN,0,0,not_scored,Inf,Inf,,Inf,NaN,NaN,NaN,NaN,NaN,NaN,NaN,NaN,NaN,NaN,NaN,Error due to multiple causes.,NaN,NaN,0,0,,
newmap_overnight_dense_main_corridor_direct_db,direct_vinf_alpha_force_balance_v1,newmap_overnight_dense_main_corridor,MidbandGuide_Tilt45_V22p5_A15,tilt_45_v_22p5_a_15,45,22.5,15,vinf_alpha_force_balance_v1,front_rear_free_flap_elevator,MidbandGuide_Tilt45_V25_A7p5,,NaN,0,0,not_scored,Inf,Inf,,Inf,NaN,NaN,NaN,NaN,NaN,NaN,NaN,NaN,NaN,NaN,NaN,Error due to multiple causes.,NaN,NaN,0,0,,
newmap_overnight_dense_main_corridor_direct_db,direct_vinf_alpha_force_balance_v1,newmap_overnight_dense_main_corridor,MidbandGuide_Tilt35_V22p5_A12p5,tilt_35_v_22p5_a_12p5,35,22.5,12.5,vinf_alpha_force_balance_v1,front_rear_free_flap_elevator,MidbandGuide_Tilt35_V20_A15,,NaN,0,0,not_scored,Inf,Inf,,Inf,NaN,NaN,NaN,NaN,NaN,NaN,NaN,NaN,NaN,NaN,NaN,Error due to multiple causes.,NaN,NaN,0,0,,
newmap_overnight_dense_main_corridor_direct_db,direct_vinf_alpha_force_balance_v1,newmap_overnight_dense_main_corridor,MidbandGuide_Tilt35_V22p5_A15,tilt_35_v_22p5_a_15,35,22.5,15,vinf_alpha_force_balance_v1,front_rear_free_flap_elevator,MidbandGuide_Tilt35_V20_A15,,NaN,0,0,not_scored,Inf,Inf,,Inf,NaN,NaN,NaN,NaN,NaN,NaN,NaN,NaN,NaN,NaN,NaN,Error due to multiple causes.,NaN,NaN,0,0,,
newmap_overnight_dense_main_corridor_direct_db,direct_vinf_alpha_force_balance_v1,newmap_overnight_dense_main_corridor,MidbandGuide_Tilt45_V25_A0,tilt_45_v_25_a_0,45,25,0,vinf_alpha_force_balance_v1,front_rear_free_flap_elevator,MidbandGuide_Tilt45_V25_A7p5,,NaN,0,0,not_scored,Inf,Inf,,Inf,NaN,NaN,NaN,NaN,NaN,NaN,NaN,NaN,NaN,NaN,NaN,Error due to multiple causes.,NaN,NaN,0,0,,
newmap_overnight_main_corridor_5mps_direct_db,direct_vinf_alpha_force_balance_v1,newmap_overnight_main_corridor_5mps,MidbandGuide_Tilt15_V10_Am2p5,tilt_15_v_10_a_m2p5,15,10,-2.5,vinf_alpha_force_balance_v1,front_rear_free_flap_elevator,guide_V10_T15_Fm200_Rm300,,NaN,0,0,not_scored,Inf,Inf,,Inf,NaN,NaN,NaN,NaN,NaN,NaN,NaN,NaN,NaN,NaN,NaN,Error due to multiple causes.,NaN,NaN,0,0,,
newmap_overnight_main_corridor_5mps_direct_db,direct_vinf_alpha_force_balance_v1,newmap_overnight_main_corridor_5mps,MidbandGuide_Tilt15_V10_Am5,tilt_15_v_10_a_m5,15,10,-5,vinf_alpha_force_balance_v1,front_rear_free_flap_elevator,guide_V10_T15_Fm200_Rm300,,NaN,0,0,not_scored,Inf,Inf,,Inf,NaN,NaN,NaN,NaN,NaN,NaN,NaN,NaN,NaN,NaN,NaN,Error due to multiple causes.,NaN,NaN,0,0,,
newmap_overnight_main_corridor_5mps_direct_db,direct_vinf_alpha_force_balance_v1,newmap_overnight_main_corridor_5mps,MidbandGuide_Tilt10_V10_Am2p5,tilt_10_v_10_a_m2p5,10,10,-2.5,vinf_alpha_force_balance_v1,front_rear_free_flap_elevator,guide_V10_T10_Fm200_Rm300,,NaN,0,0,not_scored,Inf,Inf,,Inf,NaN,NaN,NaN,NaN,NaN,NaN,NaN,NaN,NaN,NaN,NaN,Error due to multiple causes.,NaN,NaN,0,0,,
newmap_overnight_main_corridor_5mps_direct_db,direct_vinf_alpha_force_balance_v1,newmap_overnight_main_corridor_5mps,MidbandGuide_Tilt20_V10_Am2p5,tilt_20_v_10_a_m2p5,20,10,-2.5,vinf_alpha_force_balance_v1,front_rear_free_flap_elevator,guide_V10_T20_Fm200_Rm300,,NaN,0,0,not_scored,Inf,Inf,,Inf,NaN,NaN,NaN,NaN,NaN,NaN,NaN,NaN,NaN,NaN,NaN,Error due to multiple causes.,NaN,NaN,0,0,,
newmap_overnight_main_corridor_5mps_direct_db,direct_vinf_alpha_force_balance_v1,newmap_overnight_main_corridor_5mps,MidbandGuide_Tilt10_V10_Am5,tilt_10_v_10_a_m5,10,10,-5,vinf_alpha_force_balance_v1,front_rear_free_flap_elevator,guide_V10_T10_Fm200_Rm300,,NaN,0,0,not_scored,Inf,Inf,,Inf,NaN,NaN,NaN,NaN,NaN,NaN,NaN,NaN,NaN,NaN,NaN,Error due to multiple causes.,NaN,NaN,0,0,,
newmap_overnight_main_corridor_5mps_direct_db,direct_vinf_alpha_force_balance_v1,newmap_overnight_main_corridor_5mps,MidbandGuide_Tilt20_V10_Am5,tilt_20_v_10_a_m5,20,10,-5,vinf_alpha_force_balance_v1,front_rear_free_flap_elevator,guide_V10_T20_Fm200_Rm300,,NaN,0,0,not_scored,Inf,Inf,,Inf,NaN,NaN,NaN,NaN,NaN,NaN,NaN,NaN,NaN,NaN,NaN,Error due to multiple causes.,NaN,NaN,0,0,,
newmap_overnight_main_corridor_5mps_direct_db,direct_vinf_alpha_force_balance_v1,newmap_overnight_main_corridor_5mps,MidbandGuide_Tilt25_V10_A0,tilt_25_v_10_a_0,25,10,0,vinf_alpha_force_balance_v1,front_rear_free_flap_elevator,guide_V10_T25_Fm200_Rm300,,NaN,0,0,not_scored,Inf,Inf,,Inf,NaN,NaN,NaN,NaN,NaN,NaN,NaN,NaN,NaN,NaN,NaN,Error due to multiple causes.,NaN,NaN,0,0,,
newmap_overnight_main_corridor_5mps_direct_db,direct_vinf_alpha_force_balance_v1,newmap_overnight_main_corridor_5mps,MidbandGuide_Tilt5_V10_Am2p5,tilt_5_v_10_a_m2p5,5,10,-2.5,vinf_alpha_force_balance_v1,front_rear_free_flap_elevator,guide_V10_T5_Fm200_Rm300,,NaN,0,0,not_scored,Inf,Inf,,Inf,NaN,NaN,NaN,NaN,NaN,NaN,NaN,NaN,NaN,NaN,NaN,Error due to multiple causes.,NaN,NaN,0,0,,
newmap_overnight_main_corridor_5mps_direct_db,direct_vinf_alpha_force_balance_v1,newmap_overnight_main_corridor_5mps,MidbandGuide_Tilt25_V10_Am2p5,tilt_25_v_10_a_m2p5,25,10,-2.5,vinf_alpha_force_balance_v1,front_rear_free_flap_elevator,guide_V10_T25_Fm200_Rm300,,NaN,0,0,not_scored,Inf,Inf,,Inf,NaN,NaN,NaN,NaN,NaN,NaN,NaN,NaN,NaN,NaN,NaN,Error due to multiple causes.,NaN,NaN,0,0,,
newmap_overnight_main_corridor_5mps_direct_db,direct_vinf_alpha_force_balance_v1,newmap_overnight_main_corridor_5mps,MidbandGuide_Tilt25_V10_A2p5,tilt_25_v_10_a_2p5,25,10,2.5,vinf_alpha_force_balance_v1,front_rear_free_flap_elevator,guide_V10_T25_Fm200_Rm300,,NaN,0,0,not_scored,Inf,Inf,,Inf,NaN,NaN,NaN,NaN,NaN,NaN,NaN,NaN,NaN,NaN,NaN,Error due to multiple causes.,NaN,NaN,0,0,,
newmap_overnight_main_corridor_5mps_direct_db,direct_vinf_alpha_force_balance_v1,newmap_overnight_main_corridor_5mps,MidbandGuide_Tilt5_V10_Am5,tilt_5_v_10_a_m5,5,10,-5,vinf_alpha_force_balance_v1,front_rear_free_flap_elevator,guide_V10_T5_Fm200_Rm300,,NaN,0,0,not_scored,Inf,Inf,,Inf,NaN,NaN,NaN,NaN,NaN,NaN,NaN,NaN,NaN,NaN,NaN,Error due to multiple causes.,NaN,NaN,0,0,,
newmap_overnight_main_corridor_5mps_direct_db,direct_vinf_alpha_force_balance_v1,newmap_overnight_main_corridor_5mps,MidbandGuide_Tilt25_V10_Am5,tilt_25_v_10_a_m5,25,10,-5,vinf_alpha_force_balance_v1,front_rear_free_flap_elevator,guide_V10_T25_Fm200_Rm300,,NaN,0,0,not_scored,Inf,Inf,,Inf,NaN,NaN,NaN,NaN,NaN,NaN,NaN,NaN,NaN,NaN,NaN,Error due to multiple causes.,NaN,NaN,0,0,,
newmap_overnight_main_corridor_5mps_direct_db,direct_vinf_alpha_force_balance_v1,newmap_overnight_main_corridor_5mps,MidbandGuide_Tilt25_V10_A5,tilt_25_v_10_a_5,25,10,5,vinf_alpha_force_balance_v1,front_rear_free_flap_elevator,guide_V10_T25_Fm200_Rm300,,NaN,0,0,not_scored,Inf,Inf,,Inf,NaN,NaN,NaN,NaN,NaN,NaN,NaN,NaN,NaN,NaN,NaN,Error due to multiple causes.,NaN,NaN,0,0,,
newmap_overnight_main_corridor_5mps_direct_db,direct_vinf_alpha_force_balance_v1,newmap_overnight_main_corridor_5mps,MidbandGuide_Tilt25_V10_A7p5,tilt_25_v_10_a_7p5,25,10,7.5,vinf_alpha_force_balance_v1,front_rear_free_flap_elevator,guide_V10_T25_Fm200_Rm300,,NaN,0,0,not_scored,Inf,Inf,,Inf,NaN,NaN,NaN,NaN,NaN,NaN,NaN,NaN,NaN,NaN,NaN,Error due to multiple causes.,NaN,NaN,0,0,,
newmap_overnight_main_corridor_5mps_direct_db,direct_vinf_alpha_force_balance_v1,newmap_overnight_main_corridor_5mps,MidbandGuide_Tilt25_V10_A10,tilt_25_v_10_a_10,25,10,10,vinf_alpha_force_balance_v1,front_rear_free_flap_elevator,guide_V10_T25_Fm200_Rm300,,NaN,0,0,not_scored,Inf,Inf,,Inf,NaN,NaN,NaN,NaN,NaN,NaN,NaN,NaN,NaN,NaN,NaN,Error due to multiple causes.,NaN,NaN,0,0,,
newmap_overnight_main_corridor_5mps_direct_db,direct_vinf_alpha_force_balance_v1,newmap_overnight_main_corridor_5mps,MidbandGuide_Tilt25_V10_A12p5,tilt_25_v_10_a_12p5,25,10,12.5,vinf_alpha_force_balance_v1,front_rear_free_flap_elevator,guide_V10_T25_Fm200_Rm300,,NaN,0,0,not_scored,Inf,Inf,,Inf,NaN,NaN,NaN,NaN,NaN,NaN,NaN,NaN,NaN,NaN,NaN,Error due to multiple causes.,NaN,NaN,0,0,,
newmap_overnight_main_corridor_5mps_direct_db,direct_vinf_alpha_force_balance_v1,newmap_overnight_main_corridor_5mps,MidbandGuide_Tilt25_V10_A15,tilt_25_v_10_a_15,25,10,15,vinf_alpha_force_balance_v1,front_rear_free_flap_elevator,guide_V10_T25_Fm200_Rm300,,NaN,0,0,not_scored,Inf,Inf,,Inf,NaN,NaN,NaN,NaN,NaN,NaN,NaN,NaN,NaN,NaN,NaN,Error due to multiple causes.,NaN,NaN,0,0,,
newmap_overnight_main_corridor_5mps_direct_db,direct_vinf_alpha_force_balance_v1,newmap_overnight_main_corridor_5mps,MidbandGuide_Tilt25_V15_Am2p5,tilt_25_v_15_a_m2p5,25,15,-2.5,vinf_alpha_force_balance_v1,front_rear_free_flap_elevator,guide_V15_T25_Fm200_Rm300,,NaN,0,0,not_scored,Inf,Inf,,Inf,NaN,NaN,NaN,NaN,NaN,NaN,NaN,NaN,NaN,NaN,NaN,Error due to multiple causes.,NaN,NaN,0,0,,
newmap_overnight_main_corridor_5mps_direct_db,direct_vinf_alpha_force_balance_v1,newmap_overnight_main_corridor_5mps,MidbandGuide_Tilt25_V15_Am5,tilt_25_v_15_a_m5,25,15,-5,vinf_alpha_force_balance_v1,front_rear_free_flap_elevator,guide_V15_T25_Fm200_Rm300,,NaN,0,0,not_scored,Inf,Inf,,Inf,NaN,NaN,NaN,NaN,NaN,NaN,NaN,NaN,NaN,NaN,NaN,Error due to multiple causes.,NaN,NaN,0,0,,
newmap_overnight_main_corridor_5mps_direct_db,direct_vinf_alpha_force_balance_v1,newmap_overnight_main_corridor_5mps,MidbandGuide_Tilt20_V15_Am2p5,tilt_20_v_15_a_m2p5,20,15,-2.5,vinf_alpha_force_balance_v1,front_rear_free_flap_elevator,guide_V15_T20_Fm200_Rm300,,NaN,0,0,not_scored,Inf,Inf,,Inf,NaN,NaN,NaN,NaN,NaN,NaN,NaN,NaN,NaN,NaN,NaN,Error due to multiple causes.,NaN,NaN,0,0,,
newmap_overnight_main_corridor_5mps_direct_db,direct_vinf_alpha_force_balance_v1,newmap_overnight_main_corridor_5mps,MidbandGuide_Tilt20_V15_Am5,tilt_20_v_15_a_m5,20,15,-5,vinf_alpha_force_balance_v1,front_rear_free_flap_elevator,guide_V15_T20_Fm200_Rm300,,NaN,0,0,not_scored,Inf,Inf,,Inf,NaN,NaN,NaN,NaN,NaN,NaN,NaN,NaN,NaN,NaN,NaN,Error due to multiple causes.,NaN,NaN,0,0,,
newmap_overnight_main_corridor_5mps_direct_db,direct_vinf_alpha_force_balance_v1,newmap_overnight_main_corridor_5mps,MidbandGuide_Tilt30_V15_Am2p5,tilt_30_v_15_a_m2p5,30,15,-2.5,vinf_alpha_force_balance_v1,front_rear_free_flap_elevator,guide_V15_T30_Fm200_Rm300,,NaN,0,0,not_scored,Inf,Inf,,Inf,NaN,NaN,NaN,NaN,NaN,NaN,NaN,NaN,NaN,NaN,NaN,Error due to multiple causes.,NaN,NaN,0,0,,
newmap_overnight_main_corridor_5mps_direct_db,direct_vinf_alpha_force_balance_v1,newmap_overnight_main_corridor_5mps,MidbandGuide_Tilt30_V15_Am5,tilt_30_v_15_a_m5,30,15,-5,vinf_alpha_force_balance_v1,front_rear_free_flap_elevator,guide_V15_T30_Fm200_Rm300,,NaN,0,0,not_scored,Inf,Inf,,Inf,NaN,NaN,NaN,NaN,NaN,NaN,NaN,NaN,NaN,NaN,NaN,Error due to multiple causes.,NaN,NaN,0,0,,
newmap_overnight_main_corridor_5mps_direct_db,direct_vinf_alpha_force_balance_v1,newmap_overnight_main_corridor_5mps,MidbandGuide_Tilt15_V15_Am2p5,tilt_15_v_15_a_m2p5,15,15,-2.5,vinf_alpha_force_balance_v1,front_rear_free_flap_elevator,guide_V15_T15_Fm200_Rm300,,NaN,0,0,not_scored,Inf,Inf,,Inf,NaN,NaN,NaN,NaN,NaN,NaN,NaN,NaN,NaN,NaN,NaN,Error due to multiple causes.,NaN,NaN,0,0,,
newmap_overnight_main_corridor_5mps_direct_db,direct_vinf_alpha_force_balance_v1,newmap_overnight_main_corridor_5mps,MidbandGuide_Tilt15_V15_Am5,tilt_15_v_15_a_m5,15,15,-5,vinf_alpha_force_balance_v1,front_rear_free_flap_elevator,guide_V15_T15_Fm200_Rm300,,NaN,0,0,not_scored,Inf,Inf,,Inf,NaN,NaN,NaN,NaN,NaN,NaN,NaN,NaN,NaN,NaN,NaN,Error due to multiple causes.,NaN,NaN,0,0,,
newmap_overnight_main_corridor_5mps_direct_db,direct_vinf_alpha_force_balance_v1,newmap_overnight_main_corridor_5mps,MidbandGuide_Tilt35_V15_A0,tilt_35_v_15_a_0,35,15,0,vinf_alpha_force_balance_v1,front_rear_free_flap_elevator,guide_V15_T35_Fm200_Rm300,,NaN,0,0,not_scored,Inf,Inf,,Inf,NaN,NaN,NaN,NaN,NaN,NaN,NaN,NaN,NaN,NaN,NaN,Error due to multiple causes.,NaN,NaN,0,0,,
newmap_overnight_main_corridor_5mps_direct_db,direct_vinf_alpha_force_balance_v1,newmap_overnight_main_corridor_5mps,MidbandGuide_Tilt35_V15_Am2p5,tilt_35_v_15_a_m2p5,35,15,-2.5,vinf_alpha_force_balance_v1,front_rear_free_flap_elevator,guide_V15_T35_Fm200_Rm300,,NaN,0,0,not_scored,Inf,Inf,,Inf,NaN,NaN,NaN,NaN,NaN,NaN,NaN,NaN,NaN,NaN,NaN,Error due to multiple causes.,NaN,NaN,0,0,,
newmap_overnight_main_corridor_5mps_direct_db,direct_vinf_alpha_force_balance_v1,newmap_overnight_main_corridor_5mps,MidbandGuide_Tilt35_V15_A2p5,tilt_35_v_15_a_2p5,35,15,2.5,vinf_alpha_force_balance_v1,front_rear_free_flap_elevator,guide_V15_T35_Fm200_Rm300,,NaN,0,0,not_scored,Inf,Inf,,Inf,NaN,NaN,NaN,NaN,NaN,NaN,NaN,NaN,NaN,NaN,NaN,Error due to multiple causes.,NaN,NaN,0,0,,
newmap_overnight_main_corridor_5mps_direct_db,direct_vinf_alpha_force_balance_v1,newmap_overnight_main_corridor_5mps,MidbandGuide_Tilt35_V15_Am5,tilt_35_v_15_a_m5,35,15,-5,vinf_alpha_force_balance_v1,front_rear_free_flap_elevator,guide_V15_T35_Fm200_Rm300,,NaN,0,0,not_scored,Inf,Inf,,Inf,NaN,NaN,NaN,NaN,NaN,NaN,NaN,NaN,NaN,NaN,NaN,Error due to multiple causes.,NaN,NaN,0,0,,
newmap_overnight_main_corridor_5mps_direct_db,direct_vinf_alpha_force_balance_v1,newmap_overnight_main_corridor_5mps,MidbandGuide_Tilt35_V15_A5,tilt_35_v_15_a_5,35,15,5,vinf_alpha_force_balance_v1,front_rear_free_flap_elevator,guide_V15_T35_Fm200_Rm300,,NaN,0,0,not_scored,Inf,Inf,,Inf,NaN,NaN,NaN,NaN,NaN,NaN,NaN,NaN,NaN,NaN,NaN,Error due to multiple causes.,NaN,NaN,0,0,,
newmap_overnight_main_corridor_5mps_direct_db,direct_vinf_alpha_force_balance_v1,newmap_overnight_main_corridor_5mps,MidbandGuide_Tilt35_V15_A7p5,tilt_35_v_15_a_7p5,35,15,7.5,vinf_alpha_force_balance_v1,front_rear_free_flap_elevator,guide_V15_T35_Fm200_Rm300,,NaN,0,0,not_scored,Inf,Inf,,Inf,NaN,NaN,NaN,NaN,NaN,NaN,NaN,NaN,NaN,NaN,NaN,Error due to multiple causes.,NaN,NaN,0,0,,
newmap_overnight_main_corridor_5mps_direct_db,direct_vinf_alpha_force_balance_v1,newmap_overnight_main_corridor_5mps,MidbandGuide_Tilt35_V15_A10,tilt_35_v_15_a_10,35,15,10,vinf_alpha_force_balance_v1,front_rear_free_flap_elevator,guide_V15_T35_Fm200_Rm300,,NaN,0,0,not_scored,Inf,Inf,,Inf,NaN,NaN,NaN,NaN,NaN,NaN,NaN,NaN,NaN,NaN,NaN,Error due to multiple causes.,NaN,NaN,0,0,,
newmap_overnight_main_corridor_5mps_direct_db,direct_vinf_alpha_force_balance_v1,newmap_overnight_main_corridor_5mps,MidbandGuide_Tilt35_V15_A12p5,tilt_35_v_15_a_12p5,35,15,12.5,vinf_alpha_force_balance_v1,front_rear_free_flap_elevator,guide_V15_T35_Fm200_Rm300,,NaN,0,0,not_scored,Inf,Inf,,Inf,NaN,NaN,NaN,NaN,NaN,NaN,NaN,NaN,NaN,NaN,NaN,Error due to multiple causes.,NaN,NaN,0,0,,
newmap_overnight_main_corridor_5mps_direct_db,direct_vinf_alpha_force_balance_v1,newmap_overnight_main_corridor_5mps,MidbandGuide_Tilt35_V15_A15,tilt_35_v_15_a_15,35,15,15,vinf_alpha_force_balance_v1,front_rear_free_flap_elevator,guide_V15_T35_Fm200_Rm300,,NaN,0,0,not_scored,Inf,Inf,,Inf,NaN,NaN,NaN,NaN,NaN,NaN,NaN,NaN,NaN,NaN,NaN,Error due to multiple causes.,NaN,NaN,0,0,,
newmap_overnight_main_corridor_5mps_direct_db,direct_vinf_alpha_force_balance_v1,newmap_overnight_main_corridor_5mps,MidbandGuide_Tilt35_V20_Am2p5,tilt_35_v_20_a_m2p5,35,20,-2.5,vinf_alpha_force_balance_v1,front_rear_free_flap_elevator,guide_V20_T35_Fm200_Rm300,,NaN,0,0,not_scored,Inf,Inf,,Inf,NaN,NaN,NaN,NaN,NaN,NaN,NaN,NaN,NaN,NaN,NaN,Error due to multiple causes.,NaN,NaN,0,0,,
newmap_overnight_main_corridor_5mps_direct_db,direct_vinf_alpha_force_balance_v1,newmap_overnight_main_corridor_5mps,MidbandGuide_Tilt35_V20_Am5,tilt_35_v_20_a_m5,35,20,-5,vinf_alpha_force_balance_v1,front_rear_free_flap_elevator,guide_V20_T35_Fm200_Rm300,,NaN,0,0,not_scored,Inf,Inf,,Inf,NaN,NaN,NaN,NaN,NaN,NaN,NaN,NaN,NaN,NaN,NaN,Error due to multiple causes.,NaN,NaN,0,0,,
newmap_overnight_main_corridor_5mps_direct_db,direct_vinf_alpha_force_balance_v1,newmap_overnight_main_corridor_5mps,MidbandGuide_Tilt30_V20_Am2p5,tilt_30_v_20_a_m2p5,30,20,-2.5,vinf_alpha_force_balance_v1,front_rear_free_flap_elevator,guide_V20_T30_Fm200_Rm300,,NaN,0,0,not_scored,Inf,Inf,,Inf,NaN,NaN,NaN,NaN,NaN,NaN,NaN,NaN,NaN,NaN,NaN,Error due to multiple causes.,NaN,NaN,0,0,,
newmap_overnight_main_corridor_5mps_direct_db,direct_vinf_alpha_force_balance_v1,newmap_overnight_main_corridor_5mps,MidbandGuide_Tilt40_V20_Am2p5,tilt_40_v_20_a_m2p5,40,20,-2.5,vinf_alpha_force_balance_v1,front_rear_free_flap_elevator,guide_V20_T40_Fm200_Rm300,,NaN,0,0,not_scored,Inf,Inf,,Inf,NaN,NaN,NaN,NaN,NaN,NaN,NaN,NaN,NaN,NaN,NaN,Error due to multiple causes.,NaN,NaN,0,0,,
newmap_overnight_main_corridor_5mps_direct_db,direct_vinf_alpha_force_balance_v1,newmap_overnight_main_corridor_5mps,MidbandGuide_Tilt30_V20_Am5,tilt_30_v_20_a_m5,30,20,-5,vinf_alpha_force_balance_v1,front_rear_free_flap_elevator,guide_V20_T30_Fm200_Rm300,,NaN,0,0,not_scored,Inf,Inf,,Inf,NaN,NaN,NaN,NaN,NaN,NaN,NaN,NaN,NaN,NaN,NaN,Error due to multiple causes.,NaN,NaN,0,0,,
newmap_overnight_main_corridor_5mps_direct_db,direct_vinf_alpha_force_balance_v1,newmap_overnight_main_corridor_5mps,MidbandGuide_Tilt40_V20_Am5,tilt_40_v_20_a_m5,40,20,-5,vinf_alpha_force_balance_v1,front_rear_free_flap_elevator,guide_V20_T40_Fm200_Rm300,,NaN,0,0,not_scored,Inf,Inf,,Inf,NaN,NaN,NaN,NaN,NaN,NaN,NaN,NaN,NaN,NaN,NaN,Error due to multiple causes.,NaN,NaN,0,0,,
newmap_overnight_main_corridor_5mps_direct_db,direct_vinf_alpha_force_balance_v1,newmap_overnight_main_corridor_5mps,MidbandGuide_Tilt45_V20_A0,tilt_45_v_20_a_0,45,20,0,vinf_alpha_force_balance_v1,front_rear_free_flap_elevator,guide_V20_T45_Fm200_Rm300,,NaN,0,0,not_scored,Inf,Inf,,Inf,NaN,NaN,NaN,NaN,NaN,NaN,NaN,NaN,NaN,NaN,NaN,Error due to multiple causes.,NaN,NaN,0,0,,
newmap_overnight_main_corridor_5mps_direct_db,direct_vinf_alpha_force_balance_v1,newmap_overnight_main_corridor_5mps,MidbandGuide_Tilt25_V20_Am2p5,tilt_25_v_20_a_m2p5,25,20,-2.5,vinf_alpha_force_balance_v1,front_rear_free_flap_elevator,guide_V20_T25_Fm200_Rm300,,NaN,0,0,not_scored,Inf,Inf,,Inf,NaN,NaN,NaN,NaN,NaN,NaN,NaN,NaN,NaN,NaN,NaN,Error due to multiple causes.,NaN,NaN,0,0,,
newmap_overnight_main_corridor_5mps_direct_db,direct_vinf_alpha_force_balance_v1,newmap_overnight_main_corridor_5mps,MidbandGuide_Tilt45_V20_Am2p5,tilt_45_v_20_a_m2p5,45,20,-2.5,vinf_alpha_force_balance_v1,front_rear_free_flap_elevator,guide_V20_T45_Fm200_Rm300,,NaN,0,0,not_scored,Inf,Inf,,Inf,NaN,NaN,NaN,NaN,NaN,NaN,NaN,NaN,NaN,NaN,NaN,Error due to multiple causes.,NaN,NaN,0,0,,
newmap_overnight_main_corridor_5mps_direct_db,direct_vinf_alpha_force_balance_v1,newmap_overnight_main_corridor_5mps,MidbandGuide_Tilt45_V20_A2p5,tilt_45_v_20_a_2p5,45,20,2.5,vinf_alpha_force_balance_v1,front_rear_free_flap_elevator,guide_V20_T45_Fm200_Rm300,,NaN,0,0,not_scored,Inf,Inf,,Inf,NaN,NaN,NaN,NaN,NaN,NaN,NaN,NaN,NaN,NaN,NaN,Error due to multiple causes.,NaN,NaN,0,0,,
newmap_overnight_main_corridor_5mps_direct_db,direct_vinf_alpha_force_balance_v1,newmap_overnight_main_corridor_5mps,MidbandGuide_Tilt25_V20_Am5,tilt_25_v_20_a_m5,25,20,-5,vinf_alpha_force_balance_v1,front_rear_free_flap_elevator,guide_V20_T25_Fm200_Rm300,,NaN,0,0,not_scored,Inf,Inf,,Inf,NaN,NaN,NaN,NaN,NaN,NaN,NaN,NaN,NaN,NaN,NaN,Error due to multiple causes.,NaN,NaN,0,0,,
newmap_overnight_main_corridor_5mps_direct_db,direct_vinf_alpha_force_balance_v1,newmap_overnight_main_corridor_5mps,MidbandGuide_Tilt45_V20_Am5,tilt_45_v_20_a_m5,45,20,-5,vinf_alpha_force_balance_v1,front_rear_free_flap_elevator,guide_V20_T45_Fm200_Rm300,,NaN,0,0,not_scored,Inf,Inf,,Inf,NaN,NaN,NaN,NaN,NaN,NaN,NaN,NaN,NaN,NaN,NaN,Error due to multiple causes.,NaN,NaN,0,0,,
newmap_overnight_main_corridor_5mps_direct_db,direct_vinf_alpha_force_balance_v1,newmap_overnight_main_corridor_5mps,MidbandGuide_Tilt45_V20_A5,tilt_45_v_20_a_5,45,20,5,vinf_alpha_force_balance_v1,front_rear_free_flap_elevator,guide_V20_T45_Fm200_Rm300,,NaN,0,0,not_scored,Inf,Inf,,Inf,NaN,NaN,NaN,NaN,NaN,NaN,NaN,NaN,NaN,NaN,NaN,Error due to multiple causes.,NaN,NaN,0,0,,
newmap_overnight_main_corridor_5mps_direct_db,direct_vinf_alpha_force_balance_v1,newmap_overnight_main_corridor_5mps,MidbandGuide_Tilt45_V20_A7p5,tilt_45_v_20_a_7p5,45,20,7.5,vinf_alpha_force_balance_v1,front_rear_free_flap_elevator,guide_V20_T45_Fm200_Rm300,,NaN,0,0,not_scored,Inf,Inf,,Inf,NaN,NaN,NaN,NaN,NaN,NaN,NaN,NaN,NaN,NaN,NaN,Error due to multiple causes.,NaN,NaN,0,0,,
newmap_overnight_highspeed_fixed_grid_direct_db,direct_vinf_alpha_force_balance_v1,newmap_overnight_highspeed_fixed_grid,BridgeFrontier_Tilt90_V70_A2p5,tilt_90_v_70_a_2p5,90,70,2.5,vinf_alpha_force_balance_v1,prop_fixed_flap_elevator,guide_V70_T90_Fm75_Rm250,,NaN,0,0,not_scored,Inf,Inf,,Inf,NaN,NaN,NaN,NaN,NaN,NaN,NaN,NaN,NaN,NaN,NaN,Error due to multiple causes.,NaN,NaN,0,0,,
newmap_overnight_highspeed_fixed_grid_direct_db,direct_vinf_alpha_force_balance_v1,newmap_overnight_highspeed_fixed_grid,BridgeFrontier_Tilt90_V70_A10,tilt_90_v_70_a_10,90,70,10,vinf_alpha_force_balance_v1,prop_fixed_flap_elevator,guide_V70_T90_Fm75_Rm250,,NaN,0,0,not_scored,Inf,Inf,,Inf,NaN,NaN,NaN,NaN,NaN,NaN,NaN,NaN,NaN,NaN,NaN,Error due to multiple causes.,NaN,NaN,0,0,,
newmap_overnight_highspeed_fixed_grid_direct_db,direct_vinf_alpha_force_balance_v1,newmap_overnight_highspeed_fixed_grid,BridgeFrontier_Tilt90_V70_A12p5,tilt_90_v_70_a_12p5,90,70,12.5,vinf_alpha_force_balance_v1,prop_fixed_flap_elevator,guide_V70_T90_Fm75_Rm250,,NaN,0,0,not_scored,Inf,Inf,,Inf,NaN,NaN,NaN,NaN,NaN,NaN,NaN,NaN,NaN,NaN,NaN,Error due to multiple causes.,NaN,NaN,0,0,,
newmap_overnight_highspeed_fixed_grid_direct_db,direct_vinf_alpha_force_balance_v1,newmap_overnight_highspeed_fixed_grid,BridgeFrontier_Tilt85_V70_A0,tilt_85_v_70_a_0,85,70,0,vinf_alpha_force_balance_v1,prop_fixed_flap_elevator,guide_V70_T85_Fm75_Rm250,,NaN,0,0,not_scored,Inf,Inf,,Inf,NaN,NaN,NaN,NaN,NaN,NaN,NaN,NaN,NaN,NaN,NaN,Error due to multiple causes.,NaN,NaN,0,0,,
newmap_overnight_highspeed_fixed_grid_direct_db,direct_vinf_alpha_force_balance_v1,newmap_overnight_highspeed_fixed_grid,BridgeFrontier_Tilt95_V70_A0,tilt_95_v_70_a_0,95,70,0,vinf_alpha_force_balance_v1,prop_fixed_flap_elevator,guide_V70_T95_Fm75_Rm250,,NaN,0,0,not_scored,Inf,Inf,,Inf,NaN,NaN,NaN,NaN,NaN,NaN,NaN,NaN,NaN,NaN,NaN,Error due to multiple causes.,NaN,NaN,0,0,,
newmap_overnight_highspeed_fixed_grid_direct_db,direct_vinf_alpha_force_balance_v1,newmap_overnight_highspeed_fixed_grid,BridgeFrontier_Tilt85_V70_A2p5,tilt_85_v_70_a_2p5,85,70,2.5,vinf_alpha_force_balance_v1,prop_fixed_flap_elevator,guide_V70_T85_Fm75_Rm250,,NaN,0,0,not_scored,Inf,Inf,,Inf,NaN,NaN,NaN,NaN,NaN,NaN,NaN,NaN,NaN,NaN,NaN,Error due to multiple causes.,NaN,NaN,0,0,,
newmap_overnight_highspeed_fixed_grid_direct_db,direct_vinf_alpha_force_balance_v1,newmap_overnight_highspeed_fixed_grid,BridgeFrontier_Tilt90_V65_A5,tilt_90_v_65_a_5,90,65,5,vinf_alpha_force_balance_v1,prop_fixed_flap_elevator,guide_V65_T90_Fm75_Rm250,,NaN,0,0,not_scored,Inf,Inf,,Inf,NaN,NaN,NaN,NaN,NaN,NaN,NaN,NaN,NaN,NaN,NaN,Error due to multiple causes.,NaN,NaN,0,0,,
newmap_overnight_highspeed_fixed_grid_direct_db,direct_vinf_alpha_force_balance_v1,newmap_overnight_highspeed_fixed_grid,BridgeFrontier_Tilt85_V70_A10,tilt_85_v_70_a_10,85,70,10,vinf_alpha_force_balance_v1,prop_fixed_flap_elevator,guide_V70_T85_Fm75_Rm250,,NaN,0,0,not_scored,Inf,Inf,,Inf,NaN,NaN,NaN,NaN,NaN,NaN,NaN,NaN,NaN,NaN,NaN,Error due to multiple causes.,NaN,NaN,0,0,,
newmap_overnight_highspeed_fixed_grid_direct_db,direct_vinf_alpha_force_balance_v1,newmap_overnight_highspeed_fixed_grid,BridgeFrontier_Tilt90_V65_A10,tilt_90_v_65_a_10,90,65,10,vinf_alpha_force_balance_v1,prop_fixed_flap_elevator,guide_V65_T90_Fm75_Rm250,,NaN,0,0,not_scored,Inf,Inf,,Inf,NaN,NaN,NaN,NaN,NaN,NaN,NaN,NaN,NaN,NaN,NaN,Error due to multiple causes.,NaN,NaN,0,0,,
newmap_overnight_highspeed_fixed_grid_direct_db,direct_vinf_alpha_force_balance_v1,newmap_overnight_highspeed_fixed_grid,BridgeFrontier_Tilt95_V70_A10,tilt_95_v_70_a_10,95,70,10,vinf_alpha_force_balance_v1,prop_fixed_flap_elevator,guide_V70_T95_Fm75_Rm250,,NaN,0,0,not_scored,Inf,Inf,,Inf,NaN,NaN,NaN,NaN,NaN,NaN,NaN,NaN,NaN,NaN,NaN,Error due to multiple causes.,NaN,NaN,0,0,,
newmap_overnight_highspeed_fixed_grid_direct_db,direct_vinf_alpha_force_balance_v1,newmap_overnight_highspeed_fixed_grid,BridgeFrontier_Tilt85_V70_A12p5,tilt_85_v_70_a_12p5,85,70,12.5,vinf_alpha_force_balance_v1,prop_fixed_flap_elevator,guide_V70_T85_Fm75_Rm250,,NaN,0,0,not_scored,Inf,Inf,,Inf,NaN,NaN,NaN,NaN,NaN,NaN,NaN,NaN,NaN,NaN,NaN,Error due to multiple causes.,NaN,NaN,0,0,,
newmap_overnight_highspeed_fixed_grid_direct_db,direct_vinf_alpha_force_balance_v1,newmap_overnight_highspeed_fixed_grid,BridgeFrontier_Tilt90_V65_A12p5,tilt_90_v_65_a_12p5,90,65,12.5,vinf_alpha_force_balance_v1,prop_fixed_flap_elevator,guide_V65_T90_Fm75_Rm250,,NaN,0,0,not_scored,Inf,Inf,,Inf,NaN,NaN,NaN,NaN,NaN,NaN,NaN,NaN,NaN,NaN,NaN,Error due to multiple causes.,NaN,NaN,0,0,,
newmap_overnight_highspeed_fixed_grid_direct_db,direct_vinf_alpha_force_balance_v1,newmap_overnight_highspeed_fixed_grid,BridgeFrontier_Tilt95_V70_A12p5,tilt_95_v_70_a_12p5,95,70,12.5,vinf_alpha_force_balance_v1,prop_fixed_flap_elevator,guide_V70_T95_Fm75_Rm250,,NaN,0,0,not_scored,Inf,Inf,,Inf,NaN,NaN,NaN,NaN,NaN,NaN,NaN,NaN,NaN,NaN,NaN,Error due to multiple causes.,NaN,NaN,0,0,,
newmap_overnight_highspeed_fixed_grid_direct_db,direct_vinf_alpha_force_balance_v1,newmap_overnight_highspeed_fixed_grid,BridgeFrontier_Tilt85_V65_A0,tilt_85_v_65_a_0,85,65,0,vinf_alpha_force_balance_v1,prop_fixed_flap_elevator,guide_V65_T85_Fm75_Rm250,,NaN,0,0,not_scored,Inf,Inf,,Inf,NaN,NaN,NaN,NaN,NaN,NaN,NaN,NaN,NaN,NaN,NaN,Error due to multiple causes.,NaN,NaN,0,0,,
newmap_overnight_highspeed_fixed_grid_direct_db,direct_vinf_alpha_force_balance_v1,newmap_overnight_highspeed_fixed_grid,BridgeFrontier_Tilt85_V65_A2p5,tilt_85_v_65_a_2p5,85,65,2.5,vinf_alpha_force_balance_v1,prop_fixed_flap_elevator,guide_V65_T85_Fm75_Rm250,,NaN,0,0,not_scored,Inf,Inf,,Inf,NaN,NaN,NaN,NaN,NaN,NaN,NaN,NaN,NaN,NaN,NaN,Error due to multiple causes.,NaN,NaN,0,0,,
newmap_overnight_highspeed_fixed_grid_direct_db,direct_vinf_alpha_force_balance_v1,newmap_overnight_highspeed_fixed_grid,BridgeFrontier_Tilt85_V65_A5,tilt_85_v_65_a_5,85,65,5,vinf_alpha_force_balance_v1,prop_fixed_flap_elevator,guide_V65_T85_Fm75_Rm250,,NaN,0,0,not_scored,Inf,Inf,,Inf,NaN,NaN,NaN,NaN,NaN,NaN,NaN,NaN,NaN,NaN,NaN,Error due to multiple causes.,NaN,NaN,0,0,,
newmap_overnight_highspeed_fixed_grid_direct_db,direct_vinf_alpha_force_balance_v1,newmap_overnight_highspeed_fixed_grid,BridgeFrontier_Tilt85_V65_A10,tilt_85_v_65_a_10,85,65,10,vinf_alpha_force_balance_v1,prop_fixed_flap_elevator,guide_V65_T85_Fm75_Rm250,,NaN,0,0,not_scored,Inf,Inf,,Inf,NaN,NaN,NaN,NaN,NaN,NaN,NaN,NaN,NaN,NaN,NaN,Error due to multiple causes.,NaN,NaN,0,0,,
newmap_overnight_highspeed_fixed_grid_direct_db,direct_vinf_alpha_force_balance_v1,newmap_overnight_highspeed_fixed_grid,BridgeFrontier_Tilt85_V65_A12p5,tilt_85_v_65_a_12p5,85,65,12.5,vinf_alpha_force_balance_v1,prop_fixed_flap_elevator,guide_V65_T85_Fm75_Rm250,,NaN,0,0,not_scored,Inf,Inf,,Inf,NaN,NaN,NaN,NaN,NaN,NaN,NaN,NaN,NaN,NaN,NaN,Error due to multiple causes.,NaN,NaN,0,0,,
newmap_overnight_highspeed_fixed_grid_direct_db,direct_vinf_alpha_force_balance_v1,newmap_overnight_highspeed_fixed_grid,BridgeFrontier_Tilt80_V70_A2p5,tilt_80_v_70_a_2p5,80,70,2.5,vinf_alpha_force_balance_v1,prop_fixed_flap_elevator,guide_V70_T80_Fm75_Rm250,,NaN,0,0,not_scored,Inf,Inf,,Inf,NaN,NaN,NaN,NaN,NaN,NaN,NaN,NaN,NaN,NaN,NaN,Error due to multiple causes.,NaN,NaN,0,0,,
newmap_overnight_highspeed_fixed_grid_direct_db,direct_vinf_alpha_force_balance_v1,newmap_overnight_highspeed_fixed_grid,BridgeFrontier_Tilt80_V70_A10,tilt_80_v_70_a_10,80,70,10,vinf_alpha_force_balance_v1,prop_fixed_flap_elevator,guide_V70_T80_Fm75_Rm250,,NaN,0,0,not_scored,Inf,Inf,,Inf,NaN,NaN,NaN,NaN,NaN,NaN,NaN,NaN,NaN,NaN,NaN,Error due to multiple causes.,NaN,NaN,0,0,,
newmap_overnight_highspeed_fixed_grid_direct_db,direct_vinf_alpha_force_balance_v1,newmap_overnight_highspeed_fixed_grid,BridgeFrontier_Tilt90_V60_A10,tilt_90_v_60_a_10,90,60,10,vinf_alpha_force_balance_v1,prop_fixed_flap_elevator,guide_V60_T90_Fm75_Rm250,,NaN,0,0,not_scored,Inf,Inf,,Inf,NaN,NaN,NaN,NaN,NaN,NaN,NaN,NaN,NaN,NaN,NaN,Error due to multiple causes.,NaN,NaN,0,0,,
newmap_overnight_highspeed_fixed_grid_direct_db,direct_vinf_alpha_force_balance_v1,newmap_overnight_highspeed_fixed_grid,BridgeFrontier_Tilt80_V70_A12p5,tilt_80_v_70_a_12p5,80,70,12.5,vinf_alpha_force_balance_v1,prop_fixed_flap_elevator,guide_V70_T80_Fm75_Rm250,,NaN,0,0,not_scored,Inf,Inf,,Inf,NaN,NaN,NaN,NaN,NaN,NaN,NaN,NaN,NaN,NaN,NaN,Error due to multiple causes.,NaN,NaN,0,0,,
newmap_overnight_highspeed_fixed_grid_direct_db,direct_vinf_alpha_force_balance_v1,newmap_overnight_highspeed_fixed_grid,BridgeFrontier_Tilt90_V60_A12p5,tilt_90_v_60_a_12p5,90,60,12.5,vinf_alpha_force_balance_v1,prop_fixed_flap_elevator,guide_V60_T90_Fm75_Rm250,,NaN,0,0,not_scored,Inf,Inf,,Inf,NaN,NaN,NaN,NaN,NaN,NaN,NaN,NaN,NaN,NaN,NaN,Error due to multiple causes.,NaN,NaN,0,0,,
newmap_overnight_highspeed_fixed_grid_direct_db,direct_vinf_alpha_force_balance_v1,newmap_overnight_highspeed_fixed_grid,BridgeFrontier_Tilt80_V65_A0,tilt_80_v_65_a_0,80,65,0,vinf_alpha_force_balance_v1,prop_fixed_flap_elevator,guide_V65_T80_Fm75_Rm250,,NaN,0,0,not_scored,Inf,Inf,,Inf,NaN,NaN,NaN,NaN,NaN,NaN,NaN,NaN,NaN,NaN,NaN,Error due to multiple causes.,NaN,NaN,0,0,,
newmap_overnight_highspeed_fixed_grid_direct_db,direct_vinf_alpha_force_balance_v1,newmap_overnight_highspeed_fixed_grid,BridgeFrontier_Tilt80_V65_A2p5,tilt_80_v_65_a_2p5,80,65,2.5,vinf_alpha_force_balance_v1,prop_fixed_flap_elevator,guide_V65_T80_Fm75_Rm250,,NaN,0,0,not_scored,Inf,Inf,,Inf,NaN,NaN,NaN,NaN,NaN,NaN,NaN,NaN,NaN,NaN,NaN,Error due to multiple causes.,NaN,NaN,0,0,,
newmap_overnight_highspeed_fixed_grid_direct_db,direct_vinf_alpha_force_balance_v1,newmap_overnight_highspeed_fixed_grid,BridgeFrontier_Tilt80_V65_A5,tilt_80_v_65_a_5,80,65,5,vinf_alpha_force_balance_v1,prop_fixed_flap_elevator,guide_V65_T80_Fm75_Rm250,,NaN,0,0,not_scored,Inf,Inf,,Inf,NaN,NaN,NaN,NaN,NaN,NaN,NaN,NaN,NaN,NaN,NaN,Error due to multiple causes.,NaN,NaN,0,0,,
newmap_overnight_highspeed_fixed_grid_direct_db,direct_vinf_alpha_force_balance_v1,newmap_overnight_highspeed_fixed_grid,BridgeFrontier_Tilt80_V65_A10,tilt_80_v_65_a_10,80,65,10,vinf_alpha_force_balance_v1,prop_fixed_flap_elevator,guide_V65_T80_Fm75_Rm250,,NaN,0,0,not_scored,Inf,Inf,,Inf,NaN,NaN,NaN,NaN,NaN,NaN,NaN,NaN,NaN,NaN,NaN,Error due to multiple causes.,NaN,NaN,0,0,,
newmap_overnight_highspeed_fixed_grid_direct_db,direct_vinf_alpha_force_balance_v1,newmap_overnight_highspeed_fixed_grid,BridgeFrontier_Tilt85_V60_A10,tilt_85_v_60_a_10,85,60,10,vinf_alpha_force_balance_v1,prop_fixed_flap_elevator,guide_V60_T85_Fm75_Rm250,,NaN,0,0,not_scored,Inf,Inf,,Inf,NaN,NaN,NaN,NaN,NaN,NaN,NaN,NaN,NaN,NaN,NaN,Error due to multiple causes.,NaN,NaN,0,0,,
newmap_overnight_highspeed_fixed_grid_direct_db,direct_vinf_alpha_force_balance_v1,newmap_overnight_highspeed_fixed_grid,BridgeFrontier_Tilt80_V65_A12p5,tilt_80_v_65_a_12p5,80,65,12.5,vinf_alpha_force_balance_v1,prop_fixed_flap_elevator,guide_V65_T80_Fm75_Rm250,,NaN,0,0,not_scored,Inf,Inf,,Inf,NaN,NaN,NaN,NaN,NaN,NaN,NaN,NaN,NaN,NaN,NaN,Error due to multiple causes.,NaN,NaN,0,0,,
newmap_overnight_highspeed_fixed_grid_direct_db,direct_vinf_alpha_force_balance_v1,newmap_overnight_highspeed_fixed_grid,BridgeFrontier_Tilt85_V60_A12p5,tilt_85_v_60_a_12p5,85,60,12.5,vinf_alpha_force_balance_v1,prop_fixed_flap_elevator,guide_V60_T85_Fm75_Rm250,,NaN,0,0,not_scored,Inf,Inf,,Inf,NaN,NaN,NaN,NaN,NaN,NaN,NaN,NaN,NaN,NaN,NaN,Error due to multiple causes.,NaN,NaN,0,0,,
newmap_overnight_highspeed_fixed_grid_direct_db,direct_vinf_alpha_force_balance_v1,newmap_overnight_highspeed_fixed_grid,BridgeFrontier_Tilt80_V60_A10,tilt_80_v_60_a_10,80,60,10,vinf_alpha_force_balance_v1,prop_fixed_flap_elevator,guide_V60_T80_Fm75_Rm250,,NaN,0,0,not_scored,Inf,Inf,,Inf,NaN,NaN,NaN,NaN,NaN,NaN,NaN,NaN,NaN,NaN,NaN,Error due to multiple causes.,NaN,NaN,0,0,,
newmap_overnight_highspeed_fixed_grid_direct_db,direct_vinf_alpha_force_balance_v1,newmap_overnight_highspeed_fixed_grid,BridgeFrontier_Tilt80_V60_A12p5,tilt_80_v_60_a_12p5,80,60,12.5,vinf_alpha_force_balance_v1,prop_fixed_flap_elevator,guide_V60_T80_Fm75_Rm250,,NaN,0,0,not_scored,Inf,Inf,,Inf,NaN,NaN,NaN,NaN,NaN,NaN,NaN,NaN,NaN,NaN,NaN,Error due to multiple causes.,NaN,NaN,0,0,,
newmap_overnight_highspeed_fixed_grid_direct_db,direct_vinf_alpha_force_balance_v1,newmap_overnight_highspeed_fixed_grid,BridgeFrontier_Tilt90_V55_A0,tilt_90_v_55_a_0,90,55,0,vinf_alpha_force_balance_v1,prop_fixed_flap_elevator,guide_V55_T90_Fm75_Rm250,,NaN,0,0,not_scored,Inf,Inf,,Inf,NaN,NaN,NaN,NaN,NaN,NaN,NaN,NaN,NaN,NaN,NaN,Error due to multiple causes.,NaN,NaN,0,0,,
newmap_overnight_highspeed_fixed_grid_direct_db,direct_vinf_alpha_force_balance_v1,newmap_overnight_highspeed_fixed_grid,BridgeFrontier_Tilt90_V55_A5,tilt_90_v_55_a_5,90,55,5,vinf_alpha_force_balance_v1,prop_fixed_flap_elevator,guide_V55_T90_Fm75_Rm250,,NaN,0,0,not_scored,Inf,Inf,,Inf,NaN,NaN,NaN,NaN,NaN,NaN,NaN,NaN,NaN,NaN,NaN,Error due to multiple causes.,NaN,NaN,0,0,,
newmap_overnight_highspeed_fixed_grid_direct_db,direct_vinf_alpha_force_balance_v1,newmap_overnight_highspeed_fixed_grid,BridgeFrontier_Tilt90_V55_A10,tilt_90_v_55_a_10,90,55,10,vinf_alpha_force_balance_v1,prop_fixed_flap_elevator,guide_V55_T90_Fm75_Rm250,,NaN,0,0,not_scored,Inf,Inf,,Inf,NaN,NaN,NaN,NaN,NaN,NaN,NaN,NaN,NaN,NaN,NaN,Error due to multiple causes.,NaN,NaN,0,0,,
newmap_overnight_highspeed_fixed_grid_direct_db,direct_vinf_alpha_force_balance_v1,newmap_overnight_highspeed_fixed_grid,BridgeFrontier_Tilt90_V55_A12p5,tilt_90_v_55_a_12p5,90,55,12.5,vinf_alpha_force_balance_v1,prop_fixed_flap_elevator,guide_V55_T90_Fm75_Rm250,,NaN,0,0,not_scored,Inf,Inf,,Inf,NaN,NaN,NaN,NaN,NaN,NaN,NaN,NaN,NaN,NaN,NaN,Error due to multiple causes.,NaN,NaN,0,0,,
newmap_overnight_highspeed_fixed_grid_direct_db,direct_vinf_alpha_force_balance_v1,newmap_overnight_highspeed_fixed_grid,BridgeFrontier_Tilt75_V65_A0,tilt_75_v_65_a_0,75,65,0,vinf_alpha_force_balance_v1,prop_fixed_flap_elevator,guide_V65_T75_Fm75_Rm250,,NaN,0,0,not_scored,Inf,Inf,,Inf,NaN,NaN,NaN,NaN,NaN,NaN,NaN,NaN,NaN,NaN,NaN,Error due to multiple causes.,NaN,NaN,0,0,,
newmap_overnight_highspeed_fixed_grid_direct_db,direct_vinf_alpha_force_balance_v1,newmap_overnight_highspeed_fixed_grid,BridgeFrontier_Tilt85_V55_A0,tilt_85_v_55_a_0,85,55,0,vinf_alpha_force_balance_v1,prop_fixed_flap_elevator,guide_V55_T85_Fm75_Rm250,,NaN,0,0,not_scored,Inf,Inf,,Inf,NaN,NaN,NaN,NaN,NaN,NaN,NaN,NaN,NaN,NaN,NaN,Error due to multiple causes.,NaN,NaN,0,0,,
newmap_overnight_highspeed_fixed_grid_direct_db,direct_vinf_alpha_force_balance_v1,newmap_overnight_highspeed_fixed_grid,BridgeFrontier_Tilt75_V65_A2p5,tilt_75_v_65_a_2p5,75,65,2.5,vinf_alpha_force_balance_v1,prop_fixed_flap_elevator,guide_V65_T75_Fm75_Rm250,,NaN,0,0,not_scored,Inf,Inf,,Inf,NaN,NaN,NaN,NaN,NaN,NaN,NaN,NaN,NaN,NaN,NaN,Error due to multiple causes.,NaN,NaN,0,0,,
newmap_overnight_highspeed_fixed_grid_direct_db,direct_vinf_alpha_force_balance_v1,newmap_overnight_highspeed_fixed_grid,BridgeFrontier_Tilt85_V55_A2p5,tilt_85_v_55_a_2p5,85,55,2.5,vinf_alpha_force_balance_v1,prop_fixed_flap_elevator,guide_V55_T85_Fm75_Rm250,,NaN,0,0,not_scored,Inf,Inf,,Inf,NaN,NaN,NaN,NaN,NaN,NaN,NaN,NaN,NaN,NaN,NaN,Error due to multiple causes.,NaN,NaN,0,0,,
newmap_overnight_highspeed_fixed_grid_direct_db,direct_vinf_alpha_force_balance_v1,newmap_overnight_highspeed_fixed_grid,BridgeFrontier_Tilt75_V65_A5,tilt_75_v_65_a_5,75,65,5,vinf_alpha_force_balance_v1,prop_fixed_flap_elevator,guide_V65_T75_Fm75_Rm250,,NaN,0,0,not_scored,Inf,Inf,,Inf,NaN,NaN,NaN,NaN,NaN,NaN,NaN,NaN,NaN,NaN,NaN,Error due to multiple causes.,NaN,NaN,0,0,,
newmap_overnight_highspeed_fixed_grid_direct_db,direct_vinf_alpha_force_balance_v1,newmap_overnight_highspeed_fixed_grid,BridgeFrontier_Tilt75_V65_A7p5,tilt_75_v_65_a_7p5,75,65,7.5,vinf_alpha_force_balance_v1,prop_fixed_flap_elevator,guide_V65_T75_Fm75_Rm250,,NaN,0,0,not_scored,Inf,Inf,,Inf,NaN,NaN,NaN,NaN,NaN,NaN,NaN,NaN,NaN,NaN,NaN,Error due to multiple causes.,NaN,NaN,0,0,,
newmap_overnight_highspeed_fixed_grid_direct_db,direct_vinf_alpha_force_balance_v1,newmap_overnight_highspeed_fixed_grid,BridgeFrontier_Tilt75_V65_A10,tilt_75_v_65_a_10,75,65,10,vinf_alpha_force_balance_v1,prop_fixed_flap_elevator,guide_V65_T75_Fm75_Rm250,,NaN,0,0,not_scored,Inf,Inf,,Inf,NaN,NaN,NaN,NaN,NaN,NaN,NaN,NaN,NaN,NaN,NaN,Error due to multiple causes.,NaN,NaN,0,0,,
newmap_overnight_highspeed_fixed_grid_direct_db,direct_vinf_alpha_force_balance_v1,newmap_overnight_highspeed_fixed_grid,BridgeFrontier_Tilt85_V55_A10,tilt_85_v_55_a_10,85,55,10,vinf_alpha_force_balance_v1,prop_fixed_flap_elevator,guide_V55_T85_Fm75_Rm250,,NaN,0,0,not_scored,Inf,Inf,,Inf,NaN,NaN,NaN,NaN,NaN,NaN,NaN,NaN,NaN,NaN,NaN,Error due to multiple causes.,NaN,NaN,0,0,,
newmap_overnight_highspeed_fixed_grid_direct_db,direct_vinf_alpha_force_balance_v1,newmap_overnight_highspeed_fixed_grid,BridgeFrontier_Tilt75_V65_A12p5,tilt_75_v_65_a_12p5,75,65,12.5,vinf_alpha_force_balance_v1,prop_fixed_flap_elevator,guide_V65_T75_Fm75_Rm250,,NaN,0,0,not_scored,Inf,Inf,,Inf,NaN,NaN,NaN,NaN,NaN,NaN,NaN,NaN,NaN,NaN,NaN,Error due to multiple causes.,NaN,NaN,0,0,,
newmap_overnight_highspeed_fixed_grid_direct_db,direct_vinf_alpha_force_balance_v1,newmap_overnight_highspeed_fixed_grid,BridgeFrontier_Tilt85_V55_A12p5,tilt_85_v_55_a_12p5,85,55,12.5,vinf_alpha_force_balance_v1,prop_fixed_flap_elevator,guide_V55_T85_Fm75_Rm250,,NaN,0,0,not_scored,Inf,Inf,,Inf,NaN,NaN,NaN,NaN,NaN,NaN,NaN,NaN,NaN,NaN,NaN,Error due to multiple causes.,NaN,NaN,0,0,,
newmap_overnight_highspeed_fixed_grid_direct_db,direct_vinf_alpha_force_balance_v1,newmap_overnight_highspeed_fixed_grid,BridgeFrontier_Tilt75_V60_A0,tilt_75_v_60_a_0,75,60,0,vinf_alpha_force_balance_v1,prop_fixed_flap_elevator,guide_V60_T75_Fm75_Rm250,,NaN,0,0,not_scored,Inf,Inf,,Inf,NaN,NaN,NaN,NaN,NaN,NaN,NaN,NaN,NaN,NaN,NaN,Error due to multiple causes.,NaN,NaN,0,0,,
newmap_overnight_highspeed_fixed_grid_direct_db,direct_vinf_alpha_force_balance_v1,newmap_overnight_highspeed_fixed_grid,BridgeFrontier_Tilt75_V60_A2p5,tilt_75_v_60_a_2p5,75,60,2.5,vinf_alpha_force_balance_v1,prop_fixed_flap_elevator,guide_V60_T75_Fm75_Rm250,,NaN,0,0,not_scored,Inf,Inf,,Inf,NaN,NaN,NaN,NaN,NaN,NaN,NaN,NaN,NaN,NaN,NaN,Error due to multiple causes.,NaN,NaN,0,0,,
newmap_overnight_highspeed_fixed_grid_direct_db,direct_vinf_alpha_force_balance_v1,newmap_overnight_highspeed_fixed_grid,BridgeFrontier_Tilt75_V60_A5,tilt_75_v_60_a_5,75,60,5,vinf_alpha_force_balance_v1,prop_fixed_flap_elevator,guide_V60_T75_Fm75_Rm250,,NaN,0,0,not_scored,Inf,Inf,,Inf,NaN,NaN,NaN,NaN,NaN,NaN,NaN,NaN,NaN,NaN,NaN,Error due to multiple causes.,NaN,NaN,0,0,,
newmap_overnight_highspeed_fixed_grid_direct_db,direct_vinf_alpha_force_balance_v1,newmap_overnight_highspeed_fixed_grid,BridgeFrontier_Tilt80_V55_A5,tilt_80_v_55_a_5,80,55,5,vinf_alpha_force_balance_v1,prop_fixed_flap_elevator,guide_V55_T80_Fm75_Rm250,,NaN,0,0,not_scored,Inf,Inf,,Inf,NaN,NaN,NaN,NaN,NaN,NaN,NaN,NaN,NaN,NaN,NaN,Error due to multiple causes.,NaN,NaN,0,0,,
newmap_overnight_highspeed_fixed_grid_direct_db,direct_vinf_alpha_force_balance_v1,newmap_overnight_highspeed_fixed_grid,BridgeFrontier_Tilt75_V60_A10,tilt_75_v_60_a_10,75,60,10,vinf_alpha_force_balance_v1,prop_fixed_flap_elevator,guide_V60_T75_Fm75_Rm250,,NaN,0,0,not_scored,Inf,Inf,,Inf,NaN,NaN,NaN,NaN,NaN,NaN,NaN,NaN,NaN,NaN,NaN,Error due to multiple causes.,NaN,NaN,0,0,,
newmap_overnight_highspeed_fixed_grid_direct_db,direct_vinf_alpha_force_balance_v1,newmap_overnight_highspeed_fixed_grid,BridgeFrontier_Tilt80_V55_A10,tilt_80_v_55_a_10,80,55,10,vinf_alpha_force_balance_v1,prop_fixed_flap_elevator,guide_V55_T80_Fm75_Rm250,,NaN,0,0,not_scored,Inf,Inf,,Inf,NaN,NaN,NaN,NaN,NaN,NaN,NaN,NaN,NaN,NaN,NaN,Error due to multiple causes.,NaN,NaN,0,0,,
newmap_overnight_highspeed_fixed_grid_direct_db,direct_vinf_alpha_force_balance_v1,newmap_overnight_highspeed_fixed_grid,BridgeFrontier_Tilt75_V60_A12p5,tilt_75_v_60_a_12p5,75,60,12.5,vinf_alpha_force_balance_v1,prop_fixed_flap_elevator,guide_V60_T75_Fm75_Rm250,,NaN,0,0,not_scored,Inf,Inf,,Inf,NaN,NaN,NaN,NaN,NaN,NaN,NaN,NaN,NaN,NaN,NaN,Error due to multiple causes.,NaN,NaN,0,0,,
newmap_overnight_highspeed_fixed_grid_direct_db,direct_vinf_alpha_force_balance_v1,newmap_overnight_highspeed_fixed_grid,BridgeFrontier_Tilt80_V55_A12p5,tilt_80_v_55_a_12p5,80,55,12.5,vinf_alpha_force_balance_v1,prop_fixed_flap_elevator,guide_V55_T80_Fm75_Rm250,,NaN,0,0,not_scored,Inf,Inf,,Inf,NaN,NaN,NaN,NaN,NaN,NaN,NaN,NaN,NaN,NaN,NaN,Error due to multiple causes.,NaN,NaN,0,0,,
newmap_overnight_highspeed_fixed_grid_direct_db,direct_vinf_alpha_force_balance_v1,newmap_overnight_highspeed_fixed_grid,BridgeFrontier_Tilt85_V50_A0,tilt_85_v_50_a_0,85,50,0,vinf_alpha_force_balance_v1,prop_fixed_flap_elevator,guide_V50_T85_Fm75_Rm250,,NaN,0,0,not_scored,Inf,Inf,,Inf,NaN,NaN,NaN,NaN,NaN,NaN,NaN,NaN,NaN,NaN,NaN,Error due to multiple causes.,NaN,NaN,0,0,,
newmap_overnight_highspeed_fixed_grid_direct_db,direct_vinf_alpha_force_balance_v1,newmap_overnight_highspeed_fixed_grid,BridgeFrontier_Tilt85_V50_A2p5,tilt_85_v_50_a_2p5,85,50,2.5,vinf_alpha_force_balance_v1,prop_fixed_flap_elevator,guide_V50_T85_Fm75_Rm250,,NaN,0,0,not_scored,Inf,Inf,,Inf,NaN,NaN,NaN,NaN,NaN,NaN,NaN,NaN,NaN,NaN,NaN,Error due to multiple causes.,NaN,NaN,0,0,,
newmap_overnight_highspeed_fixed_grid_direct_db,direct_vinf_alpha_force_balance_v1,newmap_overnight_highspeed_fixed_grid,BridgeFrontier_Tilt85_V50_A5,tilt_85_v_50_a_5,85,50,5,vinf_alpha_force_balance_v1,prop_fixed_flap_elevator,guide_V50_T85_Fm75_Rm250,,NaN,0,0,not_scored,Inf,Inf,,Inf,NaN,NaN,NaN,NaN,NaN,NaN,NaN,NaN,NaN,NaN,NaN,Error due to multiple causes.,NaN,NaN,0,0,,
newmap_overnight_highspeed_fixed_grid_direct_db,direct_vinf_alpha_force_balance_v1,newmap_overnight_highspeed_fixed_grid,BridgeFrontier_Tilt85_V50_A10,tilt_85_v_50_a_10,85,50,10,vinf_alpha_force_balance_v1,prop_fixed_flap_elevator,guide_V50_T85_Fm75_Rm250,,NaN,0,0,not_scored,Inf,Inf,,Inf,NaN,NaN,NaN,NaN,NaN,NaN,NaN,NaN,NaN,NaN,NaN,Error due to multiple causes.,NaN,NaN,0,0,,
newmap_overnight_highspeed_fixed_grid_direct_db,direct_vinf_alpha_force_balance_v1,newmap_overnight_highspeed_fixed_grid,BridgeFrontier_Tilt75_V55_A0,tilt_75_v_55_a_0,75,55,0,vinf_alpha_force_balance_v1,prop_fixed_flap_elevator,guide_V55_T75_Fm75_Rm250,,NaN,0,0,not_scored,Inf,Inf,,Inf,NaN,NaN,NaN,NaN,NaN,NaN,NaN,NaN,NaN,NaN,NaN,Error due to multiple causes.,NaN,NaN,0,0,,
newmap_overnight_highspeed_fixed_grid_direct_db,direct_vinf_alpha_force_balance_v1,newmap_overnight_highspeed_fixed_grid,BridgeFrontier_Tilt85_V50_A12p5,tilt_85_v_50_a_12p5,85,50,12.5,vinf_alpha_force_balance_v1,prop_fixed_flap_elevator,guide_V50_T85_Fm75_Rm250,,NaN,0,0,not_scored,Inf,Inf,,Inf,NaN,NaN,NaN,NaN,NaN,NaN,NaN,NaN,NaN,NaN,NaN,Error due to multiple causes.,NaN,NaN,0,0,,
newmap_overnight_highspeed_fixed_grid_direct_db,direct_vinf_alpha_force_balance_v1,newmap_overnight_highspeed_fixed_grid,BridgeFrontier_Tilt75_V55_A2p5,tilt_75_v_55_a_2p5,75,55,2.5,vinf_alpha_force_balance_v1,prop_fixed_flap_elevator,guide_V55_T75_Fm75_Rm250,,NaN,0,0,not_scored,Inf,Inf,,Inf,NaN,NaN,NaN,NaN,NaN,NaN,NaN,NaN,NaN,NaN,NaN,Error due to multiple causes.,NaN,NaN,0,0,,
newmap_overnight_highspeed_fixed_grid_direct_db,direct_vinf_alpha_force_balance_v1,newmap_overnight_highspeed_fixed_grid,BridgeFrontier_Tilt75_V55_A5,tilt_75_v_55_a_5,75,55,5,vinf_alpha_force_balance_v1,prop_fixed_flap_elevator,guide_V55_T75_Fm75_Rm250,,NaN,0,0,not_scored,Inf,Inf,,Inf,NaN,NaN,NaN,NaN,NaN,NaN,NaN,NaN,NaN,NaN,NaN,Error due to multiple causes.,NaN,NaN,0,0,,
newmap_overnight_highspeed_fixed_grid_direct_db,direct_vinf_alpha_force_balance_v1,newmap_overnight_highspeed_fixed_grid,BridgeFrontier_Tilt75_V55_A7p5,tilt_75_v_55_a_7p5,75,55,7.5,vinf_alpha_force_balance_v1,prop_fixed_flap_elevator,guide_V55_T75_Fm75_Rm250,,NaN,0,0,not_scored,Inf,Inf,,Inf,NaN,NaN,NaN,NaN,NaN,NaN,NaN,NaN,NaN,NaN,NaN,Error due to multiple causes.,NaN,NaN,0,0,,
newmap_overnight_highspeed_fixed_grid_direct_db,direct_vinf_alpha_force_balance_v1,newmap_overnight_highspeed_fixed_grid,BridgeFrontier_Tilt75_V55_A10,tilt_75_v_55_a_10,75,55,10,vinf_alpha_force_balance_v1,prop_fixed_flap_elevator,guide_V55_T75_Fm75_Rm250,,NaN,0,0,not_scored,Inf,Inf,,Inf,NaN,NaN,NaN,NaN,NaN,NaN,NaN,NaN,NaN,NaN,NaN,Error due to multiple causes.,NaN,NaN,0,0,,
newmap_overnight_highspeed_fixed_grid_direct_db,direct_vinf_alpha_force_balance_v1,newmap_overnight_highspeed_fixed_grid,BridgeFrontier_Tilt75_V55_A12p5,tilt_75_v_55_a_12p5,75,55,12.5,vinf_alpha_force_balance_v1,prop_fixed_flap_elevator,guide_V55_T75_Fm75_Rm250,,NaN,0,0,not_scored,Inf,Inf,,Inf,NaN,NaN,NaN,NaN,NaN,NaN,NaN,NaN,NaN,NaN,NaN,Error due to multiple causes.,NaN,NaN,0,0,,
newmap_overnight_highspeed_fixed_grid_direct_db,direct_vinf_alpha_force_balance_v1,newmap_overnight_highspeed_fixed_grid,BridgeFrontier_Tilt80_V50_A0,tilt_80_v_50_a_0,80,50,0,vinf_alpha_force_balance_v1,prop_fixed_flap_elevator,guide_V50_T80_Fm75_Rm250,,NaN,0,0,not_scored,Inf,Inf,,Inf,NaN,NaN,NaN,NaN,NaN,NaN,NaN,NaN,NaN,NaN,NaN,Error due to multiple causes.,NaN,NaN,0,0,,
newmap_overnight_highspeed_fixed_grid_direct_db,direct_vinf_alpha_force_balance_v1,newmap_overnight_highspeed_fixed_grid,BridgeFrontier_Tilt80_V50_A10,tilt_80_v_50_a_10,80,50,10,vinf_alpha_force_balance_v1,prop_fixed_flap_elevator,guide_V50_T80_Fm75_Rm250,,NaN,0,0,not_scored,Inf,Inf,,Inf,NaN,NaN,NaN,NaN,NaN,NaN,NaN,NaN,NaN,NaN,NaN,Error due to multiple causes.,NaN,NaN,0,0,,
newmap_overnight_highspeed_fixed_grid_direct_db,direct_vinf_alpha_force_balance_v1,newmap_overnight_highspeed_fixed_grid,BridgeFrontier_Tilt80_V50_A12p5,tilt_80_v_50_a_12p5,80,50,12.5,vinf_alpha_force_balance_v1,prop_fixed_flap_elevator,guide_V50_T80_Fm75_Rm250,,NaN,0,0,not_scored,Inf,Inf,,Inf,NaN,NaN,NaN,NaN,NaN,NaN,NaN,NaN,NaN,NaN,NaN,Error due to multiple causes.,NaN,NaN,0,0,,
newmap_overnight_highspeed_fixed_grid_direct_db,direct_vinf_alpha_force_balance_v1,newmap_overnight_highspeed_fixed_grid,BridgeFrontier_Tilt75_V50_A0,tilt_75_v_50_a_0,75,50,0,vinf_alpha_force_balance_v1,prop_fixed_flap_elevator,guide_V50_T75_Fm75_Rm250,,NaN,0,0,not_scored,Inf,Inf,,Inf,NaN,NaN,NaN,NaN,NaN,NaN,NaN,NaN,NaN,NaN,NaN,Error due to multiple causes.,NaN,NaN,0,0,,
newmap_overnight_highspeed_fixed_grid_direct_db,direct_vinf_alpha_force_balance_v1,newmap_overnight_highspeed_fixed_grid,BridgeFrontier_Tilt75_V50_A10,tilt_75_v_50_a_10,75,50,10,vinf_alpha_force_balance_v1,prop_fixed_flap_elevator,guide_V50_T75_Fm75_Rm250,,NaN,0,0,not_scored,Inf,Inf,,Inf,NaN,NaN,NaN,NaN,NaN,NaN,NaN,NaN,NaN,NaN,NaN,Error due to multiple causes.,NaN,NaN,0,0,,
newmap_overnight_highspeed_fixed_grid_direct_db,direct_vinf_alpha_force_balance_v1,newmap_overnight_highspeed_fixed_grid,BridgeFrontier_Tilt75_V50_A12p5,tilt_75_v_50_a_12p5,75,50,12.5,vinf_alpha_force_balance_v1,prop_fixed_flap_elevator,guide_V50_T75_Fm75_Rm250,,NaN,0,0,not_scored,Inf,Inf,,Inf,NaN,NaN,NaN,NaN,NaN,NaN,NaN,NaN,NaN,NaN,NaN,Error due to multiple causes.,NaN,NaN,0,0,,
newmap_overnight_highspeed_fixed_grid_direct_db,direct_vinf_alpha_force_balance_v1,newmap_overnight_highspeed_fixed_grid,BridgeFrontier_Tilt70_V50_A2p5,tilt_70_v_50_a_2p5,70,50,2.5,vinf_alpha_force_balance_v1,prop_fixed_flap_elevator,guide_V50_T70_Fm75_Rm250,,NaN,0,0,not_scored,Inf,Inf,,Inf,NaN,NaN,NaN,NaN,NaN,NaN,NaN,NaN,NaN,NaN,NaN,Error due to multiple causes.,NaN,NaN,0,0,,
newmap_overnight_highspeed_fixed_grid_direct_db,direct_vinf_alpha_force_balance_v1,newmap_overnight_highspeed_fixed_grid,BridgeFrontier_Tilt70_V50_A10,tilt_70_v_50_a_10,70,50,10,vinf_alpha_force_balance_v1,prop_fixed_flap_elevator,guide_V50_T70_Fm75_Rm250,,NaN,0,0,not_scored,Inf,Inf,,Inf,NaN,NaN,NaN,NaN,NaN,NaN,NaN,NaN,NaN,NaN,NaN,Error due to multiple causes.,NaN,NaN,0,0,,
newmap_overnight_highspeed_fixed_grid_direct_db,direct_vinf_alpha_force_balance_v1,newmap_overnight_highspeed_fixed_grid,BridgeFrontier_Tilt70_V50_A12p5,tilt_70_v_50_a_12p5,70,50,12.5,vinf_alpha_force_balance_v1,prop_fixed_flap_elevator,guide_V50_T70_Fm75_Rm250,,NaN,0,0,not_scored,Inf,Inf,,Inf,NaN,NaN,NaN,NaN,NaN,NaN,NaN,NaN,NaN,NaN,NaN,Error due to multiple causes.,NaN,NaN,0,0,,
newmap_overnight_highspeed_fixed_grid_direct_db,direct_vinf_alpha_force_balance_v1,newmap_overnight_highspeed_fixed_grid,BridgeFrontier_Tilt75_V45_A0,tilt_75_v_45_a_0,75,45,0,vinf_alpha_force_balance_v1,prop_fixed_flap_elevator,guide_V45_T75_Fm75_Rm250,,NaN,0,0,not_scored,Inf,Inf,,Inf,NaN,NaN,NaN,NaN,NaN,NaN,NaN,NaN,NaN,NaN,NaN,Error due to multiple causes.,NaN,NaN,0,0,,
newmap_overnight_highspeed_fixed_grid_direct_db,direct_vinf_alpha_force_balance_v1,newmap_overnight_highspeed_fixed_grid,BridgeFrontier_Tilt75_V45_A2p5,tilt_75_v_45_a_2p5,75,45,2.5,vinf_alpha_force_balance_v1,prop_fixed_flap_elevator,guide_V45_T75_Fm75_Rm250,,NaN,0,0,not_scored,Inf,Inf,,Inf,NaN,NaN,NaN,NaN,NaN,NaN,NaN,NaN,NaN,NaN,NaN,Error due to multiple causes.,NaN,NaN,0,0,,
newmap_overnight_highspeed_fixed_grid_direct_db,direct_vinf_alpha_force_balance_v1,newmap_overnight_highspeed_fixed_grid,BridgeFrontier_Tilt75_V45_A5,tilt_75_v_45_a_5,75,45,5,vinf_alpha_force_balance_v1,prop_fixed_flap_elevator,guide_V45_T75_Fm75_Rm250,,NaN,0,0,not_scored,Inf,Inf,,Inf,NaN,NaN,NaN,NaN,NaN,NaN,NaN,NaN,NaN,NaN,NaN,Error due to multiple causes.,NaN,NaN,0,0,,
newmap_overnight_highspeed_fixed_grid_direct_db,direct_vinf_alpha_force_balance_v1,newmap_overnight_highspeed_fixed_grid,BridgeFrontier_Tilt75_V45_A10,tilt_75_v_45_a_10,75,45,10,vinf_alpha_force_balance_v1,prop_fixed_flap_elevator,guide_V45_T75_Fm75_Rm250,,NaN,0,0,not_scored,Inf,Inf,,Inf,NaN,NaN,NaN,NaN,NaN,NaN,NaN,NaN,NaN,NaN,NaN,Error due to multiple causes.,NaN,NaN,0,0,,
newmap_overnight_highspeed_fixed_grid_direct_db,direct_vinf_alpha_force_balance_v1,newmap_overnight_highspeed_fixed_grid,BridgeFrontier_Tilt75_V45_A12p5,tilt_75_v_45_a_12p5,75,45,12.5,vinf_alpha_force_balance_v1,prop_fixed_flap_elevator,guide_V45_T75_Fm75_Rm250,,NaN,0,0,not_scored,Inf,Inf,,Inf,NaN,NaN,NaN,NaN,NaN,NaN,NaN,NaN,NaN,NaN,NaN,Error due to multiple causes.,NaN,NaN,0,0,,
newmap_overnight_highspeed_fixed_grid_direct_db,direct_vinf_alpha_force_balance_v1,newmap_overnight_highspeed_fixed_grid,BridgeFrontier_Tilt70_V45_A0,tilt_70_v_45_a_0,70,45,0,vinf_alpha_force_balance_v1,prop_fixed_flap_elevator,guide_V45_T70_Fm75_Rm250,,NaN,0,0,not_scored,Inf,Inf,,Inf,NaN,NaN,NaN,NaN,NaN,NaN,NaN,NaN,NaN,NaN,NaN,Error due to multiple causes.,NaN,NaN,0,0,,
newmap_overnight_highspeed_fixed_grid_direct_db,direct_vinf_alpha_force_balance_v1,newmap_overnight_highspeed_fixed_grid,BridgeFrontier_Tilt70_V45_A7p5,tilt_70_v_45_a_7p5,70,45,7.5,vinf_alpha_force_balance_v1,prop_fixed_flap_elevator,guide_V45_T70_Fm75_Rm250,,NaN,0,0,not_scored,Inf,Inf,,Inf,NaN,NaN,NaN,NaN,NaN,NaN,NaN,NaN,NaN,NaN,NaN,Error due to multiple causes.,NaN,NaN,0,0,,
newmap_overnight_highspeed_fixed_grid_direct_db,direct_vinf_alpha_force_balance_v1,newmap_overnight_highspeed_fixed_grid,BridgeFrontier_Tilt70_V45_A10,tilt_70_v_45_a_10,70,45,10,vinf_alpha_force_balance_v1,prop_fixed_flap_elevator,guide_V45_T70_Fm75_Rm250,,NaN,0,0,not_scored,Inf,Inf,,Inf,NaN,NaN,NaN,NaN,NaN,NaN,NaN,NaN,NaN,NaN,NaN,Error due to multiple causes.,NaN,NaN,0,0,,
newmap_overnight_highspeed_fixed_grid_direct_db,direct_vinf_alpha_force_balance_v1,newmap_overnight_highspeed_fixed_grid,BridgeFrontier_Tilt70_V45_A12p5,tilt_70_v_45_a_12p5,70,45,12.5,vinf_alpha_force_balance_v1,prop_fixed_flap_elevator,guide_V45_T70_Fm75_Rm250,,NaN,0,0,not_scored,Inf,Inf,,Inf,NaN,NaN,NaN,NaN,NaN,NaN,NaN,NaN,NaN,NaN,NaN,Error due to multiple causes.,NaN,NaN,0,0,,
newmap_overnight_highspeed_fixed_grid_direct_db,direct_vinf_alpha_force_balance_v1,newmap_overnight_highspeed_fixed_grid,BridgeFrontier_Tilt75_V40_A0,tilt_75_v_40_a_0,75,40,0,vinf_alpha_force_balance_v1,prop_fixed_flap_elevator,guide_V40_T75_Fm75_Rm250,,NaN,0,0,not_scored,Inf,Inf,,Inf,NaN,NaN,NaN,NaN,NaN,NaN,NaN,NaN,NaN,NaN,NaN,Error due to multiple causes.,NaN,NaN,0,0,,
newmap_overnight_highspeed_fixed_grid_direct_db,direct_vinf_alpha_force_balance_v1,newmap_overnight_highspeed_fixed_grid,BridgeFrontier_Tilt75_V40_A5,tilt_75_v_40_a_5,75,40,5,vinf_alpha_force_balance_v1,prop_fixed_flap_elevator,guide_V40_T75_Fm75_Rm250,,NaN,0,0,not_scored,Inf,Inf,,Inf,NaN,NaN,NaN,NaN,NaN,NaN,NaN,NaN,NaN,NaN,NaN,Error due to multiple causes.,NaN,NaN,0,0,,
newmap_overnight_highspeed_fixed_grid_direct_db,direct_vinf_alpha_force_balance_v1,newmap_overnight_highspeed_fixed_grid,BridgeFrontier_Tilt75_V40_A10,tilt_75_v_40_a_10,75,40,10,vinf_alpha_force_balance_v1,prop_fixed_flap_elevator,guide_V40_T75_Fm75_Rm250,,NaN,0,0,not_scored,Inf,Inf,,Inf,NaN,NaN,NaN,NaN,NaN,NaN,NaN,NaN,NaN,NaN,NaN,Error due to multiple causes.,NaN,NaN,0,0,,
newmap_overnight_highspeed_fixed_grid_direct_db,direct_vinf_alpha_force_balance_v1,newmap_overnight_highspeed_fixed_grid,BridgeFrontier_Tilt75_V40_A12p5,tilt_75_v_40_a_12p5,75,40,12.5,vinf_alpha_force_balance_v1,prop_fixed_flap_elevator,guide_V40_T75_Fm75_Rm250,,NaN,0,0,not_scored,Inf,Inf,,Inf,NaN,NaN,NaN,NaN,NaN,NaN,NaN,NaN,NaN,NaN,NaN,Error due to multiple causes.,NaN,NaN,0,0,,
newmap_overnight_highspeed_fixed_grid_direct_db,direct_vinf_alpha_force_balance_v1,newmap_overnight_highspeed_fixed_grid,BridgeFrontier_Tilt65_V45_A0,tilt_65_v_45_a_0,65,45,0,vinf_alpha_force_balance_v1,prop_fixed_flap_elevator,guide_V45_T65_Fm75_Rm250,,NaN,0,0,not_scored,Inf,Inf,,Inf,NaN,NaN,NaN,NaN,NaN,NaN,NaN,NaN,NaN,NaN,NaN,Error due to multiple causes.,NaN,NaN,0,0,,
newmap_overnight_highspeed_fixed_grid_direct_db,direct_vinf_alpha_force_balance_v1,newmap_overnight_highspeed_fixed_grid,BridgeFrontier_Tilt65_V45_A2p5,tilt_65_v_45_a_2p5,65,45,2.5,vinf_alpha_force_balance_v1,prop_fixed_flap_elevator,guide_V45_T65_Fm75_Rm250,,NaN,0,0,not_scored,Inf,Inf,,Inf,NaN,NaN,NaN,NaN,NaN,NaN,NaN,NaN,NaN,NaN,NaN,Error due to multiple causes.,NaN,NaN,0,0,,
newmap_overnight_highspeed_fixed_grid_direct_db,direct_vinf_alpha_force_balance_v1,newmap_overnight_highspeed_fixed_grid,BridgeFrontier_Tilt65_V45_A10,tilt_65_v_45_a_10,65,45,10,vinf_alpha_force_balance_v1,prop_fixed_flap_elevator,guide_V45_T65_Fm75_Rm250,,NaN,0,0,not_scored,Inf,Inf,,Inf,NaN,NaN,NaN,NaN,NaN,NaN,NaN,NaN,NaN,NaN,NaN,Error due to multiple causes.,NaN,NaN,0,0,,
newmap_overnight_highspeed_fixed_grid_direct_db,direct_vinf_alpha_force_balance_v1,newmap_overnight_highspeed_fixed_grid,BridgeFrontier_Tilt65_V45_A12p5,tilt_65_v_45_a_12p5,65,45,12.5,vinf_alpha_force_balance_v1,prop_fixed_flap_elevator,guide_V45_T65_Fm75_Rm250,,NaN,0,0,not_scored,Inf,Inf,,Inf,NaN,NaN,NaN,NaN,NaN,NaN,NaN,NaN,NaN,NaN,NaN,Error due to multiple causes.,NaN,NaN,0,0,,
newmap_overnight_highspeed_fixed_grid_direct_db,direct_vinf_alpha_force_balance_v1,newmap_overnight_highspeed_fixed_grid,BridgeFrontier_Tilt70_V40_A0,tilt_70_v_40_a_0,70,40,0,vinf_alpha_force_balance_v1,prop_fixed_flap_elevator,guide_V40_T70_Fm75_Rm250,,NaN,0,0,not_scored,Inf,Inf,,Inf,NaN,NaN,NaN,NaN,NaN,NaN,NaN,NaN,NaN,NaN,NaN,Error due to multiple causes.,NaN,NaN,0,0,,
newmap_overnight_highspeed_fixed_grid_direct_db,direct_vinf_alpha_force_balance_v1,newmap_overnight_highspeed_fixed_grid,BridgeFrontier_Tilt70_V40_A2p5,tilt_70_v_40_a_2p5,70,40,2.5,vinf_alpha_force_balance_v1,prop_fixed_flap_elevator,guide_V40_T70_Fm75_Rm250,,NaN,0,0,not_scored,Inf,Inf,,Inf,NaN,NaN,NaN,NaN,NaN,NaN,NaN,NaN,NaN,NaN,NaN,Error due to multiple causes.,NaN,NaN,0,0,,
newmap_overnight_highspeed_fixed_grid_direct_db,direct_vinf_alpha_force_balance_v1,newmap_overnight_highspeed_fixed_grid,BridgeFrontier_Tilt70_V40_A5,tilt_70_v_40_a_5,70,40,5,vinf_alpha_force_balance_v1,prop_fixed_flap_elevator,guide_V40_T70_Fm75_Rm250,,NaN,0,0,not_scored,Inf,Inf,,Inf,NaN,NaN,NaN,NaN,NaN,NaN,NaN,NaN,NaN,NaN,NaN,Error due to multiple causes.,NaN,NaN,0,0,,
newmap_overnight_highspeed_fixed_grid_direct_db,direct_vinf_alpha_force_balance_v1,newmap_overnight_highspeed_fixed_grid,BridgeFrontier_Tilt65_V40_A0,tilt_65_v_40_a_0,65,40,0,vinf_alpha_force_balance_v1,prop_fixed_flap_elevator,guide_V40_T65_Fm75_Rm250,,NaN,0,0,not_scored,Inf,Inf,,Inf,NaN,NaN,NaN,NaN,NaN,NaN,NaN,NaN,NaN,NaN,NaN,Error due to multiple causes.,NaN,NaN,0,0,,
newmap_overnight_highspeed_fixed_grid_direct_db,direct_vinf_alpha_force_balance_v1,newmap_overnight_highspeed_fixed_grid,BridgeFrontier_Tilt65_V40_A2p5,tilt_65_v_40_a_2p5,65,40,2.5,vinf_alpha_force_balance_v1,prop_fixed_flap_elevator,guide_V40_T65_Fm75_Rm250,,NaN,0,0,not_scored,Inf,Inf,,Inf,NaN,NaN,NaN,NaN,NaN,NaN,NaN,NaN,NaN,NaN,NaN,Error due to multiple causes.,NaN,NaN,0,0,,
newmap_overnight_highspeed_fixed_grid_direct_db,direct_vinf_alpha_force_balance_v1,newmap_overnight_highspeed_fixed_grid,BridgeFrontier_Tilt65_V40_A5,tilt_65_v_40_a_5,65,40,5,vinf_alpha_force_balance_v1,prop_fixed_flap_elevator,guide_V40_T65_Fm75_Rm250,,NaN,0,0,not_scored,Inf,Inf,,Inf,NaN,NaN,NaN,NaN,NaN,NaN,NaN,NaN,NaN,NaN,NaN,Error due to multiple causes.,NaN,NaN,0,0,,
newmap_overnight_highspeed_fixed_grid_direct_db,direct_vinf_alpha_force_balance_v1,newmap_overnight_highspeed_fixed_grid,BridgeFrontier_Tilt65_V40_A7p5,tilt_65_v_40_a_7p5,65,40,7.5,vinf_alpha_force_balance_v1,prop_fixed_flap_elevator,guide_V40_T65_Fm75_Rm250,,NaN,0,0,not_scored,Inf,Inf,,Inf,NaN,NaN,NaN,NaN,NaN,NaN,NaN,NaN,NaN,NaN,NaN,Error due to multiple causes.,NaN,NaN,0,0,,
newmap_overnight_highspeed_fixed_grid_direct_db,direct_vinf_alpha_force_balance_v1,newmap_overnight_highspeed_fixed_grid,BridgeFrontier_Tilt65_V40_A10,tilt_65_v_40_a_10,65,40,10,vinf_alpha_force_balance_v1,prop_fixed_flap_elevator,guide_V40_T65_Fm75_Rm250,,NaN,0,0,not_scored,Inf,Inf,,Inf,NaN,NaN,NaN,NaN,NaN,NaN,NaN,NaN,NaN,NaN,NaN,Error due to multiple causes.,NaN,NaN,0,0,,
newmap_overnight_highspeed_fixed_grid_direct_db,direct_vinf_alpha_force_balance_v1,newmap_overnight_highspeed_fixed_grid,BridgeFrontier_Tilt60_V40_A7p5,tilt_60_v_40_a_7p5,60,40,7.5,vinf_alpha_force_balance_v1,prop_fixed_flap_elevator,guide_V40_T60_Fm75_Rm250,,NaN,0,0,not_scored,Inf,Inf,,Inf,NaN,NaN,NaN,NaN,NaN,NaN,NaN,NaN,NaN,NaN,NaN,Error due to multiple causes.,NaN,NaN,0,0,,
newmap_overnight_highspeed_fixed_grid_direct_db,direct_vinf_alpha_force_balance_v1,newmap_overnight_highspeed_fixed_grid,BridgeFrontier_Tilt60_V40_A10,tilt_60_v_40_a_10,60,40,10,vinf_alpha_force_balance_v1,prop_fixed_flap_elevator,guide_V40_T60_Fm75_Rm250,,NaN,0,0,not_scored,Inf,Inf,,Inf,NaN,NaN,NaN,NaN,NaN,NaN,NaN,NaN,NaN,NaN,NaN,Error due to multiple causes.,NaN,NaN,0,0,,
newmap_overnight_highspeed_fixed_grid_direct_db,direct_vinf_alpha_force_balance_v1,newmap_overnight_highspeed_fixed_grid,BridgeFrontier_Tilt60_V40_A12p5,tilt_60_v_40_a_12p5,60,40,12.5,vinf_alpha_force_balance_v1,prop_fixed_flap_elevator,guide_V40_T60_Fm75_Rm250,,NaN,0,0,not_scored,Inf,Inf,,Inf,NaN,NaN,NaN,NaN,NaN,NaN,NaN,NaN,NaN,NaN,NaN,Error due to multiple causes.,NaN,NaN,0,0,,
newmap_overnight_highspeed_fixed_grid_direct_db,direct_vinf_alpha_force_balance_v1,newmap_overnight_highspeed_fixed_grid,BridgeFrontier_Tilt95_V65_A0,tilt_95_v_65_a_0,95,65,0,vinf_alpha_force_balance_v1,prop_fixed_flap_elevator,guide_V65_T95_Fm75_Rm250,,NaN,0,0,not_scored,Inf,Inf,,Inf,NaN,NaN,NaN,NaN,NaN,NaN,NaN,NaN,NaN,NaN,NaN,Error due to multiple causes.,NaN,NaN,0,0,,
newmap_overnight_highspeed_fixed_grid_direct_db,direct_vinf_alpha_force_balance_v1,newmap_overnight_highspeed_fixed_grid,BridgeFrontier_Tilt95_V65_A2p5,tilt_95_v_65_a_2p5,95,65,2.5,vinf_alpha_force_balance_v1,prop_fixed_flap_elevator,guide_V65_T95_Fm75_Rm250,,NaN,0,0,not_scored,Inf,Inf,,Inf,NaN,NaN,NaN,NaN,NaN,NaN,NaN,NaN,NaN,NaN,NaN,Error due to multiple causes.,NaN,NaN,0,0,,
newmap_overnight_highspeed_fixed_grid_direct_db,direct_vinf_alpha_force_balance_v1,newmap_overnight_highspeed_fixed_grid,BridgeFrontier_Tilt95_V65_A5,tilt_95_v_65_a_5,95,65,5,vinf_alpha_force_balance_v1,prop_fixed_flap_elevator,guide_V65_T95_Fm75_Rm250,,NaN,0,0,not_scored,Inf,Inf,,Inf,NaN,NaN,NaN,NaN,NaN,NaN,NaN,NaN,NaN,NaN,NaN,Error due to multiple causes.,NaN,NaN,0,0,,
newmap_overnight_highspeed_fixed_grid_direct_db,direct_vinf_alpha_force_balance_v1,newmap_overnight_highspeed_fixed_grid,BridgeFrontier_Tilt95_V65_A7p5,tilt_95_v_65_a_7p5,95,65,7.5,vinf_alpha_force_balance_v1,prop_fixed_flap_elevator,guide_V65_T95_Fm75_Rm250,,NaN,0,0,not_scored,Inf,Inf,,Inf,NaN,NaN,NaN,NaN,NaN,NaN,NaN,NaN,NaN,NaN,NaN,Error due to multiple causes.,NaN,NaN,0,0,,
newmap_overnight_highspeed_fixed_grid_direct_db,direct_vinf_alpha_force_balance_v1,newmap_overnight_highspeed_fixed_grid,BridgeFrontier_Tilt95_V65_A10,tilt_95_v_65_a_10,95,65,10,vinf_alpha_force_balance_v1,prop_fixed_flap_elevator,guide_V65_T95_Fm75_Rm250,,NaN,0,0,not_scored,Inf,Inf,,Inf,NaN,NaN,NaN,NaN,NaN,NaN,NaN,NaN,NaN,NaN,NaN,Error due to multiple causes.,NaN,NaN,0,0,,
newmap_overnight_highspeed_fixed_grid_direct_db,direct_vinf_alpha_force_balance_v1,newmap_overnight_highspeed_fixed_grid,BridgeFrontier_Tilt95_V65_A12p5,tilt_95_v_65_a_12p5,95,65,12.5,vinf_alpha_force_balance_v1,prop_fixed_flap_elevator,guide_V65_T95_Fm75_Rm250,,NaN,0,0,not_scored,Inf,Inf,,Inf,NaN,NaN,NaN,NaN,NaN,NaN,NaN,NaN,NaN,NaN,NaN,Error due to multiple causes.,NaN,NaN,0,0,,
newmap_overnight_highspeed_fixed_grid_direct_db,direct_vinf_alpha_force_balance_v1,newmap_overnight_highspeed_fixed_grid,BridgeFrontier_Tilt70_V55_A0,tilt_70_v_55_a_0,70,55,0,vinf_alpha_force_balance_v1,prop_fixed_flap_elevator,guide_V55_T70_Fm75_Rm250,,NaN,0,0,not_scored,Inf,Inf,,Inf,NaN,NaN,NaN,NaN,NaN,NaN,NaN,NaN,NaN,NaN,NaN,Error due to multiple causes.,NaN,NaN,0,0,,
newmap_overnight_highspeed_fixed_grid_direct_db,direct_vinf_alpha_force_balance_v1,newmap_overnight_highspeed_fixed_grid,BridgeFrontier_Tilt70_V55_A2p5,tilt_70_v_55_a_2p5,70,55,2.5,vinf_alpha_force_balance_v1,prop_fixed_flap_elevator,guide_V55_T70_Fm75_Rm250,,NaN,0,0,not_scored,Inf,Inf,,Inf,NaN,NaN,NaN,NaN,NaN,NaN,NaN,NaN,NaN,NaN,NaN,Error due to multiple causes.,NaN,NaN,0,0,,
newmap_overnight_highspeed_fixed_grid_direct_db,direct_vinf_alpha_force_balance_v1,newmap_overnight_highspeed_fixed_grid,BridgeFrontier_Tilt70_V55_A5,tilt_70_v_55_a_5,70,55,5,vinf_alpha_force_balance_v1,prop_fixed_flap_elevator,guide_V55_T70_Fm75_Rm250,,NaN,0,0,not_scored,Inf,Inf,,Inf,NaN,NaN,NaN,NaN,NaN,NaN,NaN,NaN,NaN,NaN,NaN,Error due to multiple causes.,NaN,NaN,0,0,,
newmap_overnight_highspeed_fixed_grid_direct_db,direct_vinf_alpha_force_balance_v1,newmap_overnight_highspeed_fixed_grid,BridgeFrontier_Tilt70_V55_A7p5,tilt_70_v_55_a_7p5,70,55,7.5,vinf_alpha_force_balance_v1,prop_fixed_flap_elevator,guide_V55_T70_Fm75_Rm250,,NaN,0,0,not_scored,Inf,Inf,,Inf,NaN,NaN,NaN,NaN,NaN,NaN,NaN,NaN,NaN,NaN,NaN,Error due to multiple causes.,NaN,NaN,0,0,,
newmap_overnight_highspeed_fixed_grid_direct_db,direct_vinf_alpha_force_balance_v1,newmap_overnight_highspeed_fixed_grid,BridgeFrontier_Tilt70_V55_A10,tilt_70_v_55_a_10,70,55,10,vinf_alpha_force_balance_v1,prop_fixed_flap_elevator,guide_V55_T70_Fm75_Rm250,,NaN,0,0,not_scored,Inf,Inf,,Inf,NaN,NaN,NaN,NaN,NaN,NaN,NaN,NaN,NaN,NaN,NaN,Error due to multiple causes.,NaN,NaN,0,0,,
newmap_overnight_highspeed_fixed_grid_direct_db,direct_vinf_alpha_force_balance_v1,newmap_overnight_highspeed_fixed_grid,BridgeFrontier_Tilt70_V55_A12p5,tilt_70_v_55_a_12p5,70,55,12.5,vinf_alpha_force_balance_v1,prop_fixed_flap_elevator,guide_V55_T70_Fm75_Rm250,,NaN,0,0,not_scored,Inf,Inf,,Inf,NaN,NaN,NaN,NaN,NaN,NaN,NaN,NaN,NaN,NaN,NaN,Error due to multiple causes.,NaN,NaN,0,0,,
newmap_overnight_highspeed_fixed_grid_direct_db,direct_vinf_alpha_force_balance_v1,newmap_overnight_highspeed_fixed_grid,BridgeFrontier_Tilt90_V75_A0,tilt_90_v_75_a_0,90,75,0,vinf_alpha_force_balance_v1,prop_fixed_flap_elevator,guide_V75_T90_Fm75_Rm250,,NaN,0,0,not_scored,Inf,Inf,,Inf,NaN,NaN,NaN,NaN,NaN,NaN,NaN,NaN,NaN,NaN,NaN,Error due to multiple causes.,NaN,NaN,0,0,,
newmap_overnight_highspeed_fixed_grid_direct_db,direct_vinf_alpha_force_balance_v1,newmap_overnight_highspeed_fixed_grid,BridgeFrontier_Tilt90_V75_A2p5,tilt_90_v_75_a_2p5,90,75,2.5,vinf_alpha_force_balance_v1,prop_fixed_flap_elevator,guide_V75_T90_Fm75_Rm250,,NaN,0,0,not_scored,Inf,Inf,,Inf,NaN,NaN,NaN,NaN,NaN,NaN,NaN,NaN,NaN,NaN,NaN,Error due to multiple causes.,NaN,NaN,0,0,,
newmap_overnight_highspeed_fixed_grid_direct_db,direct_vinf_alpha_force_balance_v1,newmap_overnight_highspeed_fixed_grid,BridgeFrontier_Tilt90_V75_A5,tilt_90_v_75_a_5,90,75,5,vinf_alpha_force_balance_v1,prop_fixed_flap_elevator,guide_V75_T90_Fm75_Rm250,,NaN,0,0,not_scored,Inf,Inf,,Inf,NaN,NaN,NaN,NaN,NaN,NaN,NaN,NaN,NaN,NaN,NaN,Error due to multiple causes.,NaN,NaN,0,0,,
newmap_overnight_highspeed_fixed_grid_direct_db,direct_vinf_alpha_force_balance_v1,newmap_overnight_highspeed_fixed_grid,BridgeFrontier_Tilt90_V75_A7p5,tilt_90_v_75_a_7p5,90,75,7.5,vinf_alpha_force_balance_v1,prop_fixed_flap_elevator,guide_V75_T90_Fm75_Rm250,,NaN,0,0,not_scored,Inf,Inf,,Inf,NaN,NaN,NaN,NaN,NaN,NaN,NaN,NaN,NaN,NaN,NaN,Error due to multiple causes.,NaN,NaN,0,0,,
newmap_overnight_highspeed_fixed_grid_direct_db,direct_vinf_alpha_force_balance_v1,newmap_overnight_highspeed_fixed_grid,BridgeFrontier_Tilt90_V75_A10,tilt_90_v_75_a_10,90,75,10,vinf_alpha_force_balance_v1,prop_fixed_flap_elevator,guide_V75_T90_Fm75_Rm250,,NaN,0,0,not_scored,Inf,Inf,,Inf,NaN,NaN,NaN,NaN,NaN,NaN,NaN,NaN,NaN,NaN,NaN,Error due to multiple causes.,NaN,NaN,0,0,,
newmap_overnight_highspeed_fixed_grid_direct_db,direct_vinf_alpha_force_balance_v1,newmap_overnight_highspeed_fixed_grid,BridgeFrontier_Tilt90_V75_A12p5,tilt_90_v_75_a_12p5,90,75,12.5,vinf_alpha_force_balance_v1,prop_fixed_flap_elevator,guide_V75_T90_Fm75_Rm250,,NaN,0,0,not_scored,Inf,Inf,,Inf,NaN,NaN,NaN,NaN,NaN,NaN,NaN,NaN,NaN,NaN,NaN,Error due to multiple causes.,NaN,NaN,0,0,,
newmap_overnight_highspeed_fixed_grid_direct_db,direct_vinf_alpha_force_balance_v1,newmap_overnight_highspeed_fixed_grid,BridgeFrontier_Tilt85_V75_A0,tilt_85_v_75_a_0,85,75,0,vinf_alpha_force_balance_v1,prop_fixed_flap_elevator,guide_V75_T85_Fm75_Rm250,,NaN,0,0,not_scored,Inf,Inf,,Inf,NaN,NaN,NaN,NaN,NaN,NaN,NaN,NaN,NaN,NaN,NaN,Error due to multiple causes.,NaN,NaN,0,0,,
newmap_overnight_highspeed_fixed_grid_direct_db,direct_vinf_alpha_force_balance_v1,newmap_overnight_highspeed_fixed_grid,BridgeFrontier_Tilt95_V75_A0,tilt_95_v_75_a_0,95,75,0,vinf_alpha_force_balance_v1,prop_fixed_flap_elevator,guide_V75_T95_Fm75_Rm250,,NaN,0,0,not_scored,Inf,Inf,,Inf,NaN,NaN,NaN,NaN,NaN,NaN,NaN,NaN,NaN,NaN,NaN,Error due to multiple causes.,NaN,NaN,0,0,,
newmap_overnight_highspeed_fixed_grid_direct_db,direct_vinf_alpha_force_balance_v1,newmap_overnight_highspeed_fixed_grid,BridgeFrontier_Tilt85_V75_A2p5,tilt_85_v_75_a_2p5,85,75,2.5,vinf_alpha_force_balance_v1,prop_fixed_flap_elevator,guide_V75_T85_Fm75_Rm250,,NaN,0,0,not_scored,Inf,Inf,,Inf,NaN,NaN,NaN,NaN,NaN,NaN,NaN,NaN,NaN,NaN,NaN,Error due to multiple causes.,NaN,NaN,0,0,,
newmap_overnight_highspeed_fixed_grid_direct_db,direct_vinf_alpha_force_balance_v1,newmap_overnight_highspeed_fixed_grid,BridgeFrontier_Tilt95_V75_A2p5,tilt_95_v_75_a_2p5,95,75,2.5,vinf_alpha_force_balance_v1,prop_fixed_flap_elevator,guide_V75_T95_Fm75_Rm250,,NaN,0,0,not_scored,Inf,Inf,,Inf,NaN,NaN,NaN,NaN,NaN,NaN,NaN,NaN,NaN,NaN,NaN,Error due to multiple causes.,NaN,NaN,0,0,,
newmap_overnight_highspeed_fixed_grid_direct_db,direct_vinf_alpha_force_balance_v1,newmap_overnight_highspeed_fixed_grid,BridgeFrontier_Tilt85_V75_A5,tilt_85_v_75_a_5,85,75,5,vinf_alpha_force_balance_v1,prop_fixed_flap_elevator,guide_V75_T85_Fm75_Rm250,,NaN,0,0,not_scored,Inf,Inf,,Inf,NaN,NaN,NaN,NaN,NaN,NaN,NaN,NaN,NaN,NaN,NaN,Error due to multiple causes.,NaN,NaN,0,0,,
newmap_overnight_highspeed_fixed_grid_direct_db,direct_vinf_alpha_force_balance_v1,newmap_overnight_highspeed_fixed_grid,BridgeFrontier_Tilt95_V75_A5,tilt_95_v_75_a_5,95,75,5,vinf_alpha_force_balance_v1,prop_fixed_flap_elevator,guide_V75_T95_Fm75_Rm250,,NaN,0,0,not_scored,Inf,Inf,,Inf,NaN,NaN,NaN,NaN,NaN,NaN,NaN,NaN,NaN,NaN,NaN,Error due to multiple causes.,NaN,NaN,0,0,,
newmap_overnight_highspeed_fixed_grid_direct_db,direct_vinf_alpha_force_balance_v1,newmap_overnight_highspeed_fixed_grid,BridgeFrontier_Tilt85_V75_A7p5,tilt_85_v_75_a_7p5,85,75,7.5,vinf_alpha_force_balance_v1,prop_fixed_flap_elevator,guide_V75_T85_Fm75_Rm250,,NaN,0,0,not_scored,Inf,Inf,,Inf,NaN,NaN,NaN,NaN,NaN,NaN,NaN,NaN,NaN,NaN,NaN,Error due to multiple causes.,NaN,NaN,0,0,,
newmap_overnight_highspeed_fixed_grid_direct_db,direct_vinf_alpha_force_balance_v1,newmap_overnight_highspeed_fixed_grid,BridgeFrontier_Tilt95_V75_A7p5,tilt_95_v_75_a_7p5,95,75,7.5,vinf_alpha_force_balance_v1,prop_fixed_flap_elevator,guide_V75_T95_Fm75_Rm250,,NaN,0,0,not_scored,Inf,Inf,,Inf,NaN,NaN,NaN,NaN,NaN,NaN,NaN,NaN,NaN,NaN,NaN,Error due to multiple causes.,NaN,NaN,0,0,,
newmap_overnight_highspeed_fixed_grid_direct_db,direct_vinf_alpha_force_balance_v1,newmap_overnight_highspeed_fixed_grid,BridgeFrontier_Tilt85_V75_A10,tilt_85_v_75_a_10,85,75,10,vinf_alpha_force_balance_v1,prop_fixed_flap_elevator,guide_V75_T85_Fm75_Rm250,,NaN,0,0,not_scored,Inf,Inf,,Inf,NaN,NaN,NaN,NaN,NaN,NaN,NaN,NaN,NaN,NaN,NaN,Error due to multiple causes.,NaN,NaN,0,0,,
newmap_overnight_highspeed_fixed_grid_direct_db,direct_vinf_alpha_force_balance_v1,newmap_overnight_highspeed_fixed_grid,BridgeFrontier_Tilt95_V75_A10,tilt_95_v_75_a_10,95,75,10,vinf_alpha_force_balance_v1,prop_fixed_flap_elevator,guide_V75_T95_Fm75_Rm250,,NaN,0,0,not_scored,Inf,Inf,,Inf,NaN,NaN,NaN,NaN,NaN,NaN,NaN,NaN,NaN,NaN,NaN,Error due to multiple causes.,NaN,NaN,0,0,,
newmap_overnight_highspeed_fixed_grid_direct_db,direct_vinf_alpha_force_balance_v1,newmap_overnight_highspeed_fixed_grid,BridgeFrontier_Tilt85_V75_A12p5,tilt_85_v_75_a_12p5,85,75,12.5,vinf_alpha_force_balance_v1,prop_fixed_flap_elevator,guide_V75_T85_Fm75_Rm250,,NaN,0,0,not_scored,Inf,Inf,,Inf,NaN,NaN,NaN,NaN,NaN,NaN,NaN,NaN,NaN,NaN,NaN,Error due to multiple causes.,NaN,NaN,0,0,,
newmap_overnight_highspeed_fixed_grid_direct_db,direct_vinf_alpha_force_balance_v1,newmap_overnight_highspeed_fixed_grid,BridgeFrontier_Tilt95_V75_A12p5,tilt_95_v_75_a_12p5,95,75,12.5,vinf_alpha_force_balance_v1,prop_fixed_flap_elevator,guide_V75_T95_Fm75_Rm250,,NaN,0,0,not_scored,Inf,Inf,,Inf,NaN,NaN,NaN,NaN,NaN,NaN,NaN,NaN,NaN,NaN,NaN,Error due to multiple causes.,NaN,NaN,0,0,,
newmap_overnight_highspeed_fixed_grid_direct_db,direct_vinf_alpha_force_balance_v1,newmap_overnight_highspeed_fixed_grid,BridgeFrontier_Tilt80_V75_A0,tilt_80_v_75_a_0,80,75,0,vinf_alpha_force_balance_v1,prop_fixed_flap_elevator,guide_V75_T80_Fm75_Rm250,,NaN,0,0,not_scored,Inf,Inf,,Inf,NaN,NaN,NaN,NaN,NaN,NaN,NaN,NaN,NaN,NaN,NaN,Error due to multiple causes.,NaN,NaN,0,0,,
newmap_overnight_highspeed_fixed_grid_direct_db,direct_vinf_alpha_force_balance_v1,newmap_overnight_highspeed_fixed_grid,BridgeFrontier_Tilt95_V60_A0,tilt_95_v_60_a_0,95,60,0,vinf_alpha_force_balance_v1,prop_fixed_flap_elevator,guide_V60_T95_Fm75_Rm250,,NaN,0,0,not_scored,Inf,Inf,,Inf,NaN,NaN,NaN,NaN,NaN,NaN,NaN,NaN,NaN,NaN,NaN,Error due to multiple causes.,NaN,NaN,0,0,,
newmap_overnight_highspeed_fixed_grid_direct_db,direct_vinf_alpha_force_balance_v1,newmap_overnight_highspeed_fixed_grid,BridgeFrontier_Tilt80_V75_A2p5,tilt_80_v_75_a_2p5,80,75,2.5,vinf_alpha_force_balance_v1,prop_fixed_flap_elevator,guide_V75_T80_Fm75_Rm250,,NaN,0,0,not_scored,Inf,Inf,,Inf,NaN,NaN,NaN,NaN,NaN,NaN,NaN,NaN,NaN,NaN,NaN,Error due to multiple causes.,NaN,NaN,0,0,,
newmap_overnight_highspeed_fixed_grid_direct_db,direct_vinf_alpha_force_balance_v1,newmap_overnight_highspeed_fixed_grid,BridgeFrontier_Tilt95_V60_A2p5,tilt_95_v_60_a_2p5,95,60,2.5,vinf_alpha_force_balance_v1,prop_fixed_flap_elevator,guide_V60_T95_Fm75_Rm250,,NaN,0,0,not_scored,Inf,Inf,,Inf,NaN,NaN,NaN,NaN,NaN,NaN,NaN,NaN,NaN,NaN,NaN,Error due to multiple causes.,NaN,NaN,0,0,,
newmap_overnight_highspeed_fixed_grid_direct_db,direct_vinf_alpha_force_balance_v1,newmap_overnight_highspeed_fixed_grid,BridgeFrontier_Tilt80_V75_A5,tilt_80_v_75_a_5,80,75,5,vinf_alpha_force_balance_v1,prop_fixed_flap_elevator,guide_V75_T80_Fm75_Rm250,,NaN,0,0,not_scored,Inf,Inf,,Inf,NaN,NaN,NaN,NaN,NaN,NaN,NaN,NaN,NaN,NaN,NaN,Error due to multiple causes.,NaN,NaN,0,0,,
newmap_overnight_highspeed_fixed_grid_direct_db,direct_vinf_alpha_force_balance_v1,newmap_overnight_highspeed_fixed_grid,BridgeFrontier_Tilt95_V60_A5,tilt_95_v_60_a_5,95,60,5,vinf_alpha_force_balance_v1,prop_fixed_flap_elevator,guide_V60_T95_Fm75_Rm250,,NaN,0,0,not_scored,Inf,Inf,,Inf,NaN,NaN,NaN,NaN,NaN,NaN,NaN,NaN,NaN,NaN,NaN,Error due to multiple causes.,NaN,NaN,0,0,,
newmap_overnight_highspeed_fixed_grid_direct_db,direct_vinf_alpha_force_balance_v1,newmap_overnight_highspeed_fixed_grid,BridgeFrontier_Tilt80_V75_A7p5,tilt_80_v_75_a_7p5,80,75,7.5,vinf_alpha_force_balance_v1,prop_fixed_flap_elevator,guide_V75_T80_Fm75_Rm250,,NaN,0,0,not_scored,Inf,Inf,,Inf,NaN,NaN,NaN,NaN,NaN,NaN,NaN,NaN,NaN,NaN,NaN,Error due to multiple causes.,NaN,NaN,0,0,,
newmap_overnight_highspeed_fixed_grid_direct_db,direct_vinf_alpha_force_balance_v1,newmap_overnight_highspeed_fixed_grid,BridgeFrontier_Tilt95_V60_A7p5,tilt_95_v_60_a_7p5,95,60,7.5,vinf_alpha_force_balance_v1,prop_fixed_flap_elevator,guide_V60_T95_Fm75_Rm250,,NaN,0,0,not_scored,Inf,Inf,,Inf,NaN,NaN,NaN,NaN,NaN,NaN,NaN,NaN,NaN,NaN,NaN,Error due to multiple causes.,NaN,NaN,0,0,,
newmap_overnight_highspeed_fixed_grid_direct_db,direct_vinf_alpha_force_balance_v1,newmap_overnight_highspeed_fixed_grid,BridgeFrontier_Tilt80_V75_A10,tilt_80_v_75_a_10,80,75,10,vinf_alpha_force_balance_v1,prop_fixed_flap_elevator,guide_V75_T80_Fm75_Rm250,,NaN,0,0,not_scored,Inf,Inf,,Inf,NaN,NaN,NaN,NaN,NaN,NaN,NaN,NaN,NaN,NaN,NaN,Error due to multiple causes.,NaN,NaN,0,0,,
newmap_overnight_highspeed_fixed_grid_direct_db,direct_vinf_alpha_force_balance_v1,newmap_overnight_highspeed_fixed_grid,BridgeFrontier_Tilt95_V60_A10,tilt_95_v_60_a_10,95,60,10,vinf_alpha_force_balance_v1,prop_fixed_flap_elevator,guide_V60_T95_Fm75_Rm250,,NaN,0,0,not_scored,Inf,Inf,,Inf,NaN,NaN,NaN,NaN,NaN,NaN,NaN,NaN,NaN,NaN,NaN,Error due to multiple causes.,NaN,NaN,0,0,,
newmap_overnight_highspeed_fixed_grid_direct_db,direct_vinf_alpha_force_balance_v1,newmap_overnight_highspeed_fixed_grid,BridgeFrontier_Tilt80_V75_A12p5,tilt_80_v_75_a_12p5,80,75,12.5,vinf_alpha_force_balance_v1,prop_fixed_flap_elevator,guide_V75_T80_Fm75_Rm250,,NaN,0,0,not_scored,Inf,Inf,,Inf,NaN,NaN,NaN,NaN,NaN,NaN,NaN,NaN,NaN,NaN,NaN,Error due to multiple causes.,NaN,NaN,0,0,,
newmap_overnight_highspeed_fixed_grid_direct_db,direct_vinf_alpha_force_balance_v1,newmap_overnight_highspeed_fixed_grid,BridgeFrontier_Tilt95_V60_A12p5,tilt_95_v_60_a_12p5,95,60,12.5,vinf_alpha_force_balance_v1,prop_fixed_flap_elevator,guide_V60_T95_Fm75_Rm250,,NaN,0,0,not_scored,Inf,Inf,,Inf,NaN,NaN,NaN,NaN,NaN,NaN,NaN,NaN,NaN,NaN,NaN,Error due to multiple causes.,NaN,NaN,0,0,,
newmap_overnight_highspeed_fixed_grid_direct_db,direct_vinf_alpha_force_balance_v1,newmap_overnight_highspeed_fixed_grid,BridgeFrontier_Tilt75_V70_A0,tilt_75_v_70_a_0,75,70,0,vinf_alpha_force_balance_v1,prop_fixed_flap_elevator,guide_V70_T75_Fm75_Rm250,,NaN,0,0,not_scored,Inf,Inf,,Inf,NaN,NaN,NaN,NaN,NaN,NaN,NaN,NaN,NaN,NaN,NaN,Error due to multiple causes.,NaN,NaN,0,0,,
newmap_overnight_highspeed_fixed_grid_direct_db,direct_vinf_alpha_force_balance_v1,newmap_overnight_highspeed_fixed_grid,BridgeFrontier_Tilt75_V70_A2p5,tilt_75_v_70_a_2p5,75,70,2.5,vinf_alpha_force_balance_v1,prop_fixed_flap_elevator,guide_V70_T75_Fm75_Rm250,,NaN,0,0,not_scored,Inf,Inf,,Inf,NaN,NaN,NaN,NaN,NaN,NaN,NaN,NaN,NaN,NaN,NaN,Error due to multiple causes.,NaN,NaN,0,0,,
newmap_overnight_highspeed_fixed_grid_direct_db,direct_vinf_alpha_force_balance_v1,newmap_overnight_highspeed_fixed_grid,BridgeFrontier_Tilt75_V70_A5,tilt_75_v_70_a_5,75,70,5,vinf_alpha_force_balance_v1,prop_fixed_flap_elevator,guide_V70_T75_Fm75_Rm250,,NaN,0,0,not_scored,Inf,Inf,,Inf,NaN,NaN,NaN,NaN,NaN,NaN,NaN,NaN,NaN,NaN,NaN,Error due to multiple causes.,NaN,NaN,0,0,,
newmap_overnight_highspeed_fixed_grid_direct_db,direct_vinf_alpha_force_balance_v1,newmap_overnight_highspeed_fixed_grid,BridgeFrontier_Tilt75_V70_A7p5,tilt_75_v_70_a_7p5,75,70,7.5,vinf_alpha_force_balance_v1,prop_fixed_flap_elevator,guide_V70_T75_Fm75_Rm250,,NaN,0,0,not_scored,Inf,Inf,,Inf,NaN,NaN,NaN,NaN,NaN,NaN,NaN,NaN,NaN,NaN,NaN,Error due to multiple causes.,NaN,NaN,0,0,,
newmap_overnight_highspeed_fixed_grid_direct_db,direct_vinf_alpha_force_balance_v1,newmap_overnight_highspeed_fixed_grid,BridgeFrontier_Tilt75_V70_A10,tilt_75_v_70_a_10,75,70,10,vinf_alpha_force_balance_v1,prop_fixed_flap_elevator,guide_V70_T75_Fm75_Rm250,,NaN,0,0,not_scored,Inf,Inf,,Inf,NaN,NaN,NaN,NaN,NaN,NaN,NaN,NaN,NaN,NaN,NaN,Error due to multiple causes.,NaN,NaN,0,0,,
newmap_overnight_highspeed_fixed_grid_direct_db,direct_vinf_alpha_force_balance_v1,newmap_overnight_highspeed_fixed_grid,BridgeFrontier_Tilt75_V70_A12p5,tilt_75_v_70_a_12p5,75,70,12.5,vinf_alpha_force_balance_v1,prop_fixed_flap_elevator,guide_V70_T75_Fm75_Rm250,,NaN,0,0,not_scored,Inf,Inf,,Inf,NaN,NaN,NaN,NaN,NaN,NaN,NaN,NaN,NaN,NaN,NaN,Error due to multiple causes.,NaN,NaN,0,0,,
newmap_overnight_highspeed_fixed_grid_direct_db,direct_vinf_alpha_force_balance_v1,newmap_overnight_highspeed_fixed_grid,BridgeFrontier_Tilt95_V55_A0,tilt_95_v_55_a_0,95,55,0,vinf_alpha_force_balance_v1,prop_fixed_flap_elevator,guide_V55_T95_Fm75_Rm250,,NaN,0,0,not_scored,Inf,Inf,,Inf,NaN,NaN,NaN,NaN,NaN,NaN,NaN,NaN,NaN,NaN,NaN,Error due to multiple causes.,NaN,NaN,0,0,,
newmap_overnight_highspeed_fixed_grid_direct_db,direct_vinf_alpha_force_balance_v1,newmap_overnight_highspeed_fixed_grid,BridgeFrontier_Tilt95_V55_A2p5,tilt_95_v_55_a_2p5,95,55,2.5,vinf_alpha_force_balance_v1,prop_fixed_flap_elevator,guide_V55_T95_Fm75_Rm250,,NaN,0,0,not_scored,Inf,Inf,,Inf,NaN,NaN,NaN,NaN,NaN,NaN,NaN,NaN,NaN,NaN,NaN,Error due to multiple causes.,NaN,NaN,0,0,,
newmap_overnight_highspeed_fixed_grid_direct_db,direct_vinf_alpha_force_balance_v1,newmap_overnight_highspeed_fixed_grid,BridgeFrontier_Tilt95_V55_A5,tilt_95_v_55_a_5,95,55,5,vinf_alpha_force_balance_v1,prop_fixed_flap_elevator,guide_V55_T95_Fm75_Rm250,,NaN,0,0,not_scored,Inf,Inf,,Inf,NaN,NaN,NaN,NaN,NaN,NaN,NaN,NaN,NaN,NaN,NaN,Error due to multiple causes.,NaN,NaN,0,0,,
newmap_overnight_highspeed_fixed_grid_direct_db,direct_vinf_alpha_force_balance_v1,newmap_overnight_highspeed_fixed_grid,BridgeFrontier_Tilt95_V55_A7p5,tilt_95_v_55_a_7p5,95,55,7.5,vinf_alpha_force_balance_v1,prop_fixed_flap_elevator,guide_V55_T95_Fm75_Rm250,,NaN,0,0,not_scored,Inf,Inf,,Inf,NaN,NaN,NaN,NaN,NaN,NaN,NaN,NaN,NaN,NaN,NaN,Error due to multiple causes.,NaN,NaN,0,0,,
newmap_overnight_highspeed_fixed_grid_direct_db,direct_vinf_alpha_force_balance_v1,newmap_overnight_highspeed_fixed_grid,BridgeFrontier_Tilt95_V55_A10,tilt_95_v_55_a_10,95,55,10,vinf_alpha_force_balance_v1,prop_fixed_flap_elevator,guide_V55_T95_Fm75_Rm250,,NaN,0,0,not_scored,Inf,Inf,,Inf,NaN,NaN,NaN,NaN,NaN,NaN,NaN,NaN,NaN,NaN,NaN,Error due to multiple causes.,NaN,NaN,0,0,,
newmap_overnight_highspeed_fixed_grid_direct_db,direct_vinf_alpha_force_balance_v1,newmap_overnight_highspeed_fixed_grid,BridgeFrontier_Tilt95_V55_A12p5,tilt_95_v_55_a_12p5,95,55,12.5,vinf_alpha_force_balance_v1,prop_fixed_flap_elevator,guide_V55_T95_Fm75_Rm250,,NaN,0,0,not_scored,Inf,Inf,,Inf,NaN,NaN,NaN,NaN,NaN,NaN,NaN,NaN,NaN,NaN,NaN,Error due to multiple causes.,NaN,NaN,0,0,,
newmap_overnight_highspeed_fixed_grid_direct_db,direct_vinf_alpha_force_balance_v1,newmap_overnight_highspeed_fixed_grid,BridgeFrontier_Tilt90_V50_A0,tilt_90_v_50_a_0,90,50,0,vinf_alpha_force_balance_v1,prop_fixed_flap_elevator,guide_V50_T90_Fm75_Rm250,,NaN,0,0,not_scored,Inf,Inf,,Inf,NaN,NaN,NaN,NaN,NaN,NaN,NaN,NaN,NaN,NaN,NaN,Error due to multiple causes.,NaN,NaN,0,0,,
newmap_overnight_highspeed_fixed_grid_direct_db,direct_vinf_alpha_force_balance_v1,newmap_overnight_highspeed_fixed_grid,BridgeFrontier_Tilt90_V50_A2p5,tilt_90_v_50_a_2p5,90,50,2.5,vinf_alpha_force_balance_v1,prop_fixed_flap_elevator,guide_V50_T90_Fm75_Rm250,,NaN,0,0,not_scored,Inf,Inf,,Inf,NaN,NaN,NaN,NaN,NaN,NaN,NaN,NaN,NaN,NaN,NaN,Error due to multiple causes.,NaN,NaN,0,0,,
newmap_overnight_highspeed_fixed_grid_direct_db,direct_vinf_alpha_force_balance_v1,newmap_overnight_highspeed_fixed_grid,BridgeFrontier_Tilt90_V50_A5,tilt_90_v_50_a_5,90,50,5,vinf_alpha_force_balance_v1,prop_fixed_flap_elevator,guide_V50_T90_Fm75_Rm250,,NaN,0,0,not_scored,Inf,Inf,,Inf,NaN,NaN,NaN,NaN,NaN,NaN,NaN,NaN,NaN,NaN,NaN,Error due to multiple causes.,NaN,NaN,0,0,,
newmap_overnight_highspeed_fixed_grid_direct_db,direct_vinf_alpha_force_balance_v1,newmap_overnight_highspeed_fixed_grid,BridgeFrontier_Tilt90_V50_A7p5,tilt_90_v_50_a_7p5,90,50,7.5,vinf_alpha_force_balance_v1,prop_fixed_flap_elevator,guide_V50_T90_Fm75_Rm250,,NaN,0,0,not_scored,Inf,Inf,,Inf,NaN,NaN,NaN,NaN,NaN,NaN,NaN,NaN,NaN,NaN,NaN,Error due to multiple causes.,NaN,NaN,0,0,,
newmap_overnight_highspeed_fixed_grid_direct_db,direct_vinf_alpha_force_balance_v1,newmap_overnight_highspeed_fixed_grid,BridgeFrontier_Tilt90_V50_A10,tilt_90_v_50_a_10,90,50,10,vinf_alpha_force_balance_v1,prop_fixed_flap_elevator,guide_V50_T90_Fm75_Rm250,,NaN,0,0,not_scored,Inf,Inf,,Inf,NaN,NaN,NaN,NaN,NaN,NaN,NaN,NaN,NaN,NaN,NaN,Error due to multiple causes.,NaN,NaN,0,0,,
newmap_overnight_highspeed_fixed_grid_direct_db,direct_vinf_alpha_force_balance_v1,newmap_overnight_highspeed_fixed_grid,BridgeFrontier_Tilt70_V65_A0,tilt_70_v_65_a_0,70,65,0,vinf_alpha_force_balance_v1,prop_fixed_flap_elevator,guide_V65_T70_Fm75_Rm250,,NaN,0,0,not_scored,Inf,Inf,,Inf,NaN,NaN,NaN,NaN,NaN,NaN,NaN,NaN,NaN,NaN,NaN,Error due to multiple causes.,NaN,NaN,0,0,,
newmap_overnight_highspeed_fixed_grid_direct_db,direct_vinf_alpha_force_balance_v1,newmap_overnight_highspeed_fixed_grid,BridgeFrontier_Tilt90_V50_A12p5,tilt_90_v_50_a_12p5,90,50,12.5,vinf_alpha_force_balance_v1,prop_fixed_flap_elevator,guide_V50_T90_Fm75_Rm250,,NaN,0,0,not_scored,Inf,Inf,,Inf,NaN,NaN,NaN,NaN,NaN,NaN,NaN,NaN,NaN,NaN,NaN,Error due to multiple causes.,NaN,NaN,0,0,,
newmap_overnight_highspeed_fixed_grid_direct_db,direct_vinf_alpha_force_balance_v1,newmap_overnight_highspeed_fixed_grid,BridgeFrontier_Tilt70_V65_A2p5,tilt_70_v_65_a_2p5,70,65,2.5,vinf_alpha_force_balance_v1,prop_fixed_flap_elevator,guide_V65_T70_Fm75_Rm250,,NaN,0,0,not_scored,Inf,Inf,,Inf,NaN,NaN,NaN,NaN,NaN,NaN,NaN,NaN,NaN,NaN,NaN,Error due to multiple causes.,NaN,NaN,0,0,,
newmap_overnight_highspeed_fixed_grid_direct_db,direct_vinf_alpha_force_balance_v1,newmap_overnight_highspeed_fixed_grid,BridgeFrontier_Tilt70_V65_A5,tilt_70_v_65_a_5,70,65,5,vinf_alpha_force_balance_v1,prop_fixed_flap_elevator,guide_V65_T70_Fm75_Rm250,,NaN,0,0,not_scored,Inf,Inf,,Inf,NaN,NaN,NaN,NaN,NaN,NaN,NaN,NaN,NaN,NaN,NaN,Error due to multiple causes.,NaN,NaN,0,0,,
newmap_overnight_highspeed_fixed_grid_direct_db,direct_vinf_alpha_force_balance_v1,newmap_overnight_highspeed_fixed_grid,BridgeFrontier_Tilt70_V65_A7p5,tilt_70_v_65_a_7p5,70,65,7.5,vinf_alpha_force_balance_v1,prop_fixed_flap_elevator,guide_V65_T70_Fm75_Rm250,,NaN,0,0,not_scored,Inf,Inf,,Inf,NaN,NaN,NaN,NaN,NaN,NaN,NaN,NaN,NaN,NaN,NaN,Error due to multiple causes.,NaN,NaN,0,0,,
newmap_overnight_highspeed_fixed_grid_direct_db,direct_vinf_alpha_force_balance_v1,newmap_overnight_highspeed_fixed_grid,BridgeFrontier_Tilt70_V65_A10,tilt_70_v_65_a_10,70,65,10,vinf_alpha_force_balance_v1,prop_fixed_flap_elevator,guide_V65_T70_Fm75_Rm250,,NaN,0,0,not_scored,Inf,Inf,,Inf,NaN,NaN,NaN,NaN,NaN,NaN,NaN,NaN,NaN,NaN,NaN,Error due to multiple causes.,NaN,NaN,0,0,,
newmap_overnight_highspeed_fixed_grid_direct_db,direct_vinf_alpha_force_balance_v1,newmap_overnight_highspeed_fixed_grid,BridgeFrontier_Tilt70_V65_A12p5,tilt_70_v_65_a_12p5,70,65,12.5,vinf_alpha_force_balance_v1,prop_fixed_flap_elevator,guide_V65_T70_Fm75_Rm250,,NaN,0,0,not_scored,Inf,Inf,,Inf,NaN,NaN,NaN,NaN,NaN,NaN,NaN,NaN,NaN,NaN,NaN,Error due to multiple causes.,NaN,NaN,0,0,,
newmap_overnight_highspeed_fixed_grid_direct_db,direct_vinf_alpha_force_balance_v1,newmap_overnight_highspeed_fixed_grid,BridgeFrontier_Tilt70_V60_A0,tilt_70_v_60_a_0,70,60,0,vinf_alpha_force_balance_v1,prop_fixed_flap_elevator,guide_V60_T70_Fm75_Rm250,,NaN,0,0,not_scored,Inf,Inf,,Inf,NaN,NaN,NaN,NaN,NaN,NaN,NaN,NaN,NaN,NaN,NaN,Error due to multiple causes.,NaN,NaN,0,0,,
newmap_overnight_highspeed_fixed_grid_direct_db,direct_vinf_alpha_force_balance_v1,newmap_overnight_highspeed_fixed_grid,BridgeFrontier_Tilt70_V60_A2p5,tilt_70_v_60_a_2p5,70,60,2.5,vinf_alpha_force_balance_v1,prop_fixed_flap_elevator,guide_V60_T70_Fm75_Rm250,,NaN,0,0,not_scored,Inf,Inf,,Inf,NaN,NaN,NaN,NaN,NaN,NaN,NaN,NaN,NaN,NaN,NaN,Error due to multiple causes.,NaN,NaN,0,0,,
newmap_overnight_highspeed_fixed_grid_direct_db,direct_vinf_alpha_force_balance_v1,newmap_overnight_highspeed_fixed_grid,BridgeFrontier_Tilt70_V60_A5,tilt_70_v_60_a_5,70,60,5,vinf_alpha_force_balance_v1,prop_fixed_flap_elevator,guide_V60_T70_Fm75_Rm250,,NaN,0,0,not_scored,Inf,Inf,,Inf,NaN,NaN,NaN,NaN,NaN,NaN,NaN,NaN,NaN,NaN,NaN,Error due to multiple causes.,NaN,NaN,0,0,,
newmap_overnight_highspeed_fixed_grid_direct_db,direct_vinf_alpha_force_balance_v1,newmap_overnight_highspeed_fixed_grid,BridgeFrontier_Tilt70_V60_A7p5,tilt_70_v_60_a_7p5,70,60,7.5,vinf_alpha_force_balance_v1,prop_fixed_flap_elevator,guide_V60_T70_Fm75_Rm250,,NaN,0,0,not_scored,Inf,Inf,,Inf,NaN,NaN,NaN,NaN,NaN,NaN,NaN,NaN,NaN,NaN,NaN,Error due to multiple causes.,NaN,NaN,0,0,,
newmap_overnight_highspeed_fixed_grid_direct_db,direct_vinf_alpha_force_balance_v1,newmap_overnight_highspeed_fixed_grid,BridgeFrontier_Tilt70_V60_A10,tilt_70_v_60_a_10,70,60,10,vinf_alpha_force_balance_v1,prop_fixed_flap_elevator,guide_V60_T70_Fm75_Rm250,,NaN,0,0,not_scored,Inf,Inf,,Inf,NaN,NaN,NaN,NaN,NaN,NaN,NaN,NaN,NaN,NaN,NaN,Error due to multiple causes.,NaN,NaN,0,0,,
newmap_overnight_highspeed_fixed_grid_direct_db,direct_vinf_alpha_force_balance_v1,newmap_overnight_highspeed_fixed_grid,BridgeFrontier_Tilt70_V60_A12p5,tilt_70_v_60_a_12p5,70,60,12.5,vinf_alpha_force_balance_v1,prop_fixed_flap_elevator,guide_V60_T70_Fm75_Rm250,,NaN,0,0,not_scored,Inf,Inf,,Inf,NaN,NaN,NaN,NaN,NaN,NaN,NaN,NaN,NaN,NaN,NaN,Error due to multiple causes.,NaN,NaN,0,0,,
newmap_overnight_highspeed_fixed_grid_direct_db,direct_vinf_alpha_force_balance_v1,newmap_overnight_highspeed_fixed_grid,BridgeFrontier_Tilt85_V45_A0,tilt_85_v_45_a_0,85,45,0,vinf_alpha_force_balance_v1,prop_fixed_flap_elevator,guide_V45_T85_Fm75_Rm250,,NaN,0,0,not_scored,Inf,Inf,,Inf,NaN,NaN,NaN,NaN,NaN,NaN,NaN,NaN,NaN,NaN,NaN,Error due to multiple causes.,NaN,NaN,0,0,,
newmap_overnight_highspeed_fixed_grid_direct_db,direct_vinf_alpha_force_balance_v1,newmap_overnight_highspeed_fixed_grid,BridgeFrontier_Tilt85_V45_A2p5,tilt_85_v_45_a_2p5,85,45,2.5,vinf_alpha_force_balance_v1,prop_fixed_flap_elevator,guide_V45_T85_Fm75_Rm250,,NaN,0,0,not_scored,Inf,Inf,,Inf,NaN,NaN,NaN,NaN,NaN,NaN,NaN,NaN,NaN,NaN,NaN,Error due to multiple causes.,NaN,NaN,0,0,,
newmap_overnight_highspeed_fixed_grid_direct_db,direct_vinf_alpha_force_balance_v1,newmap_overnight_highspeed_fixed_grid,BridgeFrontier_Tilt85_V45_A5,tilt_85_v_45_a_5,85,45,5,vinf_alpha_force_balance_v1,prop_fixed_flap_elevator,guide_V45_T85_Fm75_Rm250,,NaN,0,0,not_scored,Inf,Inf,,Inf,NaN,NaN,NaN,NaN,NaN,NaN,NaN,NaN,NaN,NaN,NaN,Error due to multiple causes.,NaN,NaN,0,0,,
newmap_overnight_highspeed_fixed_grid_direct_db,direct_vinf_alpha_force_balance_v1,newmap_overnight_highspeed_fixed_grid,BridgeFrontier_Tilt85_V45_A7p5,tilt_85_v_45_a_7p5,85,45,7.5,vinf_alpha_force_balance_v1,prop_fixed_flap_elevator,guide_V45_T85_Fm75_Rm250,,NaN,0,0,not_scored,Inf,Inf,,Inf,NaN,NaN,NaN,NaN,NaN,NaN,NaN,NaN,NaN,NaN,NaN,Error due to multiple causes.,NaN,NaN,0,0,,
newmap_overnight_highspeed_fixed_grid_direct_db,direct_vinf_alpha_force_balance_v1,newmap_overnight_highspeed_fixed_grid,BridgeFrontier_Tilt85_V45_A10,tilt_85_v_45_a_10,85,45,10,vinf_alpha_force_balance_v1,prop_fixed_flap_elevator,guide_V45_T85_Fm75_Rm250,,NaN,0,0,not_scored,Inf,Inf,,Inf,NaN,NaN,NaN,NaN,NaN,NaN,NaN,NaN,NaN,NaN,NaN,Error due to multiple causes.,NaN,NaN,0,0,,
newmap_overnight_highspeed_fixed_grid_direct_db,direct_vinf_alpha_force_balance_v1,newmap_overnight_highspeed_fixed_grid,BridgeFrontier_Tilt85_V45_A12p5,tilt_85_v_45_a_12p5,85,45,12.5,vinf_alpha_force_balance_v1,prop_fixed_flap_elevator,guide_V45_T85_Fm75_Rm250,,NaN,0,0,not_scored,Inf,Inf,,Inf,NaN,NaN,NaN,NaN,NaN,NaN,NaN,NaN,NaN,NaN,NaN,Error due to multiple causes.,NaN,NaN,0,0,,
newmap_overnight_highspeed_fixed_grid_direct_db,direct_vinf_alpha_force_balance_v1,newmap_overnight_highspeed_fixed_grid,BridgeFrontier_Tilt80_V45_A0,tilt_80_v_45_a_0,80,45,0,vinf_alpha_force_balance_v1,prop_fixed_flap_elevator,guide_V45_T80_Fm75_Rm250,,NaN,0,0,not_scored,Inf,Inf,,Inf,NaN,NaN,NaN,NaN,NaN,NaN,NaN,NaN,NaN,NaN,NaN,Error due to multiple causes.,NaN,NaN,0,0,,
newmap_overnight_highspeed_fixed_grid_direct_db,direct_vinf_alpha_force_balance_v1,newmap_overnight_highspeed_fixed_grid,BridgeFrontier_Tilt80_V45_A2p5,tilt_80_v_45_a_2p5,80,45,2.5,vinf_alpha_force_balance_v1,prop_fixed_flap_elevator,guide_V45_T80_Fm75_Rm250,,NaN,0,0,not_scored,Inf,Inf,,Inf,NaN,NaN,NaN,NaN,NaN,NaN,NaN,NaN,NaN,NaN,NaN,Error due to multiple causes.,NaN,NaN,0,0,,
newmap_overnight_highspeed_fixed_grid_direct_db,direct_vinf_alpha_force_balance_v1,newmap_overnight_highspeed_fixed_grid,BridgeFrontier_Tilt80_V45_A5,tilt_80_v_45_a_5,80,45,5,vinf_alpha_force_balance_v1,prop_fixed_flap_elevator,guide_V45_T80_Fm75_Rm250,,NaN,0,0,not_scored,Inf,Inf,,Inf,NaN,NaN,NaN,NaN,NaN,NaN,NaN,NaN,NaN,NaN,NaN,Error due to multiple causes.,NaN,NaN,0,0,,
newmap_overnight_highspeed_fixed_grid_direct_db,direct_vinf_alpha_force_balance_v1,newmap_overnight_highspeed_fixed_grid,BridgeFrontier_Tilt80_V45_A7p5,tilt_80_v_45_a_7p5,80,45,7.5,vinf_alpha_force_balance_v1,prop_fixed_flap_elevator,guide_V45_T80_Fm75_Rm250,,NaN,0,0,not_scored,Inf,Inf,,Inf,NaN,NaN,NaN,NaN,NaN,NaN,NaN,NaN,NaN,NaN,NaN,Error due to multiple causes.,NaN,NaN,0,0,,
newmap_overnight_highspeed_fixed_grid_direct_db,direct_vinf_alpha_force_balance_v1,newmap_overnight_highspeed_fixed_grid,BridgeFrontier_Tilt80_V45_A10,tilt_80_v_45_a_10,80,45,10,vinf_alpha_force_balance_v1,prop_fixed_flap_elevator,guide_V45_T80_Fm75_Rm250,,NaN,0,0,not_scored,Inf,Inf,,Inf,NaN,NaN,NaN,NaN,NaN,NaN,NaN,NaN,NaN,NaN,NaN,Error due to multiple causes.,NaN,NaN,0,0,,
newmap_overnight_highspeed_fixed_grid_direct_db,direct_vinf_alpha_force_balance_v1,newmap_overnight_highspeed_fixed_grid,BridgeFrontier_Tilt80_V45_A12p5,tilt_80_v_45_a_12p5,80,45,12.5,vinf_alpha_force_balance_v1,prop_fixed_flap_elevator,guide_V45_T80_Fm75_Rm250,,NaN,0,0,not_scored,Inf,Inf,,Inf,NaN,NaN,NaN,NaN,NaN,NaN,NaN,NaN,NaN,NaN,NaN,Error due to multiple causes.,NaN,NaN,0,0,,
newmap_overnight_highspeed_fixed_grid_direct_db,direct_vinf_alpha_force_balance_v1,newmap_overnight_highspeed_fixed_grid,BridgeFrontier_Tilt80_V40_A0,tilt_80_v_40_a_0,80,40,0,vinf_alpha_force_balance_v1,prop_fixed_flap_elevator,guide_V40_T80_Fm75_Rm250,,NaN,0,0,not_scored,Inf,Inf,,Inf,NaN,NaN,NaN,NaN,NaN,NaN,NaN,NaN,NaN,NaN,NaN,Error due to multiple causes.,NaN,NaN,0,0,,
newmap_overnight_highspeed_fixed_grid_direct_db,direct_vinf_alpha_force_balance_v1,newmap_overnight_highspeed_fixed_grid,BridgeFrontier_Tilt80_V40_A2p5,tilt_80_v_40_a_2p5,80,40,2.5,vinf_alpha_force_balance_v1,prop_fixed_flap_elevator,guide_V40_T80_Fm75_Rm250,,NaN,0,0,not_scored,Inf,Inf,,Inf,NaN,NaN,NaN,NaN,NaN,NaN,NaN,NaN,NaN,NaN,NaN,Error due to multiple causes.,NaN,NaN,0,0,,
newmap_overnight_highspeed_fixed_grid_direct_db,direct_vinf_alpha_force_balance_v1,newmap_overnight_highspeed_fixed_grid,BridgeFrontier_Tilt80_V40_A5,tilt_80_v_40_a_5,80,40,5,vinf_alpha_force_balance_v1,prop_fixed_flap_elevator,guide_V40_T80_Fm75_Rm250,,NaN,0,0,not_scored,Inf,Inf,,Inf,NaN,NaN,NaN,NaN,NaN,NaN,NaN,NaN,NaN,NaN,NaN,Error due to multiple causes.,NaN,NaN,0,0,,
newmap_overnight_highspeed_fixed_grid_direct_db,direct_vinf_alpha_force_balance_v1,newmap_overnight_highspeed_fixed_grid,BridgeFrontier_Tilt80_V40_A7p5,tilt_80_v_40_a_7p5,80,40,7.5,vinf_alpha_force_balance_v1,prop_fixed_flap_elevator,guide_V40_T80_Fm75_Rm250,,NaN,0,0,not_scored,Inf,Inf,,Inf,NaN,NaN,NaN,NaN,NaN,NaN,NaN,NaN,NaN,NaN,NaN,Error due to multiple causes.,NaN,NaN,0,0,,
newmap_overnight_highspeed_fixed_grid_direct_db,direct_vinf_alpha_force_balance_v1,newmap_overnight_highspeed_fixed_grid,BridgeFrontier_Tilt65_V50_A0,tilt_65_v_50_a_0,65,50,0,vinf_alpha_force_balance_v1,prop_fixed_flap_elevator,guide_V50_T65_Fm75_Rm250,,NaN,0,0,not_scored,Inf,Inf,,Inf,NaN,NaN,NaN,NaN,NaN,NaN,NaN,NaN,NaN,NaN,NaN,Error due to multiple causes.,NaN,NaN,0,0,,
newmap_overnight_highspeed_fixed_grid_direct_db,direct_vinf_alpha_force_balance_v1,newmap_overnight_highspeed_fixed_grid,BridgeFrontier_Tilt80_V40_A10,tilt_80_v_40_a_10,80,40,10,vinf_alpha_force_balance_v1,prop_fixed_flap_elevator,guide_V40_T80_Fm75_Rm250,,NaN,0,0,not_scored,Inf,Inf,,Inf,NaN,NaN,NaN,NaN,NaN,NaN,NaN,NaN,NaN,NaN,NaN,Error due to multiple causes.,NaN,NaN,0,0,,
newmap_overnight_highspeed_fixed_grid_direct_db,direct_vinf_alpha_force_balance_v1,newmap_overnight_highspeed_fixed_grid,BridgeFrontier_Tilt65_V50_A2p5,tilt_65_v_50_a_2p5,65,50,2.5,vinf_alpha_force_balance_v1,prop_fixed_flap_elevator,guide_V50_T65_Fm75_Rm250,,NaN,0,0,not_scored,Inf,Inf,,Inf,NaN,NaN,NaN,NaN,NaN,NaN,NaN,NaN,NaN,NaN,NaN,Error due to multiple causes.,NaN,NaN,0,0,,
newmap_overnight_highspeed_fixed_grid_direct_db,direct_vinf_alpha_force_balance_v1,newmap_overnight_highspeed_fixed_grid,BridgeFrontier_Tilt80_V40_A12p5,tilt_80_v_40_a_12p5,80,40,12.5,vinf_alpha_force_balance_v1,prop_fixed_flap_elevator,guide_V40_T80_Fm75_Rm250,,NaN,0,0,not_scored,Inf,Inf,,Inf,NaN,NaN,NaN,NaN,NaN,NaN,NaN,NaN,NaN,NaN,NaN,Error due to multiple causes.,NaN,NaN,0,0,,
newmap_overnight_highspeed_fixed_grid_direct_db,direct_vinf_alpha_force_balance_v1,newmap_overnight_highspeed_fixed_grid,BridgeFrontier_Tilt65_V50_A5,tilt_65_v_50_a_5,65,50,5,vinf_alpha_force_balance_v1,prop_fixed_flap_elevator,guide_V50_T65_Fm75_Rm250,,NaN,0,0,not_scored,Inf,Inf,,Inf,NaN,NaN,NaN,NaN,NaN,NaN,NaN,NaN,NaN,NaN,NaN,Error due to multiple causes.,NaN,NaN,0,0,,
newmap_overnight_highspeed_fixed_grid_direct_db,direct_vinf_alpha_force_balance_v1,newmap_overnight_highspeed_fixed_grid,BridgeFrontier_Tilt65_V50_A7p5,tilt_65_v_50_a_7p5,65,50,7.5,vinf_alpha_force_balance_v1,prop_fixed_flap_elevator,guide_V50_T65_Fm75_Rm250,,NaN,0,0,not_scored,Inf,Inf,,Inf,NaN,NaN,NaN,NaN,NaN,NaN,NaN,NaN,NaN,NaN,NaN,Error due to multiple causes.,NaN,NaN,0,0,,
newmap_overnight_highspeed_fixed_grid_direct_db,direct_vinf_alpha_force_balance_v1,newmap_overnight_highspeed_fixed_grid,BridgeFrontier_Tilt65_V50_A10,tilt_65_v_50_a_10,65,50,10,vinf_alpha_force_balance_v1,prop_fixed_flap_elevator,guide_V50_T65_Fm75_Rm250,,NaN,0,0,not_scored,Inf,Inf,,Inf,NaN,NaN,NaN,NaN,NaN,NaN,NaN,NaN,NaN,NaN,NaN,Error due to multiple causes.,NaN,NaN,0,0,,
newmap_overnight_highspeed_fixed_grid_direct_db,direct_vinf_alpha_force_balance_v1,newmap_overnight_highspeed_fixed_grid,BridgeFrontier_Tilt65_V50_A12p5,tilt_65_v_50_a_12p5,65,50,12.5,vinf_alpha_force_balance_v1,prop_fixed_flap_elevator,guide_V50_T65_Fm75_Rm250,,NaN,0,0,not_scored,Inf,Inf,,Inf,NaN,NaN,NaN,NaN,NaN,NaN,NaN,NaN,NaN,NaN,NaN,Error due to multiple causes.,NaN,NaN,0,0,,
newmap_overnight_highspeed_fixed_grid_direct_db,direct_vinf_alpha_force_balance_v1,newmap_overnight_highspeed_fixed_grid,BridgeFrontier_Tilt60_V45_A0,tilt_60_v_45_a_0,60,45,0,vinf_alpha_force_balance_v1,prop_fixed_flap_elevator,guide_V45_T60_Fm75_Rm250,,NaN,0,0,not_scored,Inf,Inf,,Inf,NaN,NaN,NaN,NaN,NaN,NaN,NaN,NaN,NaN,NaN,NaN,Error due to multiple causes.,NaN,NaN,0,0,,
newmap_overnight_highspeed_fixed_grid_direct_db,direct_vinf_alpha_force_balance_v1,newmap_overnight_highspeed_fixed_grid,BridgeFrontier_Tilt60_V45_A2p5,tilt_60_v_45_a_2p5,60,45,2.5,vinf_alpha_force_balance_v1,prop_fixed_flap_elevator,guide_V45_T60_Fm75_Rm250,,NaN,0,0,not_scored,Inf,Inf,,Inf,NaN,NaN,NaN,NaN,NaN,NaN,NaN,NaN,NaN,NaN,NaN,Error due to multiple causes.,NaN,NaN,0,0,,
newmap_overnight_highspeed_fixed_grid_direct_db,direct_vinf_alpha_force_balance_v1,newmap_overnight_highspeed_fixed_grid,BridgeFrontier_Tilt60_V45_A5,tilt_60_v_45_a_5,60,45,5,vinf_alpha_force_balance_v1,prop_fixed_flap_elevator,guide_V45_T60_Fm75_Rm250,,NaN,0,0,not_scored,Inf,Inf,,Inf,NaN,NaN,NaN,NaN,NaN,NaN,NaN,NaN,NaN,NaN,NaN,Error due to multiple causes.,NaN,NaN,0,0,,
newmap_overnight_highspeed_fixed_grid_direct_db,direct_vinf_alpha_force_balance_v1,newmap_overnight_highspeed_fixed_grid,BridgeFrontier_Tilt60_V45_A7p5,tilt_60_v_45_a_7p5,60,45,7.5,vinf_alpha_force_balance_v1,prop_fixed_flap_elevator,guide_V45_T60_Fm75_Rm250,,NaN,0,0,not_scored,Inf,Inf,,Inf,NaN,NaN,NaN,NaN,NaN,NaN,NaN,NaN,NaN,NaN,NaN,Error due to multiple causes.,NaN,NaN,0,0,,
newmap_overnight_highspeed_fixed_grid_direct_db,direct_vinf_alpha_force_balance_v1,newmap_overnight_highspeed_fixed_grid,BridgeFrontier_Tilt60_V45_A10,tilt_60_v_45_a_10,60,45,10,vinf_alpha_force_balance_v1,prop_fixed_flap_elevator,guide_V45_T60_Fm75_Rm250,,NaN,0,0,not_scored,Inf,Inf,,Inf,NaN,NaN,NaN,NaN,NaN,NaN,NaN,NaN,NaN,NaN,NaN,Error due to multiple causes.,NaN,NaN,0,0,,
newmap_overnight_highspeed_fixed_grid_direct_db,direct_vinf_alpha_force_balance_v1,newmap_overnight_highspeed_fixed_grid,BridgeFrontier_Tilt60_V45_A12p5,tilt_60_v_45_a_12p5,60,45,12.5,vinf_alpha_force_balance_v1,prop_fixed_flap_elevator,guide_V45_T60_Fm75_Rm250,,NaN,0,0,not_scored,Inf,Inf,,Inf,NaN,NaN,NaN,NaN,NaN,NaN,NaN,NaN,NaN,NaN,NaN,Error due to multiple causes.,NaN,NaN,0,0,,
newmap_overnight_highspeed_fixed_grid_direct_db,direct_vinf_alpha_force_balance_v1,newmap_overnight_highspeed_fixed_grid,BridgeFrontier_Tilt75_V75_A0,tilt_75_v_75_a_0,75,75,0,vinf_alpha_force_balance_v1,prop_fixed_flap_elevator,guide_V75_T75_Fm75_Rm250,,NaN,0,0,not_scored,Inf,Inf,,Inf,NaN,NaN,NaN,NaN,NaN,NaN,NaN,NaN,NaN,NaN,NaN,Error due to multiple causes.,NaN,NaN,0,0,,
newmap_overnight_highspeed_fixed_grid_direct_db,direct_vinf_alpha_force_balance_v1,newmap_overnight_highspeed_fixed_grid,BridgeFrontier_Tilt75_V75_A2p5,tilt_75_v_75_a_2p5,75,75,2.5,vinf_alpha_force_balance_v1,prop_fixed_flap_elevator,guide_V75_T75_Fm75_Rm250,,NaN,0,0,not_scored,Inf,Inf,,Inf,NaN,NaN,NaN,NaN,NaN,NaN,NaN,NaN,NaN,NaN,NaN,Error due to multiple causes.,NaN,NaN,0,0,,
newmap_overnight_highspeed_fixed_grid_direct_db,direct_vinf_alpha_force_balance_v1,newmap_overnight_highspeed_fixed_grid,BridgeFrontier_Tilt75_V75_A5,tilt_75_v_75_a_5,75,75,5,vinf_alpha_force_balance_v1,prop_fixed_flap_elevator,guide_V75_T75_Fm75_Rm250,,NaN,0,0,not_scored,Inf,Inf,,Inf,NaN,NaN,NaN,NaN,NaN,NaN,NaN,NaN,NaN,NaN,NaN,Error due to multiple causes.,NaN,NaN,0,0,,
newmap_overnight_highspeed_fixed_grid_direct_db,direct_vinf_alpha_force_balance_v1,newmap_overnight_highspeed_fixed_grid,BridgeFrontier_Tilt75_V75_A7p5,tilt_75_v_75_a_7p5,75,75,7.5,vinf_alpha_force_balance_v1,prop_fixed_flap_elevator,guide_V75_T75_Fm75_Rm250,,NaN,0,0,not_scored,Inf,Inf,,Inf,NaN,NaN,NaN,NaN,NaN,NaN,NaN,NaN,NaN,NaN,NaN,Error due to multiple causes.,NaN,NaN,0,0,,
newmap_overnight_highspeed_fixed_grid_direct_db,direct_vinf_alpha_force_balance_v1,newmap_overnight_highspeed_fixed_grid,BridgeFrontier_Tilt75_V75_A10,tilt_75_v_75_a_10,75,75,10,vinf_alpha_force_balance_v1,prop_fixed_flap_elevator,guide_V75_T75_Fm75_Rm250,,NaN,0,0,not_scored,Inf,Inf,,Inf,NaN,NaN,NaN,NaN,NaN,NaN,NaN,NaN,NaN,NaN,NaN,Error due to multiple causes.,NaN,NaN,0,0,,
newmap_overnight_highspeed_fixed_grid_direct_db,direct_vinf_alpha_force_balance_v1,newmap_overnight_highspeed_fixed_grid,BridgeFrontier_Tilt75_V75_A12p5,tilt_75_v_75_a_12p5,75,75,12.5,vinf_alpha_force_balance_v1,prop_fixed_flap_elevator,guide_V75_T75_Fm75_Rm250,,NaN,0,0,not_scored,Inf,Inf,,Inf,NaN,NaN,NaN,NaN,NaN,NaN,NaN,NaN,NaN,NaN,NaN,Error due to multiple causes.,NaN,NaN,0,0,,
newmap_overnight_highspeed_fixed_grid_direct_db,direct_vinf_alpha_force_balance_v1,newmap_overnight_highspeed_fixed_grid,BridgeFrontier_Tilt70_V70_A0,tilt_70_v_70_a_0,70,70,0,vinf_alpha_force_balance_v1,prop_fixed_flap_elevator,guide_V70_T70_Fm75_Rm250,,NaN,0,0,not_scored,Inf,Inf,,Inf,NaN,NaN,NaN,NaN,NaN,NaN,NaN,NaN,NaN,NaN,NaN,Error due to multiple causes.,NaN,NaN,0,0,,
newmap_overnight_highspeed_fixed_grid_direct_db,direct_vinf_alpha_force_balance_v1,newmap_overnight_highspeed_fixed_grid,BridgeFrontier_Tilt70_V70_A2p5,tilt_70_v_70_a_2p5,70,70,2.5,vinf_alpha_force_balance_v1,prop_fixed_flap_elevator,guide_V70_T70_Fm75_Rm250,,NaN,0,0,not_scored,Inf,Inf,,Inf,NaN,NaN,NaN,NaN,NaN,NaN,NaN,NaN,NaN,NaN,NaN,Error due to multiple causes.,NaN,NaN,0,0,,
newmap_overnight_highspeed_fixed_grid_direct_db,direct_vinf_alpha_force_balance_v1,newmap_overnight_highspeed_fixed_grid,BridgeFrontier_Tilt70_V70_A5,tilt_70_v_70_a_5,70,70,5,vinf_alpha_force_balance_v1,prop_fixed_flap_elevator,guide_V70_T70_Fm75_Rm250,,NaN,0,0,not_scored,Inf,Inf,,Inf,NaN,NaN,NaN,NaN,NaN,NaN,NaN,NaN,NaN,NaN,NaN,Error due to multiple causes.,NaN,NaN,0,0,,
newmap_overnight_highspeed_fixed_grid_direct_db,direct_vinf_alpha_force_balance_v1,newmap_overnight_highspeed_fixed_grid,BridgeFrontier_Tilt70_V70_A7p5,tilt_70_v_70_a_7p5,70,70,7.5,vinf_alpha_force_balance_v1,prop_fixed_flap_elevator,guide_V70_T70_Fm75_Rm250,,NaN,0,0,not_scored,Inf,Inf,,Inf,NaN,NaN,NaN,NaN,NaN,NaN,NaN,NaN,NaN,NaN,NaN,Error due to multiple causes.,NaN,NaN,0,0,,
newmap_overnight_highspeed_fixed_grid_direct_db,direct_vinf_alpha_force_balance_v1,newmap_overnight_highspeed_fixed_grid,BridgeFrontier_Tilt70_V70_A10,tilt_70_v_70_a_10,70,70,10,vinf_alpha_force_balance_v1,prop_fixed_flap_elevator,guide_V70_T70_Fm75_Rm250,,NaN,0,0,not_scored,Inf,Inf,,Inf,NaN,NaN,NaN,NaN,NaN,NaN,NaN,NaN,NaN,NaN,NaN,Error due to multiple causes.,NaN,NaN,0,0,,
newmap_overnight_highspeed_fixed_grid_direct_db,direct_vinf_alpha_force_balance_v1,newmap_overnight_highspeed_fixed_grid,BridgeFrontier_Tilt95_V50_A0,tilt_95_v_50_a_0,95,50,0,vinf_alpha_force_balance_v1,prop_fixed_flap_elevator,guide_V50_T95_Fm75_Rm250,,NaN,0,0,not_scored,Inf,Inf,,Inf,NaN,NaN,NaN,NaN,NaN,NaN,NaN,NaN,NaN,NaN,NaN,Error due to multiple causes.,NaN,NaN,0,0,,
newmap_overnight_highspeed_fixed_grid_direct_db,direct_vinf_alpha_force_balance_v1,newmap_overnight_highspeed_fixed_grid,BridgeFrontier_Tilt70_V70_A12p5,tilt_70_v_70_a_12p5,70,70,12.5,vinf_alpha_force_balance_v1,prop_fixed_flap_elevator,guide_V70_T70_Fm75_Rm250,,NaN,0,0,not_scored,Inf,Inf,,Inf,NaN,NaN,NaN,NaN,NaN,NaN,NaN,NaN,NaN,NaN,NaN,Error due to multiple causes.,NaN,NaN,0,0,,
newmap_overnight_highspeed_fixed_grid_direct_db,direct_vinf_alpha_force_balance_v1,newmap_overnight_highspeed_fixed_grid,BridgeFrontier_Tilt95_V50_A2p5,tilt_95_v_50_a_2p5,95,50,2.5,vinf_alpha_force_balance_v1,prop_fixed_flap_elevator,guide_V50_T95_Fm75_Rm250,,NaN,0,0,not_scored,Inf,Inf,,Inf,NaN,NaN,NaN,NaN,NaN,NaN,NaN,NaN,NaN,NaN,NaN,Error due to multiple causes.,NaN,NaN,0,0,,
newmap_overnight_highspeed_fixed_grid_direct_db,direct_vinf_alpha_force_balance_v1,newmap_overnight_highspeed_fixed_grid,BridgeFrontier_Tilt95_V50_A5,tilt_95_v_50_a_5,95,50,5,vinf_alpha_force_balance_v1,prop_fixed_flap_elevator,guide_V50_T95_Fm75_Rm250,,NaN,0,0,not_scored,Inf,Inf,,Inf,NaN,NaN,NaN,NaN,NaN,NaN,NaN,NaN,NaN,NaN,NaN,Error due to multiple causes.,NaN,NaN,0,0,,
newmap_overnight_highspeed_fixed_grid_direct_db,direct_vinf_alpha_force_balance_v1,newmap_overnight_highspeed_fixed_grid,BridgeFrontier_Tilt95_V50_A7p5,tilt_95_v_50_a_7p5,95,50,7.5,vinf_alpha_force_balance_v1,prop_fixed_flap_elevator,guide_V50_T95_Fm75_Rm250,,NaN,0,0,not_scored,Inf,Inf,,Inf,NaN,NaN,NaN,NaN,NaN,NaN,NaN,NaN,NaN,NaN,NaN,Error due to multiple causes.,NaN,NaN,0,0,,
newmap_overnight_highspeed_fixed_grid_direct_db,direct_vinf_alpha_force_balance_v1,newmap_overnight_highspeed_fixed_grid,BridgeFrontier_Tilt95_V50_A10,tilt_95_v_50_a_10,95,50,10,vinf_alpha_force_balance_v1,prop_fixed_flap_elevator,guide_V50_T95_Fm75_Rm250,,NaN,0,0,not_scored,Inf,Inf,,Inf,NaN,NaN,NaN,NaN,NaN,NaN,NaN,NaN,NaN,NaN,NaN,Error due to multiple causes.,NaN,NaN,0,0,,
newmap_overnight_highspeed_fixed_grid_direct_db,direct_vinf_alpha_force_balance_v1,newmap_overnight_highspeed_fixed_grid,BridgeFrontier_Tilt95_V50_A12p5,tilt_95_v_50_a_12p5,95,50,12.5,vinf_alpha_force_balance_v1,prop_fixed_flap_elevator,guide_V50_T95_Fm75_Rm250,,NaN,0,0,not_scored,Inf,Inf,,Inf,NaN,NaN,NaN,NaN,NaN,NaN,NaN,NaN,NaN,NaN,NaN,Error due to multiple causes.,NaN,NaN,0,0,,
newmap_overnight_highspeed_fixed_grid_direct_db,direct_vinf_alpha_force_balance_v1,newmap_overnight_highspeed_fixed_grid,BridgeFrontier_Tilt90_V45_A0,tilt_90_v_45_a_0,90,45,0,vinf_alpha_force_balance_v1,prop_fixed_flap_elevator,guide_V45_T90_Fm75_Rm250,,NaN,0,0,not_scored,Inf,Inf,,Inf,NaN,NaN,NaN,NaN,NaN,NaN,NaN,NaN,NaN,NaN,NaN,Error due to multiple causes.,NaN,NaN,0,0,,
newmap_overnight_highspeed_fixed_grid_direct_db,direct_vinf_alpha_force_balance_v1,newmap_overnight_highspeed_fixed_grid,BridgeFrontier_Tilt90_V45_A2p5,tilt_90_v_45_a_2p5,90,45,2.5,vinf_alpha_force_balance_v1,prop_fixed_flap_elevator,guide_V45_T90_Fm75_Rm250,,NaN,0,0,not_scored,Inf,Inf,,Inf,NaN,NaN,NaN,NaN,NaN,NaN,NaN,NaN,NaN,NaN,NaN,Error due to multiple causes.,NaN,NaN,0,0,,
newmap_overnight_highspeed_fixed_grid_direct_db,direct_vinf_alpha_force_balance_v1,newmap_overnight_highspeed_fixed_grid,BridgeFrontier_Tilt90_V45_A5,tilt_90_v_45_a_5,90,45,5,vinf_alpha_force_balance_v1,prop_fixed_flap_elevator,guide_V45_T90_Fm75_Rm250,,NaN,0,0,not_scored,Inf,Inf,,Inf,NaN,NaN,NaN,NaN,NaN,NaN,NaN,NaN,NaN,NaN,NaN,Error due to multiple causes.,NaN,NaN,0,0,,
newmap_overnight_highspeed_fixed_grid_direct_db,direct_vinf_alpha_force_balance_v1,newmap_overnight_highspeed_fixed_grid,BridgeFrontier_Tilt90_V45_A7p5,tilt_90_v_45_a_7p5,90,45,7.5,vinf_alpha_force_balance_v1,prop_fixed_flap_elevator,guide_V45_T90_Fm75_Rm250,,NaN,0,0,not_scored,Inf,Inf,,Inf,NaN,NaN,NaN,NaN,NaN,NaN,NaN,NaN,NaN,NaN,NaN,Error due to multiple causes.,NaN,NaN,0,0,,
newmap_overnight_highspeed_fixed_grid_direct_db,direct_vinf_alpha_force_balance_v1,newmap_overnight_highspeed_fixed_grid,BridgeFrontier_Tilt90_V45_A10,tilt_90_v_45_a_10,90,45,10,vinf_alpha_force_balance_v1,prop_fixed_flap_elevator,guide_V45_T90_Fm75_Rm250,,NaN,0,0,not_scored,Inf,Inf,,Inf,NaN,NaN,NaN,NaN,NaN,NaN,NaN,NaN,NaN,NaN,NaN,Error due to multiple causes.,NaN,NaN,0,0,,
newmap_overnight_highspeed_fixed_grid_direct_db,direct_vinf_alpha_force_balance_v1,newmap_overnight_highspeed_fixed_grid,BridgeFrontier_Tilt90_V45_A12p5,tilt_90_v_45_a_12p5,90,45,12.5,vinf_alpha_force_balance_v1,prop_fixed_flap_elevator,guide_V45_T90_Fm75_Rm250,,NaN,0,0,not_scored,Inf,Inf,,Inf,NaN,NaN,NaN,NaN,NaN,NaN,NaN,NaN,NaN,NaN,NaN,Error due to multiple causes.,NaN,NaN,0,0,,
newmap_overnight_highspeed_fixed_grid_direct_db,direct_vinf_alpha_force_balance_v1,newmap_overnight_highspeed_fixed_grid,BridgeFrontier_Tilt65_V55_A0,tilt_65_v_55_a_0,65,55,0,vinf_alpha_force_balance_v1,prop_fixed_flap_elevator,guide_V55_T65_Fm75_Rm250,,NaN,0,0,not_scored,Inf,Inf,,Inf,NaN,NaN,NaN,NaN,NaN,NaN,NaN,NaN,NaN,NaN,NaN,Error due to multiple causes.,NaN,NaN,0,0,,
newmap_overnight_highspeed_fixed_grid_direct_db,direct_vinf_alpha_force_balance_v1,newmap_overnight_highspeed_fixed_grid,BridgeFrontier_Tilt65_V55_A2p5,tilt_65_v_55_a_2p5,65,55,2.5,vinf_alpha_force_balance_v1,prop_fixed_flap_elevator,guide_V55_T65_Fm75_Rm250,,NaN,0,0,not_scored,Inf,Inf,,Inf,NaN,NaN,NaN,NaN,NaN,NaN,NaN,NaN,NaN,NaN,NaN,Error due to multiple causes.,NaN,NaN,0,0,,
newmap_overnight_highspeed_fixed_grid_direct_db,direct_vinf_alpha_force_balance_v1,newmap_overnight_highspeed_fixed_grid,BridgeFrontier_Tilt65_V55_A5,tilt_65_v_55_a_5,65,55,5,vinf_alpha_force_balance_v1,prop_fixed_flap_elevator,guide_V55_T65_Fm75_Rm250,,NaN,0,0,not_scored,Inf,Inf,,Inf,NaN,NaN,NaN,NaN,NaN,NaN,NaN,NaN,NaN,NaN,NaN,Error due to multiple causes.,NaN,NaN,0,0,,
newmap_overnight_highspeed_fixed_grid_direct_db,direct_vinf_alpha_force_balance_v1,newmap_overnight_highspeed_fixed_grid,BridgeFrontier_Tilt65_V55_A7p5,tilt_65_v_55_a_7p5,65,55,7.5,vinf_alpha_force_balance_v1,prop_fixed_flap_elevator,guide_V55_T65_Fm75_Rm250,,NaN,0,0,not_scored,Inf,Inf,,Inf,NaN,NaN,NaN,NaN,NaN,NaN,NaN,NaN,NaN,NaN,NaN,Error due to multiple causes.,NaN,NaN,0,0,,
newmap_overnight_highspeed_fixed_grid_direct_db,direct_vinf_alpha_force_balance_v1,newmap_overnight_highspeed_fixed_grid,BridgeFrontier_Tilt65_V55_A10,tilt_65_v_55_a_10,65,55,10,vinf_alpha_force_balance_v1,prop_fixed_flap_elevator,guide_V55_T65_Fm75_Rm250,,NaN,0,0,not_scored,Inf,Inf,,Inf,NaN,NaN,NaN,NaN,NaN,NaN,NaN,NaN,NaN,NaN,NaN,Error due to multiple causes.,NaN,NaN,0,0,,
newmap_overnight_highspeed_fixed_grid_direct_db,direct_vinf_alpha_force_balance_v1,newmap_overnight_highspeed_fixed_grid,BridgeFrontier_Tilt65_V55_A12p5,tilt_65_v_55_a_12p5,65,55,12.5,vinf_alpha_force_balance_v1,prop_fixed_flap_elevator,guide_V55_T65_Fm75_Rm250,,NaN,0,0,not_scored,Inf,Inf,,Inf,NaN,NaN,NaN,NaN,NaN,NaN,NaN,NaN,NaN,NaN,NaN,Error due to multiple causes.,NaN,NaN,0,0,,
newmap_overnight_highspeed_fixed_grid_direct_db,direct_vinf_alpha_force_balance_v1,newmap_overnight_highspeed_fixed_grid,BridgeFrontier_Tilt60_V50_A0,tilt_60_v_50_a_0,60,50,0,vinf_alpha_force_balance_v1,prop_fixed_flap_elevator,guide_V50_T60_Fm75_Rm250,,NaN,0,0,not_scored,Inf,Inf,,Inf,NaN,NaN,NaN,NaN,NaN,NaN,NaN,NaN,NaN,NaN,NaN,Error due to multiple causes.,NaN,NaN,0,0,,
newmap_overnight_highspeed_fixed_grid_direct_db,direct_vinf_alpha_force_balance_v1,newmap_overnight_highspeed_fixed_grid,BridgeFrontier_Tilt60_V50_A2p5,tilt_60_v_50_a_2p5,60,50,2.5,vinf_alpha_force_balance_v1,prop_fixed_flap_elevator,guide_V50_T60_Fm75_Rm250,,NaN,0,0,not_scored,Inf,Inf,,Inf,NaN,NaN,NaN,NaN,NaN,NaN,NaN,NaN,NaN,NaN,NaN,Error due to multiple causes.,NaN,NaN,0,0,,
newmap_overnight_highspeed_fixed_grid_direct_db,direct_vinf_alpha_force_balance_v1,newmap_overnight_highspeed_fixed_grid,BridgeFrontier_Tilt60_V50_A5,tilt_60_v_50_a_5,60,50,5,vinf_alpha_force_balance_v1,prop_fixed_flap_elevator,guide_V50_T60_Fm75_Rm250,,NaN,0,0,not_scored,Inf,Inf,,Inf,NaN,NaN,NaN,NaN,NaN,NaN,NaN,NaN,NaN,NaN,NaN,Error due to multiple causes.,NaN,NaN,0,0,,
newmap_overnight_highspeed_fixed_grid_direct_db,direct_vinf_alpha_force_balance_v1,newmap_overnight_highspeed_fixed_grid,BridgeFrontier_Tilt60_V50_A7p5,tilt_60_v_50_a_7p5,60,50,7.5,vinf_alpha_force_balance_v1,prop_fixed_flap_elevator,guide_V50_T60_Fm75_Rm250,,NaN,0,0,not_scored,Inf,Inf,,Inf,NaN,NaN,NaN,NaN,NaN,NaN,NaN,NaN,NaN,NaN,NaN,Error due to multiple causes.,NaN,NaN,0,0,,
newmap_overnight_highspeed_fixed_grid_direct_db,direct_vinf_alpha_force_balance_v1,newmap_overnight_highspeed_fixed_grid,BridgeFrontier_Tilt60_V50_A10,tilt_60_v_50_a_10,60,50,10,vinf_alpha_force_balance_v1,prop_fixed_flap_elevator,guide_V50_T60_Fm75_Rm250,,NaN,0,0,not_scored,Inf,Inf,,Inf,NaN,NaN,NaN,NaN,NaN,NaN,NaN,NaN,NaN,NaN,NaN,Error due to multiple causes.,NaN,NaN,0,0,,
newmap_overnight_highspeed_fixed_grid_direct_db,direct_vinf_alpha_force_balance_v1,newmap_overnight_highspeed_fixed_grid,BridgeFrontier_Tilt60_V50_A12p5,tilt_60_v_50_a_12p5,60,50,12.5,vinf_alpha_force_balance_v1,prop_fixed_flap_elevator,guide_V50_T60_Fm75_Rm250,,NaN,0,0,not_scored,Inf,Inf,,Inf,NaN,NaN,NaN,NaN,NaN,NaN,NaN,NaN,NaN,NaN,NaN,Error due to multiple causes.,NaN,NaN,0,0,,
newmap_overnight_highspeed_fixed_grid_direct_db,direct_vinf_alpha_force_balance_v1,newmap_overnight_highspeed_fixed_grid,BridgeFrontier_Tilt65_V60_A0,tilt_65_v_60_a_0,65,60,0,vinf_alpha_force_balance_v1,prop_fixed_flap_elevator,guide_V60_T65_Fm75_Rm250,,NaN,0,0,not_scored,Inf,Inf,,Inf,NaN,NaN,NaN,NaN,NaN,NaN,NaN,NaN,NaN,NaN,NaN,Error due to multiple causes.,NaN,NaN,0,0,,
newmap_overnight_highspeed_fixed_grid_direct_db,direct_vinf_alpha_force_balance_v1,newmap_overnight_highspeed_fixed_grid,BridgeFrontier_Tilt65_V60_A2p5,tilt_65_v_60_a_2p5,65,60,2.5,vinf_alpha_force_balance_v1,prop_fixed_flap_elevator,guide_V60_T65_Fm75_Rm250,,NaN,0,0,not_scored,Inf,Inf,,Inf,NaN,NaN,NaN,NaN,NaN,NaN,NaN,NaN,NaN,NaN,NaN,Error due to multiple causes.,NaN,NaN,0,0,,
newmap_overnight_highspeed_fixed_grid_direct_db,direct_vinf_alpha_force_balance_v1,newmap_overnight_highspeed_fixed_grid,BridgeFrontier_Tilt65_V60_A5,tilt_65_v_60_a_5,65,60,5,vinf_alpha_force_balance_v1,prop_fixed_flap_elevator,guide_V60_T65_Fm75_Rm250,,NaN,0,0,not_scored,Inf,Inf,,Inf,NaN,NaN,NaN,NaN,NaN,NaN,NaN,NaN,NaN,NaN,NaN,Error due to multiple causes.,NaN,NaN,0,0,,
newmap_overnight_highspeed_fixed_grid_direct_db,direct_vinf_alpha_force_balance_v1,newmap_overnight_highspeed_fixed_grid,BridgeFrontier_Tilt65_V60_A7p5,tilt_65_v_60_a_7p5,65,60,7.5,vinf_alpha_force_balance_v1,prop_fixed_flap_elevator,guide_V60_T65_Fm75_Rm250,,NaN,0,0,not_scored,Inf,Inf,,Inf,NaN,NaN,NaN,NaN,NaN,NaN,NaN,NaN,NaN,NaN,NaN,Error due to multiple causes.,NaN,NaN,0,0,,
newmap_overnight_highspeed_fixed_grid_direct_db,direct_vinf_alpha_force_balance_v1,newmap_overnight_highspeed_fixed_grid,BridgeFrontier_Tilt65_V60_A10,tilt_65_v_60_a_10,65,60,10,vinf_alpha_force_balance_v1,prop_fixed_flap_elevator,guide_V60_T65_Fm75_Rm250,,NaN,0,0,not_scored,Inf,Inf,,Inf,NaN,NaN,NaN,NaN,NaN,NaN,NaN,NaN,NaN,NaN,NaN,Error due to multiple causes.,NaN,NaN,0,0,,
newmap_overnight_highspeed_fixed_grid_direct_db,direct_vinf_alpha_force_balance_v1,newmap_overnight_highspeed_fixed_grid,BridgeFrontier_Tilt65_V60_A12p5,tilt_65_v_60_a_12p5,65,60,12.5,vinf_alpha_force_balance_v1,prop_fixed_flap_elevator,guide_V60_T65_Fm75_Rm250,,NaN,0,0,not_scored,Inf,Inf,,Inf,NaN,NaN,NaN,NaN,NaN,NaN,NaN,NaN,NaN,NaN,NaN,Error due to multiple causes.,NaN,NaN,0,0,,
newmap_overnight_highspeed_fixed_grid_direct_db,direct_vinf_alpha_force_balance_v1,newmap_overnight_highspeed_fixed_grid,BridgeFrontier_Tilt65_V65_A0,tilt_65_v_65_a_0,65,65,0,vinf_alpha_force_balance_v1,prop_fixed_flap_elevator,guide_V65_T65_Fm75_Rm250,,NaN,0,0,not_scored,Inf,Inf,,Inf,NaN,NaN,NaN,NaN,NaN,NaN,NaN,NaN,NaN,NaN,NaN,Error due to multiple causes.,NaN,NaN,0,0,,
newmap_overnight_highspeed_fixed_grid_direct_db,direct_vinf_alpha_force_balance_v1,newmap_overnight_highspeed_fixed_grid,BridgeFrontier_Tilt65_V65_A2p5,tilt_65_v_65_a_2p5,65,65,2.5,vinf_alpha_force_balance_v1,prop_fixed_flap_elevator,guide_V65_T65_Fm75_Rm250,,NaN,0,0,not_scored,Inf,Inf,,Inf,NaN,NaN,NaN,NaN,NaN,NaN,NaN,NaN,NaN,NaN,NaN,Error due to multiple causes.,NaN,NaN,0,0,,
newmap_overnight_highspeed_fixed_grid_direct_db,direct_vinf_alpha_force_balance_v1,newmap_overnight_highspeed_fixed_grid,BridgeFrontier_Tilt65_V65_A5,tilt_65_v_65_a_5,65,65,5,vinf_alpha_force_balance_v1,prop_fixed_flap_elevator,guide_V65_T65_Fm75_Rm250,,NaN,0,0,not_scored,Inf,Inf,,Inf,NaN,NaN,NaN,NaN,NaN,NaN,NaN,NaN,NaN,NaN,NaN,Error due to multiple causes.,NaN,NaN,0,0,,
newmap_overnight_highspeed_fixed_grid_direct_db,direct_vinf_alpha_force_balance_v1,newmap_overnight_highspeed_fixed_grid,BridgeFrontier_Tilt65_V65_A7p5,tilt_65_v_65_a_7p5,65,65,7.5,vinf_alpha_force_balance_v1,prop_fixed_flap_elevator,guide_V65_T65_Fm75_Rm250,,NaN,0,0,not_scored,Inf,Inf,,Inf,NaN,NaN,NaN,NaN,NaN,NaN,NaN,NaN,NaN,NaN,NaN,Error due to multiple causes.,NaN,NaN,0,0,,
newmap_overnight_highspeed_fixed_grid_direct_db,direct_vinf_alpha_force_balance_v1,newmap_overnight_highspeed_fixed_grid,BridgeFrontier_Tilt65_V65_A10,tilt_65_v_65_a_10,65,65,10,vinf_alpha_force_balance_v1,prop_fixed_flap_elevator,guide_V65_T65_Fm75_Rm250,,NaN,0,0,not_scored,Inf,Inf,,Inf,NaN,NaN,NaN,NaN,NaN,NaN,NaN,NaN,NaN,NaN,NaN,Error due to multiple causes.,NaN,NaN,0,0,,
newmap_overnight_highspeed_fixed_grid_direct_db,direct_vinf_alpha_force_balance_v1,newmap_overnight_highspeed_fixed_grid,BridgeFrontier_Tilt65_V65_A12p5,tilt_65_v_65_a_12p5,65,65,12.5,vinf_alpha_force_balance_v1,prop_fixed_flap_elevator,guide_V65_T65_Fm75_Rm250,,NaN,0,0,not_scored,Inf,Inf,,Inf,NaN,NaN,NaN,NaN,NaN,NaN,NaN,NaN,NaN,NaN,NaN,Error due to multiple causes.,NaN,NaN,0,0,,
newmap_overnight_highspeed_fixed_grid_direct_db,direct_vinf_alpha_force_balance_v1,newmap_overnight_highspeed_fixed_grid,BridgeFrontier_Tilt85_V40_A0,tilt_85_v_40_a_0,85,40,0,vinf_alpha_force_balance_v1,prop_fixed_flap_elevator,guide_V40_T85_Fm75_Rm250,,NaN,0,0,not_scored,Inf,Inf,,Inf,NaN,NaN,NaN,NaN,NaN,NaN,NaN,NaN,NaN,NaN,NaN,Error due to multiple causes.,NaN,NaN,0,0,,
newmap_overnight_highspeed_fixed_grid_direct_db,direct_vinf_alpha_force_balance_v1,newmap_overnight_highspeed_fixed_grid,BridgeFrontier_Tilt85_V40_A2p5,tilt_85_v_40_a_2p5,85,40,2.5,vinf_alpha_force_balance_v1,prop_fixed_flap_elevator,guide_V40_T85_Fm75_Rm250,,NaN,0,0,not_scored,Inf,Inf,,Inf,NaN,NaN,NaN,NaN,NaN,NaN,NaN,NaN,NaN,NaN,NaN,Error due to multiple causes.,NaN,NaN,0,0,,
newmap_overnight_highspeed_fixed_grid_direct_db,direct_vinf_alpha_force_balance_v1,newmap_overnight_highspeed_fixed_grid,BridgeFrontier_Tilt85_V40_A5,tilt_85_v_40_a_5,85,40,5,vinf_alpha_force_balance_v1,prop_fixed_flap_elevator,guide_V40_T85_Fm75_Rm250,,NaN,0,0,not_scored,Inf,Inf,,Inf,NaN,NaN,NaN,NaN,NaN,NaN,NaN,NaN,NaN,NaN,NaN,Error due to multiple causes.,NaN,NaN,0,0,,
newmap_overnight_highspeed_fixed_grid_direct_db,direct_vinf_alpha_force_balance_v1,newmap_overnight_highspeed_fixed_grid,BridgeFrontier_Tilt85_V40_A7p5,tilt_85_v_40_a_7p5,85,40,7.5,vinf_alpha_force_balance_v1,prop_fixed_flap_elevator,guide_V40_T85_Fm75_Rm250,,NaN,0,0,not_scored,Inf,Inf,,Inf,NaN,NaN,NaN,NaN,NaN,NaN,NaN,NaN,NaN,NaN,NaN,Error due to multiple causes.,NaN,NaN,0,0,,
newmap_overnight_highspeed_fixed_grid_direct_db,direct_vinf_alpha_force_balance_v1,newmap_overnight_highspeed_fixed_grid,BridgeFrontier_Tilt85_V40_A10,tilt_85_v_40_a_10,85,40,10,vinf_alpha_force_balance_v1,prop_fixed_flap_elevator,guide_V40_T85_Fm75_Rm250,,NaN,0,0,not_scored,Inf,Inf,,Inf,NaN,NaN,NaN,NaN,NaN,NaN,NaN,NaN,NaN,NaN,NaN,Error due to multiple causes.,NaN,NaN,0,0,,
newmap_overnight_highspeed_fixed_grid_direct_db,direct_vinf_alpha_force_balance_v1,newmap_overnight_highspeed_fixed_grid,BridgeFrontier_Tilt85_V40_A12p5,tilt_85_v_40_a_12p5,85,40,12.5,vinf_alpha_force_balance_v1,prop_fixed_flap_elevator,guide_V40_T85_Fm75_Rm250,,NaN,0,0,not_scored,Inf,Inf,,Inf,NaN,NaN,NaN,NaN,NaN,NaN,NaN,NaN,NaN,NaN,NaN,Error due to multiple causes.,NaN,NaN,0,0,,
newmap_overnight_highspeed_fixed_grid_direct_db,direct_vinf_alpha_force_balance_v1,newmap_overnight_highspeed_fixed_grid,BridgeFrontier_Tilt70_V75_A0,tilt_70_v_75_a_0,70,75,0,vinf_alpha_force_balance_v1,prop_fixed_flap_elevator,guide_V75_T70_Fm75_Rm250,,NaN,0,0,not_scored,Inf,Inf,,Inf,NaN,NaN,NaN,NaN,NaN,NaN,NaN,NaN,NaN,NaN,NaN,Error due to multiple causes.,NaN,NaN,0,0,,
newmap_overnight_highspeed_fixed_grid_direct_db,direct_vinf_alpha_force_balance_v1,newmap_overnight_highspeed_fixed_grid,BridgeFrontier_Tilt70_V75_A2p5,tilt_70_v_75_a_2p5,70,75,2.5,vinf_alpha_force_balance_v1,prop_fixed_flap_elevator,guide_V75_T70_Fm75_Rm250,,NaN,0,0,not_scored,Inf,Inf,,Inf,NaN,NaN,NaN,NaN,NaN,NaN,NaN,NaN,NaN,NaN,NaN,Error due to multiple causes.,NaN,NaN,0,0,,
newmap_overnight_highspeed_fixed_grid_direct_db,direct_vinf_alpha_force_balance_v1,newmap_overnight_highspeed_fixed_grid,BridgeFrontier_Tilt70_V75_A5,tilt_70_v_75_a_5,70,75,5,vinf_alpha_force_balance_v1,prop_fixed_flap_elevator,guide_V75_T70_Fm75_Rm250,,NaN,0,0,not_scored,Inf,Inf,,Inf,NaN,NaN,NaN,NaN,NaN,NaN,NaN,NaN,NaN,NaN,NaN,Error due to multiple causes.,NaN,NaN,0,0,,
newmap_overnight_highspeed_fixed_grid_direct_db,direct_vinf_alpha_force_balance_v1,newmap_overnight_highspeed_fixed_grid,BridgeFrontier_Tilt70_V75_A7p5,tilt_70_v_75_a_7p5,70,75,7.5,vinf_alpha_force_balance_v1,prop_fixed_flap_elevator,guide_V75_T70_Fm75_Rm250,,NaN,0,0,not_scored,Inf,Inf,,Inf,NaN,NaN,NaN,NaN,NaN,NaN,NaN,NaN,NaN,NaN,NaN,Error due to multiple causes.,NaN,NaN,0,0,,
newmap_overnight_highspeed_fixed_grid_direct_db,direct_vinf_alpha_force_balance_v1,newmap_overnight_highspeed_fixed_grid,BridgeFrontier_Tilt70_V75_A10,tilt_70_v_75_a_10,70,75,10,vinf_alpha_force_balance_v1,prop_fixed_flap_elevator,guide_V75_T70_Fm75_Rm250,,NaN,0,0,not_scored,Inf,Inf,,Inf,NaN,NaN,NaN,NaN,NaN,NaN,NaN,NaN,NaN,NaN,NaN,Error due to multiple causes.,NaN,NaN,0,0,,
newmap_overnight_highspeed_fixed_grid_direct_db,direct_vinf_alpha_force_balance_v1,newmap_overnight_highspeed_fixed_grid,BridgeFrontier_Tilt70_V75_A12p5,tilt_70_v_75_a_12p5,70,75,12.5,vinf_alpha_force_balance_v1,prop_fixed_flap_elevator,guide_V75_T70_Fm75_Rm250,,NaN,0,0,not_scored,Inf,Inf,,Inf,NaN,NaN,NaN,NaN,NaN,NaN,NaN,NaN,NaN,NaN,NaN,Error due to multiple causes.,NaN,NaN,0,0,,
newmap_overnight_highspeed_fixed_grid_direct_db,direct_vinf_alpha_force_balance_v1,newmap_overnight_highspeed_fixed_grid,BridgeFrontier_Tilt65_V70_A0,tilt_65_v_70_a_0,65,70,0,vinf_alpha_force_balance_v1,prop_fixed_flap_elevator,guide_V70_T65_Fm75_Rm250,,NaN,0,0,not_scored,Inf,Inf,,Inf,NaN,NaN,NaN,NaN,NaN,NaN,NaN,NaN,NaN,NaN,NaN,Error due to multiple causes.,NaN,NaN,0,0,,
newmap_overnight_highspeed_fixed_grid_direct_db,direct_vinf_alpha_force_balance_v1,newmap_overnight_highspeed_fixed_grid,BridgeFrontier_Tilt65_V70_A2p5,tilt_65_v_70_a_2p5,65,70,2.5,vinf_alpha_force_balance_v1,prop_fixed_flap_elevator,guide_V70_T65_Fm75_Rm250,,NaN,0,0,not_scored,Inf,Inf,,Inf,NaN,NaN,NaN,NaN,NaN,NaN,NaN,NaN,NaN,NaN,NaN,Error due to multiple causes.,NaN,NaN,0,0,,
newmap_overnight_highspeed_fixed_grid_direct_db,direct_vinf_alpha_force_balance_v1,newmap_overnight_highspeed_fixed_grid,BridgeFrontier_Tilt65_V70_A5,tilt_65_v_70_a_5,65,70,5,vinf_alpha_force_balance_v1,prop_fixed_flap_elevator,guide_V70_T65_Fm75_Rm250,,NaN,0,0,not_scored,Inf,Inf,,Inf,NaN,NaN,NaN,NaN,NaN,NaN,NaN,NaN,NaN,NaN,NaN,Error due to multiple causes.,NaN,NaN,0,0,,
newmap_overnight_highspeed_fixed_grid_direct_db,direct_vinf_alpha_force_balance_v1,newmap_overnight_highspeed_fixed_grid,BridgeFrontier_Tilt65_V70_A7p5,tilt_65_v_70_a_7p5,65,70,7.5,vinf_alpha_force_balance_v1,prop_fixed_flap_elevator,guide_V70_T65_Fm75_Rm250,,NaN,0,0,not_scored,Inf,Inf,,Inf,NaN,NaN,NaN,NaN,NaN,NaN,NaN,NaN,NaN,NaN,NaN,Error due to multiple causes.,NaN,NaN,0,0,,
newmap_overnight_highspeed_fixed_grid_direct_db,direct_vinf_alpha_force_balance_v1,newmap_overnight_highspeed_fixed_grid,BridgeFrontier_Tilt95_V45_A0,tilt_95_v_45_a_0,95,45,0,vinf_alpha_force_balance_v1,prop_fixed_flap_elevator,guide_V45_T95_Fm75_Rm250,,NaN,0,0,not_scored,Inf,Inf,,Inf,NaN,NaN,NaN,NaN,NaN,NaN,NaN,NaN,NaN,NaN,NaN,Error due to multiple causes.,NaN,NaN,0,0,,
newmap_overnight_highspeed_fixed_grid_direct_db,direct_vinf_alpha_force_balance_v1,newmap_overnight_highspeed_fixed_grid,BridgeFrontier_Tilt65_V70_A10,tilt_65_v_70_a_10,65,70,10,vinf_alpha_force_balance_v1,prop_fixed_flap_elevator,guide_V70_T65_Fm75_Rm250,,NaN,0,0,not_scored,Inf,Inf,,Inf,NaN,NaN,NaN,NaN,NaN,NaN,NaN,NaN,NaN,NaN,NaN,Error due to multiple causes.,NaN,NaN,0,0,,
newmap_overnight_highspeed_fixed_grid_direct_db,direct_vinf_alpha_force_balance_v1,newmap_overnight_highspeed_fixed_grid,BridgeFrontier_Tilt95_V45_A2p5,tilt_95_v_45_a_2p5,95,45,2.5,vinf_alpha_force_balance_v1,prop_fixed_flap_elevator,guide_V45_T95_Fm75_Rm250,,NaN,0,0,not_scored,Inf,Inf,,Inf,NaN,NaN,NaN,NaN,NaN,NaN,NaN,NaN,NaN,NaN,NaN,Error due to multiple causes.,NaN,NaN,0,0,,
newmap_overnight_highspeed_fixed_grid_direct_db,direct_vinf_alpha_force_balance_v1,newmap_overnight_highspeed_fixed_grid,BridgeFrontier_Tilt65_V70_A12p5,tilt_65_v_70_a_12p5,65,70,12.5,vinf_alpha_force_balance_v1,prop_fixed_flap_elevator,guide_V70_T65_Fm75_Rm250,,NaN,0,0,not_scored,Inf,Inf,,Inf,NaN,NaN,NaN,NaN,NaN,NaN,NaN,NaN,NaN,NaN,NaN,Error due to multiple causes.,NaN,NaN,0,0,,
newmap_overnight_highspeed_fixed_grid_direct_db,direct_vinf_alpha_force_balance_v1,newmap_overnight_highspeed_fixed_grid,BridgeFrontier_Tilt95_V45_A5,tilt_95_v_45_a_5,95,45,5,vinf_alpha_force_balance_v1,prop_fixed_flap_elevator,guide_V45_T95_Fm75_Rm250,,NaN,0,0,not_scored,Inf,Inf,,Inf,NaN,NaN,NaN,NaN,NaN,NaN,NaN,NaN,NaN,NaN,NaN,Error due to multiple causes.,NaN,NaN,0,0,,
newmap_overnight_highspeed_fixed_grid_direct_db,direct_vinf_alpha_force_balance_v1,newmap_overnight_highspeed_fixed_grid,BridgeFrontier_Tilt95_V45_A7p5,tilt_95_v_45_a_7p5,95,45,7.5,vinf_alpha_force_balance_v1,prop_fixed_flap_elevator,guide_V45_T95_Fm75_Rm250,,NaN,0,0,not_scored,Inf,Inf,,Inf,NaN,NaN,NaN,NaN,NaN,NaN,NaN,NaN,NaN,NaN,NaN,Error due to multiple causes.,NaN,NaN,0,0,,
newmap_overnight_highspeed_fixed_grid_direct_db,direct_vinf_alpha_force_balance_v1,newmap_overnight_highspeed_fixed_grid,BridgeFrontier_Tilt95_V45_A10,tilt_95_v_45_a_10,95,45,10,vinf_alpha_force_balance_v1,prop_fixed_flap_elevator,guide_V45_T95_Fm75_Rm250,,NaN,0,0,not_scored,Inf,Inf,,Inf,NaN,NaN,NaN,NaN,NaN,NaN,NaN,NaN,NaN,NaN,NaN,Error due to multiple causes.,NaN,NaN,0,0,,
newmap_overnight_highspeed_fixed_grid_direct_db,direct_vinf_alpha_force_balance_v1,newmap_overnight_highspeed_fixed_grid,BridgeFrontier_Tilt95_V45_A12p5,tilt_95_v_45_a_12p5,95,45,12.5,vinf_alpha_force_balance_v1,prop_fixed_flap_elevator,guide_V45_T95_Fm75_Rm250,,NaN,0,0,not_scored,Inf,Inf,,Inf,NaN,NaN,NaN,NaN,NaN,NaN,NaN,NaN,NaN,NaN,NaN,Error due to multiple causes.,NaN,NaN,0,0,,
newmap_overnight_highspeed_fixed_grid_direct_db,direct_vinf_alpha_force_balance_v1,newmap_overnight_highspeed_fixed_grid,BridgeFrontier_Tilt90_V40_A0,tilt_90_v_40_a_0,90,40,0,vinf_alpha_force_balance_v1,prop_fixed_flap_elevator,guide_V40_T90_Fm75_Rm250,,NaN,0,0,not_scored,Inf,Inf,,Inf,NaN,NaN,NaN,NaN,NaN,NaN,NaN,NaN,NaN,NaN,NaN,Error due to multiple causes.,NaN,NaN,0,0,,
newmap_overnight_highspeed_fixed_grid_direct_db,direct_vinf_alpha_force_balance_v1,newmap_overnight_highspeed_fixed_grid,BridgeFrontier_Tilt90_V40_A2p5,tilt_90_v_40_a_2p5,90,40,2.5,vinf_alpha_force_balance_v1,prop_fixed_flap_elevator,guide_V40_T90_Fm75_Rm250,,NaN,0,0,not_scored,Inf,Inf,,Inf,NaN,NaN,NaN,NaN,NaN,NaN,NaN,NaN,NaN,NaN,NaN,Error due to multiple causes.,NaN,NaN,0,0,,
newmap_overnight_highspeed_fixed_grid_direct_db,direct_vinf_alpha_force_balance_v1,newmap_overnight_highspeed_fixed_grid,BridgeFrontier_Tilt90_V40_A5,tilt_90_v_40_a_5,90,40,5,vinf_alpha_force_balance_v1,prop_fixed_flap_elevator,guide_V40_T90_Fm75_Rm250,,NaN,0,0,not_scored,Inf,Inf,,Inf,NaN,NaN,NaN,NaN,NaN,NaN,NaN,NaN,NaN,NaN,NaN,Error due to multiple causes.,NaN,NaN,0,0,,
newmap_overnight_highspeed_fixed_grid_direct_db,direct_vinf_alpha_force_balance_v1,newmap_overnight_highspeed_fixed_grid,BridgeFrontier_Tilt90_V40_A7p5,tilt_90_v_40_a_7p5,90,40,7.5,vinf_alpha_force_balance_v1,prop_fixed_flap_elevator,guide_V40_T90_Fm75_Rm250,,NaN,0,0,not_scored,Inf,Inf,,Inf,NaN,NaN,NaN,NaN,NaN,NaN,NaN,NaN,NaN,NaN,NaN,Error due to multiple causes.,NaN,NaN,0,0,,
newmap_overnight_highspeed_fixed_grid_direct_db,direct_vinf_alpha_force_balance_v1,newmap_overnight_highspeed_fixed_grid,BridgeFrontier_Tilt90_V40_A10,tilt_90_v_40_a_10,90,40,10,vinf_alpha_force_balance_v1,prop_fixed_flap_elevator,guide_V40_T90_Fm75_Rm250,,NaN,0,0,not_scored,Inf,Inf,,Inf,NaN,NaN,NaN,NaN,NaN,NaN,NaN,NaN,NaN,NaN,NaN,Error due to multiple causes.,NaN,NaN,0,0,,
newmap_overnight_highspeed_fixed_grid_direct_db,direct_vinf_alpha_force_balance_v1,newmap_overnight_highspeed_fixed_grid,BridgeFrontier_Tilt90_V40_A12p5,tilt_90_v_40_a_12p5,90,40,12.5,vinf_alpha_force_balance_v1,prop_fixed_flap_elevator,guide_V40_T90_Fm75_Rm250,,NaN,0,0,not_scored,Inf,Inf,,Inf,NaN,NaN,NaN,NaN,NaN,NaN,NaN,NaN,NaN,NaN,NaN,Error due to multiple causes.,NaN,NaN,0,0,,
newmap_overnight_highspeed_fixed_grid_direct_db,direct_vinf_alpha_force_balance_v1,newmap_overnight_highspeed_fixed_grid,BridgeFrontier_Tilt60_V55_A0,tilt_60_v_55_a_0,60,55,0,vinf_alpha_force_balance_v1,prop_fixed_flap_elevator,guide_V55_T60_Fm75_Rm250,,NaN,0,0,not_scored,Inf,Inf,,Inf,NaN,NaN,NaN,NaN,NaN,NaN,NaN,NaN,NaN,NaN,NaN,Error due to multiple causes.,NaN,NaN,0,0,,
newmap_overnight_highspeed_fixed_grid_direct_db,direct_vinf_alpha_force_balance_v1,newmap_overnight_highspeed_fixed_grid,BridgeFrontier_Tilt60_V55_A2p5,tilt_60_v_55_a_2p5,60,55,2.5,vinf_alpha_force_balance_v1,prop_fixed_flap_elevator,guide_V55_T60_Fm75_Rm250,,NaN,0,0,not_scored,Inf,Inf,,Inf,NaN,NaN,NaN,NaN,NaN,NaN,NaN,NaN,NaN,NaN,NaN,Error due to multiple causes.,NaN,NaN,0,0,,
newmap_overnight_highspeed_fixed_grid_direct_db,direct_vinf_alpha_force_balance_v1,newmap_overnight_highspeed_fixed_grid,BridgeFrontier_Tilt60_V55_A5,tilt_60_v_55_a_5,60,55,5,vinf_alpha_force_balance_v1,prop_fixed_flap_elevator,guide_V55_T60_Fm75_Rm250,,NaN,0,0,not_scored,Inf,Inf,,Inf,NaN,NaN,NaN,NaN,NaN,NaN,NaN,NaN,NaN,NaN,NaN,Error due to multiple causes.,NaN,NaN,0,0,,
newmap_overnight_highspeed_fixed_grid_direct_db,direct_vinf_alpha_force_balance_v1,newmap_overnight_highspeed_fixed_grid,BridgeFrontier_Tilt60_V55_A7p5,tilt_60_v_55_a_7p5,60,55,7.5,vinf_alpha_force_balance_v1,prop_fixed_flap_elevator,guide_V55_T60_Fm75_Rm250,,NaN,0,0,not_scored,Inf,Inf,,Inf,NaN,NaN,NaN,NaN,NaN,NaN,NaN,NaN,NaN,NaN,NaN,Error due to multiple causes.,NaN,NaN,0,0,,
newmap_overnight_highspeed_fixed_grid_direct_db,direct_vinf_alpha_force_balance_v1,newmap_overnight_highspeed_fixed_grid,BridgeFrontier_Tilt60_V55_A10,tilt_60_v_55_a_10,60,55,10,vinf_alpha_force_balance_v1,prop_fixed_flap_elevator,guide_V55_T60_Fm75_Rm250,,NaN,0,0,not_scored,Inf,Inf,,Inf,NaN,NaN,NaN,NaN,NaN,NaN,NaN,NaN,NaN,NaN,NaN,Error due to multiple causes.,NaN,NaN,0,0,,
newmap_overnight_highspeed_fixed_grid_direct_db,direct_vinf_alpha_force_balance_v1,newmap_overnight_highspeed_fixed_grid,BridgeFrontier_Tilt60_V55_A12p5,tilt_60_v_55_a_12p5,60,55,12.5,vinf_alpha_force_balance_v1,prop_fixed_flap_elevator,guide_V55_T60_Fm75_Rm250,,NaN,0,0,not_scored,Inf,Inf,,Inf,NaN,NaN,NaN,NaN,NaN,NaN,NaN,NaN,NaN,NaN,NaN,Error due to multiple causes.,NaN,NaN,0,0,,
newmap_overnight_highspeed_fixed_grid_direct_db,direct_vinf_alpha_force_balance_v1,newmap_overnight_highspeed_fixed_grid,BridgeFrontier_Tilt60_V60_A0,tilt_60_v_60_a_0,60,60,0,vinf_alpha_force_balance_v1,prop_fixed_flap_elevator,guide_V60_T60_Fm75_Rm250,,NaN,0,0,not_scored,Inf,Inf,,Inf,NaN,NaN,NaN,NaN,NaN,NaN,NaN,NaN,NaN,NaN,NaN,Error due to multiple causes.,NaN,NaN,0,0,,
newmap_overnight_highspeed_fixed_grid_direct_db,direct_vinf_alpha_force_balance_v1,newmap_overnight_highspeed_fixed_grid,BridgeFrontier_Tilt60_V60_A2p5,tilt_60_v_60_a_2p5,60,60,2.5,vinf_alpha_force_balance_v1,prop_fixed_flap_elevator,guide_V60_T60_Fm75_Rm250,,NaN,0,0,not_scored,Inf,Inf,,Inf,NaN,NaN,NaN,NaN,NaN,NaN,NaN,NaN,NaN,NaN,NaN,Error due to multiple causes.,NaN,NaN,0,0,,
newmap_overnight_highspeed_fixed_grid_direct_db,direct_vinf_alpha_force_balance_v1,newmap_overnight_highspeed_fixed_grid,BridgeFrontier_Tilt60_V60_A5,tilt_60_v_60_a_5,60,60,5,vinf_alpha_force_balance_v1,prop_fixed_flap_elevator,guide_V60_T60_Fm75_Rm250,,NaN,0,0,not_scored,Inf,Inf,,Inf,NaN,NaN,NaN,NaN,NaN,NaN,NaN,NaN,NaN,NaN,NaN,Error due to multiple causes.,NaN,NaN,0,0,,
newmap_overnight_highspeed_fixed_grid_direct_db,direct_vinf_alpha_force_balance_v1,newmap_overnight_highspeed_fixed_grid,BridgeFrontier_Tilt60_V60_A7p5,tilt_60_v_60_a_7p5,60,60,7.5,vinf_alpha_force_balance_v1,prop_fixed_flap_elevator,guide_V60_T60_Fm75_Rm250,,NaN,0,0,not_scored,Inf,Inf,,Inf,NaN,NaN,NaN,NaN,NaN,NaN,NaN,NaN,NaN,NaN,NaN,Error due to multiple causes.,NaN,NaN,0,0,,
newmap_overnight_highspeed_fixed_grid_direct_db,direct_vinf_alpha_force_balance_v1,newmap_overnight_highspeed_fixed_grid,BridgeFrontier_Tilt60_V60_A10,tilt_60_v_60_a_10,60,60,10,vinf_alpha_force_balance_v1,prop_fixed_flap_elevator,guide_V60_T60_Fm75_Rm250,,NaN,0,0,not_scored,Inf,Inf,,Inf,NaN,NaN,NaN,NaN,NaN,NaN,NaN,NaN,NaN,NaN,NaN,Error due to multiple causes.,NaN,NaN,0,0,,
newmap_overnight_highspeed_fixed_grid_direct_db,direct_vinf_alpha_force_balance_v1,newmap_overnight_highspeed_fixed_grid,BridgeFrontier_Tilt60_V60_A12p5,tilt_60_v_60_a_12p5,60,60,12.5,vinf_alpha_force_balance_v1,prop_fixed_flap_elevator,guide_V60_T60_Fm75_Rm250,,NaN,0,0,not_scored,Inf,Inf,,Inf,NaN,NaN,NaN,NaN,NaN,NaN,NaN,NaN,NaN,NaN,NaN,Error due to multiple causes.,NaN,NaN,0,0,,
newmap_overnight_highspeed_fixed_grid_direct_db,direct_vinf_alpha_force_balance_v1,newmap_overnight_highspeed_fixed_grid,BridgeFrontier_Tilt65_V75_A0,tilt_65_v_75_a_0,65,75,0,vinf_alpha_force_balance_v1,prop_fixed_flap_elevator,guide_V75_T65_Fm75_Rm250,,NaN,0,0,not_scored,Inf,Inf,,Inf,NaN,NaN,NaN,NaN,NaN,NaN,NaN,NaN,NaN,NaN,NaN,Error due to multiple causes.,NaN,NaN,0,0,,
newmap_overnight_highspeed_fixed_grid_direct_db,direct_vinf_alpha_force_balance_v1,newmap_overnight_highspeed_fixed_grid,BridgeFrontier_Tilt65_V75_A2p5,tilt_65_v_75_a_2p5,65,75,2.5,vinf_alpha_force_balance_v1,prop_fixed_flap_elevator,guide_V75_T65_Fm75_Rm250,,NaN,0,0,not_scored,Inf,Inf,,Inf,NaN,NaN,NaN,NaN,NaN,NaN,NaN,NaN,NaN,NaN,NaN,Error due to multiple causes.,NaN,NaN,0,0,,
newmap_overnight_highspeed_fixed_grid_direct_db,direct_vinf_alpha_force_balance_v1,newmap_overnight_highspeed_fixed_grid,BridgeFrontier_Tilt65_V75_A5,tilt_65_v_75_a_5,65,75,5,vinf_alpha_force_balance_v1,prop_fixed_flap_elevator,guide_V75_T65_Fm75_Rm250,,NaN,0,0,not_scored,Inf,Inf,,Inf,NaN,NaN,NaN,NaN,NaN,NaN,NaN,NaN,NaN,NaN,NaN,Error due to multiple causes.,NaN,NaN,0,0,,
newmap_overnight_highspeed_fixed_grid_direct_db,direct_vinf_alpha_force_balance_v1,newmap_overnight_highspeed_fixed_grid,BridgeFrontier_Tilt65_V75_A7p5,tilt_65_v_75_a_7p5,65,75,7.5,vinf_alpha_force_balance_v1,prop_fixed_flap_elevator,guide_V75_T65_Fm75_Rm250,,NaN,0,0,not_scored,Inf,Inf,,Inf,NaN,NaN,NaN,NaN,NaN,NaN,NaN,NaN,NaN,NaN,NaN,Error due to multiple causes.,NaN,NaN,0,0,,
newmap_overnight_highspeed_fixed_grid_direct_db,direct_vinf_alpha_force_balance_v1,newmap_overnight_highspeed_fixed_grid,BridgeFrontier_Tilt65_V75_A10,tilt_65_v_75_a_10,65,75,10,vinf_alpha_force_balance_v1,prop_fixed_flap_elevator,guide_V75_T65_Fm75_Rm250,,NaN,0,0,not_scored,Inf,Inf,,Inf,NaN,NaN,NaN,NaN,NaN,NaN,NaN,NaN,NaN,NaN,NaN,Error due to multiple causes.,NaN,NaN,0,0,,
newmap_overnight_highspeed_fixed_grid_direct_db,direct_vinf_alpha_force_balance_v1,newmap_overnight_highspeed_fixed_grid,BridgeFrontier_Tilt65_V75_A12p5,tilt_65_v_75_a_12p5,65,75,12.5,vinf_alpha_force_balance_v1,prop_fixed_flap_elevator,guide_V75_T65_Fm75_Rm250,,NaN,0,0,not_scored,Inf,Inf,,Inf,NaN,NaN,NaN,NaN,NaN,NaN,NaN,NaN,NaN,NaN,NaN,Error due to multiple causes.,NaN,NaN,0,0,,
newmap_overnight_highspeed_fixed_grid_direct_db,direct_vinf_alpha_force_balance_v1,newmap_overnight_highspeed_fixed_grid,BridgeFrontier_Tilt95_V40_A0,tilt_95_v_40_a_0,95,40,0,vinf_alpha_force_balance_v1,prop_fixed_flap_elevator,guide_V40_T95_Fm75_Rm250,,NaN,0,0,not_scored,Inf,Inf,,Inf,NaN,NaN,NaN,NaN,NaN,NaN,NaN,NaN,NaN,NaN,NaN,Error due to multiple causes.,NaN,NaN,0,0,,
newmap_overnight_highspeed_fixed_grid_direct_db,direct_vinf_alpha_force_balance_v1,newmap_overnight_highspeed_fixed_grid,BridgeFrontier_Tilt95_V40_A2p5,tilt_95_v_40_a_2p5,95,40,2.5,vinf_alpha_force_balance_v1,prop_fixed_flap_elevator,guide_V40_T95_Fm75_Rm250,,NaN,0,0,not_scored,Inf,Inf,,Inf,NaN,NaN,NaN,NaN,NaN,NaN,NaN,NaN,NaN,NaN,NaN,Error due to multiple causes.,NaN,NaN,0,0,,
newmap_overnight_highspeed_fixed_grid_direct_db,direct_vinf_alpha_force_balance_v1,newmap_overnight_highspeed_fixed_grid,BridgeFrontier_Tilt95_V40_A5,tilt_95_v_40_a_5,95,40,5,vinf_alpha_force_balance_v1,prop_fixed_flap_elevator,guide_V40_T95_Fm75_Rm250,,NaN,0,0,not_scored,Inf,Inf,,Inf,NaN,NaN,NaN,NaN,NaN,NaN,NaN,NaN,NaN,NaN,NaN,Error due to multiple causes.,NaN,NaN,0,0,,
newmap_overnight_highspeed_fixed_grid_direct_db,direct_vinf_alpha_force_balance_v1,newmap_overnight_highspeed_fixed_grid,BridgeFrontier_Tilt95_V40_A7p5,tilt_95_v_40_a_7p5,95,40,7.5,vinf_alpha_force_balance_v1,prop_fixed_flap_elevator,guide_V40_T95_Fm75_Rm250,,NaN,0,0,not_scored,Inf,Inf,,Inf,NaN,NaN,NaN,NaN,NaN,NaN,NaN,NaN,NaN,NaN,NaN,Error due to multiple causes.,NaN,NaN,0,0,,
newmap_overnight_highspeed_fixed_grid_direct_db,direct_vinf_alpha_force_balance_v1,newmap_overnight_highspeed_fixed_grid,BridgeFrontier_Tilt95_V40_A10,tilt_95_v_40_a_10,95,40,10,vinf_alpha_force_balance_v1,prop_fixed_flap_elevator,guide_V40_T95_Fm75_Rm250,,NaN,0,0,not_scored,Inf,Inf,,Inf,NaN,NaN,NaN,NaN,NaN,NaN,NaN,NaN,NaN,NaN,NaN,Error due to multiple causes.,NaN,NaN,0,0,,
newmap_overnight_highspeed_fixed_grid_direct_db,direct_vinf_alpha_force_balance_v1,newmap_overnight_highspeed_fixed_grid,BridgeFrontier_Tilt95_V40_A12p5,tilt_95_v_40_a_12p5,95,40,12.5,vinf_alpha_force_balance_v1,prop_fixed_flap_elevator,guide_V40_T95_Fm75_Rm250,,NaN,0,0,not_scored,Inf,Inf,,Inf,NaN,NaN,NaN,NaN,NaN,NaN,NaN,NaN,NaN,NaN,NaN,Error due to multiple causes.,NaN,NaN,0,0,,
newmap_overnight_highspeed_fixed_grid_direct_db,direct_vinf_alpha_force_balance_v1,newmap_overnight_highspeed_fixed_grid,BridgeFrontier_Tilt60_V65_A0,tilt_60_v_65_a_0,60,65,0,vinf_alpha_force_balance_v1,prop_fixed_flap_elevator,guide_V65_T60_Fm75_Rm250,,NaN,0,0,not_scored,Inf,Inf,,Inf,NaN,NaN,NaN,NaN,NaN,NaN,NaN,NaN,NaN,NaN,NaN,Error due to multiple causes.,NaN,NaN,0,0,,
newmap_overnight_highspeed_fixed_grid_direct_db,direct_vinf_alpha_force_balance_v1,newmap_overnight_highspeed_fixed_grid,BridgeFrontier_Tilt60_V65_A2p5,tilt_60_v_65_a_2p5,60,65,2.5,vinf_alpha_force_balance_v1,prop_fixed_flap_elevator,guide_V65_T60_Fm75_Rm250,,NaN,0,0,not_scored,Inf,Inf,,Inf,NaN,NaN,NaN,NaN,NaN,NaN,NaN,NaN,NaN,NaN,NaN,Error due to multiple causes.,NaN,NaN,0,0,,
newmap_overnight_highspeed_fixed_grid_direct_db,direct_vinf_alpha_force_balance_v1,newmap_overnight_highspeed_fixed_grid,BridgeFrontier_Tilt60_V65_A5,tilt_60_v_65_a_5,60,65,5,vinf_alpha_force_balance_v1,prop_fixed_flap_elevator,guide_V65_T60_Fm75_Rm250,,NaN,0,0,not_scored,Inf,Inf,,Inf,NaN,NaN,NaN,NaN,NaN,NaN,NaN,NaN,NaN,NaN,NaN,Error due to multiple causes.,NaN,NaN,0,0,,
newmap_overnight_highspeed_fixed_grid_direct_db,direct_vinf_alpha_force_balance_v1,newmap_overnight_highspeed_fixed_grid,BridgeFrontier_Tilt60_V65_A7p5,tilt_60_v_65_a_7p5,60,65,7.5,vinf_alpha_force_balance_v1,prop_fixed_flap_elevator,guide_V65_T60_Fm75_Rm250,,NaN,0,0,not_scored,Inf,Inf,,Inf,NaN,NaN,NaN,NaN,NaN,NaN,NaN,NaN,NaN,NaN,NaN,Error due to multiple causes.,NaN,NaN,0,0,,
newmap_overnight_highspeed_fixed_grid_direct_db,direct_vinf_alpha_force_balance_v1,newmap_overnight_highspeed_fixed_grid,BridgeFrontier_Tilt60_V65_A10,tilt_60_v_65_a_10,60,65,10,vinf_alpha_force_balance_v1,prop_fixed_flap_elevator,guide_V65_T60_Fm75_Rm250,,NaN,0,0,not_scored,Inf,Inf,,Inf,NaN,NaN,NaN,NaN,NaN,NaN,NaN,NaN,NaN,NaN,NaN,Error due to multiple causes.,NaN,NaN,0,0,,
newmap_overnight_highspeed_fixed_grid_direct_db,direct_vinf_alpha_force_balance_v1,newmap_overnight_highspeed_fixed_grid,BridgeFrontier_Tilt60_V65_A12p5,tilt_60_v_65_a_12p5,60,65,12.5,vinf_alpha_force_balance_v1,prop_fixed_flap_elevator,guide_V65_T60_Fm75_Rm250,,NaN,0,0,not_scored,Inf,Inf,,Inf,NaN,NaN,NaN,NaN,NaN,NaN,NaN,NaN,NaN,NaN,NaN,Error due to multiple causes.,NaN,NaN,0,0,,
newmap_overnight_highspeed_fixed_grid_direct_db,direct_vinf_alpha_force_balance_v1,newmap_overnight_highspeed_fixed_grid,BridgeFrontier_Tilt60_V70_A0,tilt_60_v_70_a_0,60,70,0,vinf_alpha_force_balance_v1,prop_fixed_flap_elevator,guide_V70_T60_Fm75_Rm250,,NaN,0,0,not_scored,Inf,Inf,,Inf,NaN,NaN,NaN,NaN,NaN,NaN,NaN,NaN,NaN,NaN,NaN,Error due to multiple causes.,NaN,NaN,0,0,,
newmap_overnight_highspeed_fixed_grid_direct_db,direct_vinf_alpha_force_balance_v1,newmap_overnight_highspeed_fixed_grid,BridgeFrontier_Tilt60_V70_A2p5,tilt_60_v_70_a_2p5,60,70,2.5,vinf_alpha_force_balance_v1,prop_fixed_flap_elevator,guide_V70_T60_Fm75_Rm250,,NaN,0,0,not_scored,Inf,Inf,,Inf,NaN,NaN,NaN,NaN,NaN,NaN,NaN,NaN,NaN,NaN,NaN,Error due to multiple causes.,NaN,NaN,0,0,,
newmap_overnight_highspeed_fixed_grid_direct_db,direct_vinf_alpha_force_balance_v1,newmap_overnight_highspeed_fixed_grid,BridgeFrontier_Tilt60_V70_A5,tilt_60_v_70_a_5,60,70,5,vinf_alpha_force_balance_v1,prop_fixed_flap_elevator,guide_V70_T60_Fm75_Rm250,,NaN,0,0,not_scored,Inf,Inf,,Inf,NaN,NaN,NaN,NaN,NaN,NaN,NaN,NaN,NaN,NaN,NaN,Error due to multiple causes.,NaN,NaN,0,0,,
newmap_overnight_highspeed_fixed_grid_direct_db,direct_vinf_alpha_force_balance_v1,newmap_overnight_highspeed_fixed_grid,BridgeFrontier_Tilt60_V70_A7p5,tilt_60_v_70_a_7p5,60,70,7.5,vinf_alpha_force_balance_v1,prop_fixed_flap_elevator,guide_V70_T60_Fm75_Rm250,,NaN,0,0,not_scored,Inf,Inf,,Inf,NaN,NaN,NaN,NaN,NaN,NaN,NaN,NaN,NaN,NaN,NaN,Error due to multiple causes.,NaN,NaN,0,0,,
newmap_overnight_highspeed_fixed_grid_direct_db,direct_vinf_alpha_force_balance_v1,newmap_overnight_highspeed_fixed_grid,BridgeFrontier_Tilt60_V70_A10,tilt_60_v_70_a_10,60,70,10,vinf_alpha_force_balance_v1,prop_fixed_flap_elevator,guide_V70_T60_Fm75_Rm250,,NaN,0,0,not_scored,Inf,Inf,,Inf,NaN,NaN,NaN,NaN,NaN,NaN,NaN,NaN,NaN,NaN,NaN,Error due to multiple causes.,NaN,NaN,0,0,,
newmap_overnight_highspeed_fixed_grid_direct_db,direct_vinf_alpha_force_balance_v1,newmap_overnight_highspeed_fixed_grid,BridgeFrontier_Tilt60_V70_A12p5,tilt_60_v_70_a_12p5,60,70,12.5,vinf_alpha_force_balance_v1,prop_fixed_flap_elevator,guide_V70_T60_Fm75_Rm250,,NaN,0,0,not_scored,Inf,Inf,,Inf,NaN,NaN,NaN,NaN,NaN,NaN,NaN,NaN,NaN,NaN,NaN,Error due to multiple causes.,NaN,NaN,0,0,,
newmap_overnight_highspeed_fixed_grid_direct_db,direct_vinf_alpha_force_balance_v1,newmap_overnight_highspeed_fixed_grid,BridgeFrontier_Tilt60_V75_A0,tilt_60_v_75_a_0,60,75,0,vinf_alpha_force_balance_v1,prop_fixed_flap_elevator,guide_V75_T60_Fm75_Rm250,,NaN,0,0,not_scored,Inf,Inf,,Inf,NaN,NaN,NaN,NaN,NaN,NaN,NaN,NaN,NaN,NaN,NaN,Error due to multiple causes.,NaN,NaN,0,0,,
newmap_overnight_highspeed_fixed_grid_direct_db,direct_vinf_alpha_force_balance_v1,newmap_overnight_highspeed_fixed_grid,BridgeFrontier_Tilt60_V75_A2p5,tilt_60_v_75_a_2p5,60,75,2.5,vinf_alpha_force_balance_v1,prop_fixed_flap_elevator,guide_V75_T60_Fm75_Rm250,,NaN,0,0,not_scored,Inf,Inf,,Inf,NaN,NaN,NaN,NaN,NaN,NaN,NaN,NaN,NaN,NaN,NaN,Error due to multiple causes.,NaN,NaN,0,0,,
newmap_overnight_highspeed_fixed_grid_direct_db,direct_vinf_alpha_force_balance_v1,newmap_overnight_highspeed_fixed_grid,BridgeFrontier_Tilt60_V75_A5,tilt_60_v_75_a_5,60,75,5,vinf_alpha_force_balance_v1,prop_fixed_flap_elevator,guide_V75_T60_Fm75_Rm250,,NaN,0,0,not_scored,Inf,Inf,,Inf,NaN,NaN,NaN,NaN,NaN,NaN,NaN,NaN,NaN,NaN,NaN,Error due to multiple causes.,NaN,NaN,0,0,,
newmap_overnight_highspeed_fixed_grid_direct_db,direct_vinf_alpha_force_balance_v1,newmap_overnight_highspeed_fixed_grid,BridgeFrontier_Tilt60_V75_A7p5,tilt_60_v_75_a_7p5,60,75,7.5,vinf_alpha_force_balance_v1,prop_fixed_flap_elevator,guide_V75_T60_Fm75_Rm250,,NaN,0,0,not_scored,Inf,Inf,,Inf,NaN,NaN,NaN,NaN,NaN,NaN,NaN,NaN,NaN,NaN,NaN,Error due to multiple causes.,NaN,NaN,0,0,,
newmap_overnight_highspeed_fixed_grid_direct_db,direct_vinf_alpha_force_balance_v1,newmap_overnight_highspeed_fixed_grid,BridgeFrontier_Tilt60_V75_A10,tilt_60_v_75_a_10,60,75,10,vinf_alpha_force_balance_v1,prop_fixed_flap_elevator,guide_V75_T60_Fm75_Rm250,,NaN,0,0,not_scored,Inf,Inf,,Inf,NaN,NaN,NaN,NaN,NaN,NaN,NaN,NaN,NaN,NaN,NaN,Error due to multiple causes.,NaN,NaN,0,0,,
newmap_overnight_highspeed_fixed_grid_direct_db,direct_vinf_alpha_force_balance_v1,newmap_overnight_highspeed_fixed_grid,BridgeFrontier_Tilt60_V75_A12p5,tilt_60_v_75_a_12p5,60,75,12.5,vinf_alpha_force_balance_v1,prop_fixed_flap_elevator,guide_V75_T60_Fm75_Rm250,,NaN,0,0,not_scored,Inf,Inf,,Inf,NaN,NaN,NaN,NaN,NaN,NaN,NaN,NaN,NaN,NaN,NaN,Error due to multiple causes.,NaN,NaN,0,0,,
newmap_rectangle_coarse_direct_db,direct_vinf_alpha_force_balance_v1,newmap_rectangle_coarse,rectExtraAlpha_Tilt80_V50_A10,tilt_80_v_50_a_10,80,50,10,vinf_alpha_force_balance_v1,rear_fixed_flap_elevator,MidbandGuide_Tilt80_V50_A2p5,,NaN,0,1,quasi_trim_usable,5.97833963702474e-07,1.32141742614778e-06,q_dot,8.15771691016474e-07,1113.54325564987,235.185220007432,10.2701139420433,0,-12.9663638184672,0,7.16497456094001,49.9524110790929,2.1809693682668,2.5,4.66497456094001,Could not find a solution that satisfies all constraints.  Relax the constraints to find a feasible solution.,NaN,NaN,1,0,,
newmap_rectangle_coarse_direct_db,direct_vinf_alpha_force_balance_v1,newmap_rectangle_coarse,rect_Tilt10_V5_A2p5,tilt_10_v_5_a_2p5,10,5,2.5,vinf_alpha_force_balance_v1,front_rear_free_flap_elevator,BridgeFrontier_Tilt15_V5_A0,,NaN,1,1,exact_trim,2.03661970011639e-08,3.73080865104087e-08,q_dot,3.73080865104087e-08,1878.42159392736,1729.19333678382,8.38857130582801,0,20.1416273465143,0,5.30001994534145,4.9952411079093,0.21809693682668,2.5,2.80001994534145,Operating point specifications were successfully met.,NaN,NaN,1,0,,
newmap_rectangle_coarse_direct_db,direct_vinf_alpha_force_balance_v1,newmap_rectangle_coarse,rect_Tilt80_V55_A5,tilt_80_v_55_a_5,80,55,5,vinf_alpha_force_balance_v1,front_rear_free_flap_elevator,BridgeFrontier_Tilt80_V55_A7p5,,NaN,1,1,exact_trim,2.63311045545235e-11,4.8618540961918e-11,q_dot,4.8618540961918e-11,658.464058905792,374.652023621354,1.84177531755335,0,-17.1275856800816,0,3.08598629326418,54.7907083950461,4.79356585112119,4.99999999999998,-1.9140137067358,Operating point specifications were successfully met.,NaN,NaN,1,0,,
newmap_rectangle_coarse_direct_db,direct_vinf_alpha_force_balance_v1,newmap_rectangle_coarse,rectExtraAlpha_Tilt80_V55_A10,tilt_80_v_55_a_10,80,55,10,vinf_alpha_force_balance_v1,front_rear_free_flap_elevator,guide_V55_T80_Fm75_R0,,NaN,1,1,exact_trim,1.42852873351985e-07,2.21654739716897e-07,q_dot,2.21654739716897e-07,1311.99382922888,219.041447947682,-8.20970003749764,0,-24.9994089605614,0,18.2611770006174,54.1644264156714,9.55064977168118,10,8.26117700061741,Operating point specifications were successfully met.,NaN,NaN,1,0,,
newmap_rectangle_coarse_direct_db,direct_vinf_alpha_force_balance_v1,newmap_rectangle_coarse,rect_Tilt60_V35_A10,tilt_60_v_35_a_10,60,35,10,vinf_alpha_force_balance_v1,front_rear_free_flap_elevator,guide_V35_T60_F0_R250,,NaN,1,1,exact_trim,2.83117802571594e-09,4.88041499971899e-09,q_dot,4.88041499971899e-09,1892.54931394322,657.571005973588,-3.32860817570615,0,-12.6161642086567,0,31.1137092449076,34.4682713554273,6.07768621834256,9.99999999999999,21.1137092449076,Operating point specifications were successfully met.,NaN,NaN,1,0,,
newmap_rectangle_coarse_direct_db,direct_vinf_alpha_force_balance_v1,newmap_rectangle_coarse,rectExtraAlpha_Tilt60_V35_A15,tilt_60_v_35_a_15,60,35,15,vinf_alpha_force_balance_v1,front_rear_free_flap_elevator,guide_V35_T60_Fm75_R250,,NaN,1,1,exact_trim,1.72712004071795e-12,3.25091468708924e-12,q_dot,3.25091468708924e-12,1784.85266084296,1039.11440441708,24.9787346480291,0,-10.3070365384891,0,13.0880387228229,33.8074039201174,9.05866657858823,15,-1.91196127717714,Operating point specifications were successfully met.,NaN,NaN,1,0,,
newmap_rectangle_coarse_direct_db,direct_vinf_alpha_force_balance_v1,newmap_rectangle_coarse,rect_Tilt90_V75_A0,tilt_90_v_75_a_0,90,75,0,vinf_alpha_force_balance_v1,front_rear_free_flap_elevator,guide_V75_T90_Fm75_R0,,NaN,1,1,exact_trim,9.85562723185845e-11,1.86281638310621e-10,q_dot,1.86281638310621e-10,646.54365653365,436.497709185486,0.639764003942022,0,-4.79703084878445,0,-1.99996567643529,75,-5.46985167121494e-20,-4.17865887097595e-20,-1.99996567643529,Operating point specifications were successfully met.,NaN,NaN,1,0,,
newmap_rectangle_coarse_direct_db,direct_vinf_alpha_force_balance_v1,newmap_rectangle_coarse,rect_Tilt80_V45_A7p5,tilt_80_v_45_a_7p5,80,45,7.5,vinf_alpha_force_balance_v1,front_rear_free_flap_elevator,guide_V45_T80_F75_R250,,NaN,0,0,not_usable,1.05356542684538,2.19517992501209,w_dot,2.19517992501209,1293.52532449867,415.174697725617,7.76284180018633,0,-25,0,17.2950554451345,44.6150187618066,5.87367864991898,7.5000000000235,9.79505544511104,Could not find a solution that satisfies all constraints.  Relax the constraints to find a feasible solution.,NaN,NaN,1,0,,
newmap_rectangle_coarse_direct_db,direct_vinf_alpha_force_balance_v1,newmap_rectangle_coarse,rectExtraAlpha_Tilt80_V45_A12p5,tilt_80_v_45_a_12p5,80,45,12.5,vinf_alpha_force_balance_v1,front_rear_free_flap_elevator,master_MidbandGuide_Tilt75_V45_A2p5,,NaN,0,0,not_usable,2.81363366231221,4.98798090475542,q_dot,4.98798090475542,1338.74029269814,142.753771955295,14.8533492044976,0,-11.3742433731675,0,11.9149551702724,44.9571699711836,1.96287243144012,2.5,9.41495517027241,Could not find a solution that satisfies all constraints.  Relax the constraints to find a feasible solution.,NaN,NaN,1,0,,
newmap_rectangle_coarse_direct_db,direct_vinf_alpha_force_balance_v1,newmap_rectangle_coarse,rect_Tilt50_V30_A10,tilt_50_v_30_a_10,50,30,10,vinf_alpha_force_balance_v1,prop_fixed_flap_elevator,MidbandGuide_Tilt50_V30_A2p5,,NaN,1,1,exact_trim,7.38260844407933e-09,1.27399744669115e-08,q_dot,1.27399744669115e-08,1841.00846115561,1188.02972093664,-1.93619429392694,0,-21.9086518949952,0,24.9093136242128,29.5442325909644,5.20944533005954,9.99999999989874,14.9093136243141,Operating point specifications were successfully met.,NaN,NaN,1,0,,
newmap_rectangle_coarse_direct_db,direct_vinf_alpha_force_balance_v1,newmap_rectangle_coarse,rect_Tilt60_V30_A10,tilt_60_v_30_a_10,60,30,10,vinf_alpha_force_balance_v1,front_rear_free_flap_elevator,MidbandGuide_Tilt60_V30_A12p5,,NaN,1,1,exact_trim,1.6254461112746e-10,2.88418063680347e-10,q_dot,2.88418063680347e-10,2017.27588170024,757.290735123364,5.1264367070085,0,-4.29735671946043,0,33.3961476212724,29.5442325903663,5.2094453300079,9.99999999999998,23.3961476212725,Operating point specifications were successfully met.,NaN,NaN,1,0,,
newmap_rectangle_coarse_direct_db,direct_vinf_alpha_force_balance_v1,newmap_rectangle_coarse,rectExtraAlpha_Tilt60_V30_A15,tilt_60_v_30_a_15,60,30,15,vinf_alpha_force_balance_v1,front_rear_free_flap_elevator,MidbandGuide_Tilt60_V30_A12p5,,NaN,1,1,exact_trim,8.06107830465703e-13,1.71240799318184e-12,w_dot,1.71240799318184e-12,2017.2762689368,757.290632157632,-3.43642825135517,0,-13.5837106049136,0,35.3560779829821,28.9777747886721,7.76457135307563,15,20.3560779829821,Operating point specifications were successfully met.,NaN,NaN,1,0,,
newmap_rectangle_coarse_direct_db,direct_vinf_alpha_force_balance_v1,newmap_rectangle_coarse,rect_Tilt70_V45_A7p5,tilt_70_v_45_a_7p5,70,45,7.5,vinf_alpha_force_balance_v1,front_rear_free_flap_elevator,MidbandGuide_Tilt70_V45_A2p5,,NaN,1,1,exact_trim,1.64015177360213e-08,2.77344702144553e-08,q_dot,2.77344702144553e-08,1369.33824260241,344.521399007168,5.12021370349687,0,-20.5028211569582,0,16.4744891712983,44.615018761838,5.87367864990356,7.49999999999881,8.97448917129945,Operating point specifications were successfully met.,NaN,NaN,1,0,,
newmap_rectangle_coarse_direct_db,direct_vinf_alpha_force_balance_v1,newmap_rectangle_coarse,rectExtraAlpha_Tilt70_V45_A12p5,tilt_70_v_45_a_12p5,70,45,12.5,vinf_alpha_force_balance_v1,rear_fixed_flap_elevator,MidbandGuide_Tilt70_V45_A5,,NaN,0,1,quasi_trim_usable,1.49065956824201e-10,2.96310531666677e-10,w_dot,2.96310531666677e-10,1356.13978820724,881.178596974422,7.30311307332745,0,-24.9719934162844,0,13.6307396043707,44.8287614141286,3.92200842364462,5,8.6307396043707,Could not find a solution that satisfies all constraints.  Relax the constraints to find a feasible solution.,NaN,NaN,1,0,,
newmap_rectangle_coarse_direct_db,direct_vinf_alpha_force_balance_v1,newmap_rectangle_coarse,rect_Tilt0_V5_A2p5,tilt_0_v_5_a_2p5,0,5,2.5,vinf_alpha_force_balance_v1,front_rear_free_flap_elevator,BridgeFrontier_Tilt0_V5_A10,,NaN,1,1,exact_trim,6.4170134282167e-11,1.05436310448073e-10,q_dot,1.05436310448073e-10,1857.49221555599,1748.52995606528,23.0085186291416,0,-3.2560696049366,0,-0.170163847450115,4.99524110800856,0.21809693683979,2.50000000010047,-2.67016384755059,Operating point specifications were successfully met.,NaN,NaN,1,0,,
newmap_rectangle_coarse_direct_db,direct_vinf_alpha_force_balance_v1,newmap_rectangle_coarse,rect_Tilt70_V35_A10,tilt_70_v_35_a_10,70,35,10,vinf_alpha_force_balance_v1,front_rear_free_flap_elevator,guide_V35_T70_Fm75_R0,,NaN,1,1,exact_trim,1.69752123793009e-09,2.59076315956008e-09,w_dot,2.59076315956008e-09,2230.62816796997,165.031496073294,-10.9305988575778,0,-4.93251859728912,0,48.2086467284237,34.4682713554273,6.0776862183426,10.0000000000001,38.2086467284236,Operating point specifications were successfully met.,NaN,NaN,1,0,,
newmap_rectangle_coarse_direct_db,direct_vinf_alpha_force_balance_v1,newmap_rectangle_coarse,rectExtraAlpha_Tilt70_V35_A15,tilt_70_v_35_a_15,70,35,15,vinf_alpha_force_balance_v1,front_rear_free_flap_elevator,entry_rectExtraAlpha_Tilt60_V35_A15,,NaN,0,0,near_trim_borderline,0.705134511535965,1.37989424060102,w_dot,1.37989424060102,2138.83881746859,882.616415934157,25,0,-7.86808681733824,0,25.8731634207814,33.8074039201182,9.05866657858854,15.0000000000002,10.8731634207812,Could not find a solution that satisfies all constraints.  Relax the constraints to find a feasible solution.,NaN,NaN,1,0,,
newmap_rectangle_coarse_direct_db,direct_vinf_alpha_force_balance_v1,newmap_rectangle_coarse,rect_Tilt90_V55_A5,tilt_90_v_55_a_5,90,55,5,vinf_alpha_force_balance_v1,front_rear_free_flap_elevator,BridgeFrontier_Tilt90_V55_A2p5,,NaN,1,1,exact_trim,2.21507252053333e-11,3.99206442892253e-11,q_dot,3.99206442892253e-11,957.704803286085,286.608615359637,2.34461386362728,0,-17.8438711480292,0,7.26524025120629,54.790708395046,4.79356585112121,5.00000000000001,2.26524025120628,Operating point specifications were successfully met.,NaN,NaN,1,0,,
newmap_rectangle_coarse_direct_db,direct_vinf_alpha_force_balance_v1,newmap_rectangle_coarse,rect_Tilt80_V65_A0,tilt_80_v_65_a_0,80,65,0,vinf_alpha_force_balance_v1,front_rear_free_flap_elevator,MidbandGuide_Tilt77p5_V65_A0,,NaN,1,1,exact_trim,2.71144471462642e-10,5.95960614191426e-10,w_dot,5.95960614191426e-10,1057.33704130224,213.541181695807,3.9696272833091,0,-4.81078829100492,0,4.4264607748514,65,-1.2210585737433e-23,-1.07633081251931e-23,4.4264607748514,Operating point specifications were successfully met.,NaN,NaN,1,0,,
newmap_rectangle_coarse_direct_db,direct_vinf_alpha_force_balance_v1,newmap_rectangle_coarse,rect_Tilt10_V0_A0,tilt_10_v_0_a_0,10,0,0,vinf_alpha_force_balance_v1,front_rear_free_flap_elevator,entry_rect_Tilt10_V5_A2p5,,NaN,0,1,quasi_trim_usable,0.51209922895346,0.899052066796001,q_dot,0.899052066796001,1878.42159392736,1729.19333678382,8.38857130582801,0,20.1416273465143,0,5.30001994534145,0,0,0,5.30001994534145,Could not find a solution that satisfies all constraints.  Relax the constraints to find a feasible solution.,NaN,NaN,1,0,,
newmap_rectangle_coarse_direct_db,direct_vinf_alpha_force_balance_v1,newmap_rectangle_coarse,rect_Tilt60_V40_A7p5,tilt_60_v_40_a_7p5,60,40,7.5,vinf_alpha_force_balance_v1,front_rear_free_flap_elevator,guide_V40_T60_Fm75_R250,,NaN,1,1,exact_trim,7.12901574095487e-11,1.07533537629934e-10,q_dot,9.80089214764519e-11,2109.32683567841,457.258204011608,-10.6843067381013,0,14.1320936598921,0,34.9505318822497,39.6577944549524,5.22104768880206,7.5,27.4505318822497,Operating point specifications were successfully met.,NaN,NaN,1,0,,
newmap_rectangle_coarse_direct_db,direct_vinf_alpha_force_balance_v1,newmap_rectangle_coarse,rect_Tilt80_V40_A7p5,tilt_80_v_40_a_7p5,80,40,7.5,vinf_alpha_force_balance_v1,front_rear_free_flap_elevator,master_MidbandGuide_Tilt80_V45_A2p5,,NaN,0,0,not_usable,3.28613145436654,6.90760183817811,w_dot,6.90760183817811,1709.52088554349,256.932486050335,14.5663925106231,0,-13.1433028968219,0,20.4124138080896,39.9619288632743,1.74477549461344,2.5,17.9124138080896,Could not find a solution that satisfies all constraints.  Relax the constraints to find a feasible solution.,NaN,NaN,1,0,,
newmap_rectangle_coarse_direct_db,direct_vinf_alpha_force_balance_v1,newmap_rectangle_coarse,rectExtraAlpha_Tilt60_V40_A12p5,tilt_60_v_40_a_12p5,60,40,12.5,vinf_alpha_force_balance_v1,front_rear_free_flap_elevator,MidbandGuide_Tilt60_V40_A0,,NaN,1,1,exact_trim,7.55930739260549e-06,1.40968919892971e-05,q_dot,1.40968919892971e-05,1650.51015547759,359.155446023451,-5.95397807148633,0,-21.721227856782,0,25.9297189115215,39.0518402847973,8.65758455752411,12.5,13.4297189115215,Operating point specifications were successfully met.,NaN,NaN,1,0,,
newmap_rectangle_coarse_direct_db,direct_vinf_alpha_force_balance_v1,newmap_rectangle_coarse,rectExtraAlpha_Tilt80_V40_A12p5,tilt_80_v_40_a_12p5,80,40,12.5,vinf_alpha_force_balance_v1,front_rear_free_flap_elevator,guide_V40_T80_F0_R250,,NaN,0,0,not_usable,1.17626304192842,3.66380600110928,u_dot,3.66380600110928,2383.78196162572,1194.34195810805,25,0,-25,0,23.3680026301836,39.0518402840056,8.65758455727529,12.4999999998975,10.8680026302861,Could not find a solution that satisfies all constraints.  Relax the constraints to find a feasible solution.,NaN,NaN,1,0,,
newmap_rectangle_coarse_direct_db,direct_vinf_alpha_force_balance_v1,newmap_rectangle_coarse,rect_Tilt90_V50_A5,tilt_90_v_50_a_5,90,50,5,vinf_alpha_force_balance_v1,front_rear_free_flap_elevator,guide_V50_T90_Fm75_R250,,NaN,1,1,exact_trim,2.10684239512538e-10,3.78552384006896e-10,q_dot,3.78552384006896e-10,600.009302660361,440.986715017066,7.79038963638948,0,-20.9394166843032,0,1.50501297869048,49.8097349045873,4.35778713738291,5,-3.49498702130952,Operating point specifications were successfully met.,NaN,NaN,1,0,,
newmap_rectangle_coarse_direct_db,direct_vinf_alpha_force_balance_v1,newmap_rectangle_coarse,rectExtraAlpha_Tilt70_V50_A10,tilt_70_v_50_a_10,70,50,10,vinf_alpha_force_balance_v1,front_rear_free_flap_elevator,MidbandGuide_Tilt70_V50_A5,,NaN,1,1,exact_trim,5.58341062851336e-09,1.05305267784387e-08,q_dot,1.05305267784387e-08,1144.94862940652,139.06924072016,-4.21820231305272,0,-25,0,14.3859988588319,49.2403876506104,8.68240888334652,10,4.38599885883193,Operating point specifications were successfully met.,NaN,NaN,1,0,,
newmap_rectangle_coarse_direct_db,direct_vinf_alpha_force_balance_v1,newmap_rectangle_coarse,rect_Tilt20_V5_A2p5,tilt_20_v_5_a_2p5,20,5,2.5,vinf_alpha_force_balance_v1,front_rear_free_flap_elevator,BridgeFrontier_Tilt15_V5_A0,,NaN,1,1,exact_trim,1.26524092104963e-09,2.37776636919533e-09,q_dot,2.37776636919533e-09,1918.42683953796,1714.81611560753,24.9947979935821,0,-12.3568541858297,0,10.8535275187857,4.99524110790943,0.218096936826468,2.49999999999751,8.35352751878818,Operating point specifications were successfully met.,NaN,NaN,1,0,,
newmap_rectangle_coarse_direct_db,direct_vinf_alpha_force_balance_v1,newmap_rectangle_coarse,rect_Tilt70_V55_A5,tilt_70_v_55_a_5,70,55,5,vinf_alpha_force_balance_v1,front_rear_free_flap_elevator,MidbandGuide_Tilt72p5_V55_A0,,NaN,0,1,quasi_trim_usable,0.467337590792528,0.881256355895746,q_dot,0.881256355895746,756.306167020643,274.356762922087,9.93347879104391,0,-6.40448550037772,0,-0.813545226055917,55,-2.27994129894175e-23,-2.3751093448534e-23,-0.813545226055917,Could not find a solution that satisfies all constraints.  Relax the constraints to find a feasible solution.,NaN,NaN,1,0,,
newmap_rectangle_coarse_direct_db,direct_vinf_alpha_force_balance_v1,newmap_rectangle_coarse,rectExtraAlpha_Tilt70_V55_A10,tilt_70_v_55_a_10,70,55,10,vinf_alpha_force_balance_v1,front_rear_free_flap_elevator,entry_rectExtraAlpha_Tilt80_V55_A10,,NaN,1,1,exact_trim,7.76266938568691e-13,1.47792889038101e-12,w_dot,1.47792889038101e-12,1308.93282321579,206.53174826641,-9.55626365261243,0,-22.0588258879455,0,17.4667188491673,54.1644264156714,9.55064977168117,10,7.46671884916725,Operating point specifications were successfully met.,NaN,NaN,1,0,,
newmap_rectangle_coarse_direct_db,direct_vinf_alpha_force_balance_v1,newmap_rectangle_coarse,rect_Tilt50_V35_A10,tilt_50_v_35_a_10,50,35,10,vinf_alpha_force_balance_v1,front_rear_free_flap_elevator,guide_V35_T50_Fm75_R250,,NaN,1,1,exact_trim,4.16008687483391e-11,7.56494647224582e-11,q_dot,7.56494647224582e-11,1655.30931058779,1074.78568324068,-0.629298652725512,0,-24.9998855676578,0,20.5603987425262,34.4682713554273,6.07768621834257,10,10.5603987425261,Operating point specifications were successfully met.,NaN,NaN,1,0,,
newmap_rectangle_coarse_direct_db,direct_vinf_alpha_force_balance_v1,newmap_rectangle_coarse,rectExtraAlpha_Tilt50_V35_A15,tilt_50_v_35_a_15,50,35,15,vinf_alpha_force_balance_v1,prop_fixed_flap_elevator,entry_rect_Tilt50_V35_A10,,NaN,0,1,quasi_trim_usable,4.16082726653823e-11,7.56623287150018e-11,q_dot,7.56623287150018e-11,1655.30931058779,1074.78568324068,-0.629298652725512,0,-24.9998855676578,0,20.5603987425262,34.4682713554273,6.07768621834257,10,10.5603987425261,Could not find a solution that satisfies all constraints.  Relax the constraints to find a feasible solution.,NaN,NaN,1,0,,
newmap_rectangle_coarse_direct_db,direct_vinf_alpha_force_balance_v1,newmap_rectangle_coarse,rect_Tilt80_V75_A0,tilt_80_v_75_a_0,80,75,0,vinf_alpha_force_balance_v1,front_rear_free_flap_elevator,MidbandGuide_Tilt80_V70_A0,,NaN,1,1,exact_trim,4.88053910999114e-12,9.70601377048297e-12,w_dot,9.70601377048297e-12,663.264672265435,255.399822057306,0.521579208276422,0,-4.22959837912427,0,-1.81343578801827,75,6.66314567821752e-25,5.09026834190265e-25,-1.81343578801827,Operating point specifications were successfully met.,NaN,NaN,1,0,,
newmap_rectangle_coarse_direct_db,direct_vinf_alpha_force_balance_v1,newmap_rectangle_coarse,rect_Tilt10_V15_A7p5,tilt_10_v_15_a_7p5,10,15,7.5,vinf_alpha_force_balance_v1,front_rear_free_flap_elevator,MidbandGuide_Tilt10_V10_A10,,NaN,1,1,exact_trim,1.82307393578393e-08,3.1636389508094e-08,w_dot,3.1636389508094e-08,1846.49965109011,1725.18297907578,-12.8028526003811,0,-23.3395487483338,0,5.07175027263802,14.8716729206072,1.95789288330078,7.49999999999999,-2.42824972736197,Operating point specifications were successfully met.,NaN,NaN,1,0,,
newmap_rectangle_coarse_direct_db,direct_vinf_alpha_force_balance_v1,newmap_rectangle_coarse,rect_Tilt60_V25_A10,tilt_60_v_25_a_10,60,25,10,vinf_alpha_force_balance_v1,front_rear_free_flap_elevator,MidbandGuide_Tilt50_V25_A15,,NaN,1,1,exact_trim,1.22155402610323e-07,2.05765391798897e-07,q_dot,2.05765391798897e-07,2169.62248193544,1202.45017605307,16.3688866322353,0,-0.883356636798801,0,34.1879727111781,24.6201938253132,4.34120444167528,10.0000000000014,24.1879727111767,Operating point specifications were successfully met.,NaN,NaN,1,0,,
newmap_rectangle_coarse_direct_db,direct_vinf_alpha_force_balance_v1,newmap_rectangle_coarse,rect_Tilt0_V10_A5,tilt_0_v_10_a_5,0,10,5,vinf_alpha_force_balance_v1,front_rear_free_flap_elevator,BridgeFrontier_Tilt0_V12p5_A10,,NaN,1,1,exact_trim,1.80900091663621e-07,3.17977281560911e-07,q_dot,2.43458653237474e-07,1830.30728263991,1697.40820367299,13.5015756609732,0,25,0,-0.312245077989007,9.96194698092132,0.871557427477402,5.00000000000275,-5.31224507799176,Operating point specifications were successfully met.,NaN,NaN,1,0,,
newmap_rectangle_coarse_direct_db,direct_vinf_alpha_force_balance_v1,newmap_rectangle_coarse,rect_Tilt30_V10_A5,tilt_30_v_10_a_5,30,10,5,vinf_alpha_force_balance_v1,front_rear_free_flap_elevator,BridgeFrontier_Tilt30_V5_A10,,NaN,1,1,exact_trim,1.10042985037227e-07,2.26624244703544e-07,w_dot,2.26624244703544e-07,1993.89400867896,1673.13005729248,-17.8566275833964,0,-0.87532482413259,0,17.4906872081328,9.96194698091818,0.871557427471185,4.99999999996884,12.490687208164,Operating point specifications were successfully met.,NaN,NaN,1,0,,
newmap_rectangle_coarse_direct_db,direct_vinf_alpha_force_balance_v1,newmap_rectangle_coarse,rectExtraAlpha_Tilt60_V25_A15,tilt_60_v_25_a_15,60,25,15,vinf_alpha_force_balance_v1,front_rear_free_flap_elevator,MidbandGuide_Tilt50_V25_A15,,NaN,1,1,exact_trim,1.04263040402332e-08,1.6419093640252e-08,w_dot,1.6419093640252e-08,2158.83088935013,1161.15871607884,8.40411631703612,0,-7.06298589274813,0,35.3302136569255,24.1481456572267,6.47047612756306,15.0000000000001,20.3302136569255,Operating point specifications were successfully met.,NaN,NaN,1,0,,
newmap_rectangle_coarse_direct_db,direct_vinf_alpha_force_balance_v1,newmap_rectangle_coarse,rect_Tilt90_V45_A7p5,tilt_90_v_45_a_7p5,90,45,7.5,vinf_alpha_force_balance_v1,front_rear_free_flap_elevator,master_MidbandGuide_Tilt85_V50_A5,,NaN,0,0,not_usable,4.06748660346278,7.1989221342383,w_dot,7.1989221342383,638.900469892962,515.291224451289,7.26687754556697,0,-20.9776528339992,0,2.03067080778513,44.8287614141286,3.92200842364462,5,-2.96932919221487,Could not find a solution that satisfies all constraints.  Relax the constraints to find a feasible solution.,NaN,NaN,1,0,,
newmap_rectangle_coarse_direct_db,direct_vinf_alpha_force_balance_v1,newmap_rectangle_coarse,rect_Tilt20_V20_A10,tilt_20_v_20_a_10,20,20,10,vinf_alpha_force_balance_v1,front_rear_free_flap_elevator,MidbandGuide_Tilt25_V20_A10,,NaN,1,1,exact_trim,2.99274356935241e-09,7.11278591580822e-09,q_dot,3.70850527899722e-09,1903.83063895247,1593.30401040824,-21.1860755716947,0,-0.120631366339131,0,10.8569695968064,19.6961550602442,3.47296355333861,10,0.856969596806442,Operating point specifications were successfully met.,NaN,NaN,1,0,,
newmap_rectangle_remainder_direct_db,direct_vinf_alpha_force_balance_v1,newmap_rectangle_remainder,rect_Tilt80_V45_A7p5,tilt_80_v_45_a_7p5,80,45,7.5,vinf_alpha_force_balance_v1,front_rear_free_flap_elevator,guide_V45_T80_F75_R250,,NaN,0,0,not_usable,1.05356542684538,2.19517992501209,w_dot,2.19517992501209,1293.52532449867,415.174697725617,7.76284180018633,0,-25,0,17.2950554451345,44.6150187618066,5.87367864991898,7.5000000000235,9.79505544511104,Could not find a solution that satisfies all constraints.  Relax the constraints to find a feasible solution.,NaN,NaN,1,0,,
newmap_rectangle_remainder_direct_db,direct_vinf_alpha_force_balance_v1,newmap_rectangle_remainder,rectExtraAlpha_Tilt80_V45_A12p5,tilt_80_v_45_a_12p5,80,45,12.5,vinf_alpha_force_balance_v1,front_rear_free_flap_elevator,master_MidbandGuide_Tilt75_V45_A2p5,,NaN,0,0,not_usable,2.81363366231217,4.98798090475533,q_dot,4.98798090475533,1338.74029269814,142.753771955295,14.8533492044976,0,-11.3742433731675,0,11.9149551702724,44.9571699711836,1.96287243144012,2.5,9.4149551702724,Could not find a solution that satisfies all constraints.  Relax the constraints to find a feasible solution.,NaN,NaN,1,0,,
newmap_rectangle_remainder_direct_db,direct_vinf_alpha_force_balance_v1,newmap_rectangle_remainder,rectExtraAlpha_Tilt70_V35_A15,tilt_70_v_35_a_15,70,35,15,vinf_alpha_force_balance_v1,front_rear_free_flap_elevator,rectExtraAlpha_Tilt60_V35_A15,,NaN,0,0,near_trim_borderline,1.21766613996417,1.95159932018795,w_dot,1.95159932018795,2184.6631212931,745.436184016071,25,0,-0.61651429470404,0,27.4155175711119,33.8074039201332,9.05866657858968,14.9999999999956,12.4155175711163,Could not find a solution that satisfies all constraints.  Relax the constraints to find a feasible solution.,NaN,NaN,1,0,,
newmap_rectangle_remainder_direct_db,direct_vinf_alpha_force_balance_v1,newmap_rectangle_remainder,rect_Tilt80_V40_A7p5,tilt_80_v_40_a_7p5,80,40,7.5,vinf_alpha_force_balance_v1,front_rear_free_flap_elevator,master_MidbandGuide_Tilt80_V45_A2p5,,NaN,0,0,not_usable,3.28613145436654,6.9076018381781,w_dot,6.9076018381781,1709.52088554349,256.932486050335,14.5663925106231,0,-13.1433028968219,0,20.4124138080896,39.9619288632743,1.74477549461344,2.5,17.9124138080896,Could not find a solution that satisfies all constraints.  Relax the constraints to find a feasible solution.,NaN,NaN,1,0,,
newmap_rectangle_remainder_direct_db,direct_vinf_alpha_force_balance_v1,newmap_rectangle_remainder,rectExtraAlpha_Tilt80_V40_A12p5,tilt_80_v_40_a_12p5,80,40,12.5,vinf_alpha_force_balance_v1,front_rear_free_flap_elevator,guide_V40_T80_F75_R250,,NaN,0,0,not_usable,1.0404019787136,2.80453636447001,u_dot,2.80453636447001,2321.72824664561,1194.34195136711,25,0,-25,0,23.3680023671636,39.0518402846266,8.65758455746091,12.4999999999645,10.8680023671991,Could not find a solution that satisfies all constraints.  Relax the constraints to find a feasible solution.,NaN,NaN,1,0,,
newmap_rectangle_remainder_direct_db,direct_vinf_alpha_force_balance_v1,newmap_rectangle_remainder,rect_Tilt90_V45_A7p5,tilt_90_v_45_a_7p5,90,45,7.5,vinf_alpha_force_balance_v1,front_rear_free_flap_elevator,master_MidbandGuide_Tilt85_V50_A5,,NaN,0,0,not_usable,4.06748660346278,7.1989221342383,w_dot,7.1989221342383,638.900469892962,515.291224451289,7.26687754556697,0,-20.9776528339992,0,2.03067080778513,44.8287614141286,3.92200842364462,5,-2.96932919221487,Could not find a solution that satisfies all constraints.  Relax the constraints to find a feasible solution.,NaN,NaN,1,0,,
newmap_rectangle_remainder_direct_db,direct_vinf_alpha_force_balance_v1,newmap_rectangle_remainder,rect_Tilt50_V20_A10,tilt_50_v_20_a_10,50,20,10,vinf_alpha_force_balance_v1,front_rear_free_flap_elevator,MidbandGuide_Tilt50_V25_A5,,NaN,1,1,exact_trim,6.95492887001694e-08,1.17765957622324e-07,q_dot,1.17765957622324e-07,2121.77740080043,1378.92464240875,-13.2052336934323,0,-5.70257470749636,0,32.2572222495762,19.6961550602442,3.47296355333861,10,22.2572222495762,Operating point specifications were successfully met.,NaN,NaN,1,0,,
newmap_rectangle_remainder_direct_db,direct_vinf_alpha_force_balance_v1,newmap_rectangle_remainder,rectExtraAlpha_Tilt50_V20_A15,tilt_50_v_20_a_15,50,20,15,vinf_alpha_force_balance_v1,front_rear_free_flap_elevator,entry_rect_Tilt50_V20_A10,,NaN,1,1,exact_trim,4.17788415851201e-11,1.02184927186499e-10,w_dot,5.96358518123452e-11,2121.77767852675,1378.92409484321,-22.1295903663416,0,-15.1981303412962,0,32.5840214687857,19.3185165257882,5.17638090205161,14.9999999999982,17.5840214687874,Operating point specifications were successfully met.,NaN,NaN,1,0,,
newmap_rectangle_remainder_direct_db,direct_vinf_alpha_force_balance_v1,newmap_rectangle_remainder,rect_Tilt40_V30_A10,tilt_40_v_30_a_10,40,30,10,vinf_alpha_force_balance_v1,front_rear_free_flap_elevator,entry_rectExtraAlpha_Tilt50_V20_A15,,NaN,1,1,exact_trim,9.98167158894213e-07,1.49181386888131e-06,q_dot,1.3857321195717e-06,2021.6514859026,1454.20991352181,-22.0280534947027,0,-11.1925458017209,0,23.0834187824539,29.5442325903767,5.20944533001076,10.0000000000019,13.0834187824521,Operating point specifications were successfully met.,NaN,NaN,1,0,,
newmap_rectangle_remainder_direct_db,direct_vinf_alpha_force_balance_v1,newmap_rectangle_remainder,rect_Tilt70_V30_A10,tilt_70_v_30_a_10,70,30,10,vinf_alpha_force_balance_v1,front_rear_free_flap_elevator,entry_rect_Tilt40_V30_A10,,NaN,1,1,exact_trim,2.3314240002898e-07,4.26327524863392e-07,q_dot,4.26327524863392e-07,2290.46667704505,856.919464089531,-11.2165122061197,0,-16.9075862079566,0,50.2382435639809,29.5442325903662,5.20944533000791,10,40.2382435639809,Operating point specifications were successfully met.,NaN,NaN,1,0,,
newmap_rectangle_remainder_direct_db,direct_vinf_alpha_force_balance_v1,newmap_rectangle_remainder,rect_Tilt40_V15_A7p5,tilt_40_v_15_a_7p5,40,15,7.5,vinf_alpha_force_balance_v1,front_rear_free_flap_elevator,MidbandGuide_Tilt40_V20_A12p5,,NaN,1,1,exact_trim,1.26062801687095e-08,2.26231249554484e-08,q_dot,2.26231249554484e-08,2042.46221950863,1606.07766221499,-12.733733330186,0,-20.6084910999813,0,24.0258456985862,14.8716729204062,1.95789288388747,7.50000000232204,16.5258456962641,Operating point specifications were successfully met.,NaN,NaN,1,0,,
newmap_rectangle_remainder_direct_db,direct_vinf_alpha_force_balance_v1,newmap_rectangle_remainder,rectExtraAlpha_Tilt40_V30_A15,tilt_40_v_30_a_15,40,30,15,vinf_alpha_force_balance_v1,front_rear_free_flap_elevator,guide_V30_T40_F0_R250,,NaN,1,1,exact_trim,3.34263922753423e-09,6.30303986781655e-09,w_dot,6.30303986781655e-09,1730.08612179155,1165.04660196704,-3.87956828476933,0,-24.9988391192722,0,19.3592387933441,28.9777747886721,7.76457135307562,15,4.35923879334413,Operating point specifications were successfully met.,NaN,NaN,1,0,,
newmap_rectangle_remainder_direct_db,direct_vinf_alpha_force_balance_v1,newmap_rectangle_remainder,rectExtraAlpha_Tilt70_V30_A15,tilt_70_v_30_a_15,70,30,15,vinf_alpha_force_balance_v1,front_rear_free_flap_elevator,rectExtraAlpha_Tilt60_V30_A15,,NaN,0,0,not_usable,1.21024692195102,2.18690807052608,w_dot,2.18690807052608,2374.1859409984,760.324467325554,0.163200932521373,0,-12.7140497535451,0,47.3076324110363,28.977774788672,7.76457135307562,15,32.3076324110363,Could not find a solution that satisfies all constraints.  Relax the constraints to find a feasible solution.,NaN,NaN,1,0,,
newmap_rectangle_remainder_direct_db,direct_vinf_alpha_force_balance_v1,newmap_rectangle_remainder,rect_Tilt30_V25_A10,tilt_30_v_25_a_10,30,25,10,vinf_alpha_force_balance_v1,front_rear_free_flap_elevator,MidbandGuide_Tilt35_V25_A5,,NaN,1,1,exact_trim,5.9302480579386e-07,1.05987852546224e-06,q_dot,1.05987852546224e-06,2000.54158163917,1553.65977721908,-24.9881908313665,0,24.9999999998165,0,15.6056641612647,24.6201938253023,4.34120444168109,10.0000000000188,5.60566416124591,Operating point specifications were successfully met.,NaN,NaN,1,0,,
newmap_rectangle_remainder_direct_db,direct_vinf_alpha_force_balance_v1,newmap_rectangle_remainder,rectExtraAlpha_Tilt30_V25_A15,tilt_30_v_25_a_15,30,25,15,vinf_alpha_force_balance_v1,front_rear_free_flap_elevator,MidbandGuide_Tilt35_V25_A5,,NaN,1,1,exact_trim,1.12438055548933e-10,2.10638689335313e-10,q_dot,2.10638689335313e-10,1782.48205231724,1215.69449722599,-4.49095311173954,0,23.8085541514295,0,14.9475212863038,24.1481456572267,6.47047612756302,15,-0.0524787136962477,Operating point specifications were successfully met.,NaN,NaN,1,0,,
newmap_rectangle_remainder_direct_db,direct_vinf_alpha_force_balance_v1,newmap_rectangle_remainder,rect_Tilt70_V60_A2p5,tilt_70_v_60_a_2p5,70,60,2.5,vinf_alpha_force_balance_v1,front_rear_free_flap_elevator,MidbandGuide_Tilt80_V60_A5,,NaN,0,0,not_usable,1.32380290897759,2.4959667638163,q_dot,2.4959667638163,633.186387035978,289.833226891948,-1.41243015838324,0,-15.0715031321377,0,2.96740849224222,59.7716818855047,5.22934456485949,5,-2.03259150775778,Could not find a solution that satisfies all constraints.  Relax the constraints to find a feasible solution.,NaN,NaN,1,0,,
newmap_rectangle_remainder_direct_db,direct_vinf_alpha_force_balance_v1,newmap_rectangle_remainder,rect_Tilt60_V45_A7p5,tilt_60_v_45_a_7p5,60,45,7.5,vinf_alpha_force_balance_v1,front_rear_free_flap_elevator,entry_rect_Tilt70_V30_A10,,NaN,0,0,near_trim_borderline,0.781965539523547,1.4094349697333,q_dot,1.4094349697333,2299.61178914147,1095.18528540596,-19.7053543302693,0,-8.22624837682429,0,40.9171506427005,44.6573062616132,5.88050250706268,7.50158475990469,33.4155658827958,Could not find a solution that satisfies all constraints.  Relax the constraints to find a feasible solution.,NaN,NaN,1,0,,
newmap_rectangle_remainder_direct_db,direct_vinf_alpha_force_balance_v1,newmap_rectangle_remainder,rectExtraAlpha_Tilt60_V45_A12p5,tilt_60_v_45_a_12p5,60,45,12.5,vinf_alpha_force_balance_v1,front_rear_free_flap_elevator,entry_rect_Tilt70_V30_A10,,NaN,1,1,exact_trim,4.923951048235e-11,9.18415559084069e-11,q_dot,9.18415559084069e-11,1952.6440305114,610.590608008754,-18.9233485106423,0,-16.3901328677256,0,32.7841371921614,43.933320320397,9.73978262721463,12.5,20.2841371921614,Operating point specifications were successfully met.,NaN,NaN,1,0,,
newmap_rectangle_remainder_direct_db,direct_vinf_alpha_force_balance_v1,newmap_rectangle_remainder,rect_Tilt80_V35_A10,tilt_80_v_35_a_10,80,35,10,vinf_alpha_force_balance_v1,front_rear_free_flap_elevator,guide_V35_T80_F75_R0,,NaN,0,0,near_trim_borderline,1.06408980552212,1.99899370067682,q_dot,1.99899370067682,2398.19883632231,100,-10.943734605894,0,-18.6616350327649,0,61.0197840330309,34.4682713554273,6.07768621834217,9.99999999999935,51.0197840330315,Could not find a solution that satisfies all constraints.  Relax the constraints to find a feasible solution.,NaN,NaN,1,0,,
newmap_rectangle_remainder_direct_db,direct_vinf_alpha_force_balance_v1,newmap_rectangle_remainder,rectExtraAlpha_Tilt80_V35_A15,tilt_80_v_35_a_15,80,35,15,vinf_alpha_force_balance_v1,front_rear_free_flap_elevator,guide_V35_T80_blend,,NaN,0,0,not_usable,3.0531332947323,5.75556156707814,q_dot,5.75556156707814,2351.66370042602,1032.52079724081,25,0,-25,0,38.0757203194623,33.8074039200039,9.05866657847267,14.9999999998654,23.0757203195969,Could not find a solution that satisfies all constraints.  Relax the constraints to find a feasible solution.,NaN,NaN,1,0,,
newmap_rectangle_remainder_direct_db,direct_vinf_alpha_force_balance_v1,newmap_rectangle_remainder,rect_Tilt70_V65_A0,tilt_70_v_65_a_0,70,65,0,vinf_alpha_force_balance_v1,front_rear_free_flap_elevator,entry_rectExtraAlpha_Tilt60_V45_A12p5,,NaN,1,1,exact_trim,1.9899364785037e-12,3.70850527899722e-12,q_dot,3.70850527899722e-12,1661.91960755046,1061.3183668344,-0.515250569052556,0,-6.37098222481827,0,18.9638629781437,65,-2.15860261948943e-24,-1.90275107296351e-24,18.9638629781437,Operating point specifications were successfully met.,NaN,NaN,1,0,,
newmap_rectangle_remainder_direct_db,direct_vinf_alpha_force_balance_v1,newmap_rectangle_remainder,rect_Tilt20_V0_A0,tilt_20_v_0_a_0,20,0,0,vinf_alpha_force_balance_v1,front_rear_free_flap_elevator,rect_Tilt20_V5_A2p5,,NaN,0,1,quasi_trim_usable,0.318468191888683,0.548633086334408,q_dot,0.548633086334408,1918.42683953796,1714.81611560753,24.9947979935821,0,-12.3568541858297,0,10.8535275187857,0,0,0,10.8535275187857,Could not find a solution that satisfies all constraints.  Relax the constraints to find a feasible solution.,NaN,NaN,1,0,,
newmap_rectangle_remainder_direct_db,direct_vinf_alpha_force_balance_v1,newmap_rectangle_remainder,rect_Tilt50_V40_A7p5,tilt_50_v_40_a_7p5,50,40,7.5,vinf_alpha_force_balance_v1,front_rear_free_flap_elevator,master_MidbandGuide_Tilt65_V40_A5,,NaN,1,1,exact_trim,2.47620284697879e-08,3.78060391881263e-08,q_dot,3.37391430310882e-08,1689.22374959614,476.703356289105,-2.61020097218503,0,-4.07363152723159,0,21.2880324942061,39.6577944549524,5.22104768880206,7.5,13.7880324942061,Operating point specifications were successfully met.,NaN,NaN,1,0,,
newmap_rectangle_remainder_direct_db,direct_vinf_alpha_force_balance_v1,newmap_rectangle_remainder,rect_Tilt90_V40_A7p5,tilt_90_v_40_a_7p5,90,40,7.5,vinf_alpha_force_balance_v1,front_rear_free_flap_elevator,rect_Tilt90_V55_A5,,NaN,0,0,not_usable,8.43517019632134,18.1052888275424,w_dot,18.1052888275424,957.704803286085,286.608615359637,2.34461386362728,0,-17.8438711480292,0,7.26524025120629,39.8477879236698,3.48622970990633,5.00000000000001,2.26524025120628,Could not find a solution that satisfies all constraints.  Relax the constraints to find a feasible solution.,NaN,NaN,1,0,,
newmap_rectangle_remainder_direct_db,direct_vinf_alpha_force_balance_v1,newmap_rectangle_remainder,rectExtraAlpha_Tilt50_V40_A12p5,tilt_50_v_40_a_12p5,50,40,12.5,vinf_alpha_force_balance_v1,prop_fixed_flap_elevator,entry_rect_Tilt50_V40_A7p5,,NaN,0,0,near_trim_borderline,0.751397388667568,1.42942079538844,q_dot,1.42942079538844,1689.22374959614,476.703356289105,-11.5708935340498,0,-14.1879071246969,0,24.2777756687981,39.2021722332189,8.68184311496864,12.4873652306866,11.7904104381116,Could not find a solution that satisfies all constraints.  Relax the constraints to find a feasible solution.,NaN,NaN,1,0,,
newmap_rectangle_remainder_direct_db,direct_vinf_alpha_force_balance_v1,newmap_rectangle_remainder,rect_Tilt60_V50_A5,tilt_60_v_50_a_5,60,50,5,vinf_alpha_force_balance_v1,front_rear_free_flap_elevator,guide_V50_T60_Fm75_R0,,NaN,1,1,exact_trim,3.97462294694986e-10,7.38282909209288e-10,q_dot,7.38282909209288e-10,600.007221209128,802.761669981469,5.22499701119959,0,-23.9199461335005,0,1.26473727202285,49.8097349045873,4.35778713738291,5,-3.73526272797715,Operating point specifications were successfully met.,NaN,NaN,1,0,,
newmap_rectangle_remainder_direct_db,direct_vinf_alpha_force_balance_v1,newmap_rectangle_remainder,rectExtraAlpha_Tilt60_V50_A10,tilt_60_v_50_a_10,60,50,10,vinf_alpha_force_balance_v1,front_rear_free_flap_elevator,entry_rect_Tilt60_V50_A5,,NaN,1,1,exact_trim,3.86456647651904e-10,7.20104250031964e-10,q_dot,7.20104250031964e-10,910.259626618677,105.238525496373,-3.64548011063771,0,-25,0,9.910120175282,49.2403876506104,8.68240888334652,10,-0.0898798247180022,Operating point specifications were successfully met.,NaN,NaN,1,0,,
newmap_rectangle_remainder_direct_db,direct_vinf_alpha_force_balance_v1,newmap_rectangle_remainder,rect_Tilt70_V70_A0,tilt_70_v_70_a_0,70,70,0,vinf_alpha_force_balance_v1,front_rear_free_flap_elevator,MidbandGuide_Tilt80_V70_A0,,NaN,1,1,exact_trim,1.07395950179539e-09,2.36082797755444e-09,w_dot,2.36082797755444e-09,663.264672178776,255.399822228057,1.96044187159768,0,-4.2279241517292,0,-1.77840896811115,70,5.97099504717428e-24,4.88732593852291e-24,-1.77840896811115,Operating point specifications were successfully met.,NaN,NaN,1,0,,
newmap_rectangle_remainder_direct_db,direct_vinf_alpha_force_balance_v1,newmap_rectangle_remainder,rect_Tilt30_V5_A2p5,tilt_30_v_5_a_2p5,30,5,2.5,vinf_alpha_force_balance_v1,front_rear_free_flap_elevator,BridgeFrontier_Tilt30_V5_A10,,NaN,1,1,exact_trim,3.38249748615363e-10,6.16771473355683e-10,q_dot,6.16771473355683e-10,1983.73988625384,1666.54530314656,10.6095438968771,0,14.9208747568592,0,17.3968842836447,4.99524110800856,0.21809693683979,2.50000000010047,14.8968842835443,Operating point specifications were successfully met.,NaN,NaN,1,0,,
newmap_rectangle_remainder_direct_db,direct_vinf_alpha_force_balance_v1,newmap_rectangle_remainder,rect_Tilt60_V55_A5,tilt_60_v_55_a_5,60,55,5,vinf_alpha_force_balance_v1,front_rear_free_flap_elevator,MidbandGuide_Tilt72p5_V55_A0,,NaN,0,0,not_usable,2.28089025301418,4.30176696803079,q_dot,4.30176696803079,756.306167020643,274.356762922087,9.93347879104391,0,-6.40448550037772,0,-0.813545226055917,55,-2.27994129894175e-23,-2.3751093448534e-23,-0.813545226055917,Could not find a solution that satisfies all constraints.  Relax the constraints to find a feasible solution.,NaN,NaN,1,0,,
newmap_rectangle_remainder_direct_db,direct_vinf_alpha_force_balance_v1,newmap_rectangle_remainder,rectExtraAlpha_Tilt60_V55_A10,tilt_60_v_55_a_10,60,55,10,vinf_alpha_force_balance_v1,front_rear_free_flap_elevator,guide_V55_T60_F0_R0,,NaN,1,1,exact_trim,4.12009121542173e-07,6.70313781370169e-07,w_dot,6.70313781370169e-07,971.174739600097,573.546740527601,-8.8597010663592,0,-24.8679636661653,0,10.1278722339119,54.1644264156714,9.55064977168117,10,0.12787223391193,Operating point specifications were successfully met.,NaN,NaN,1,0,,
newmap_rectangle_remainder_direct_db,direct_vinf_alpha_force_balance_v1,newmap_rectangle_remainder,rect_Tilt40_V35_A10,tilt_40_v_35_a_10,40,35,10,vinf_alpha_force_balance_v1,front_rear_free_flap_elevator,rect_Tilt50_V35_A10,,NaN,1,1,exact_trim,1.57274454144578e-09,2.84102745495936e-09,q_dot,2.84102745495936e-09,1550.70161184191,1123.25915013204,-0.958110045312126,0,-24.4319173246895,0,15.5241357617971,34.4682713554273,6.07768621834256,10,5.52413576179712,Operating point specifications were successfully met.,NaN,NaN,1,0,,
newmap_rectangle_remainder_direct_db,direct_vinf_alpha_force_balance_v1,newmap_rectangle_remainder,rectExtraAlpha_Tilt40_V35_A15,tilt_40_v_35_a_15,40,35,15,vinf_alpha_force_balance_v1,front_rear_free_flap_elevator,entry_rect_Tilt40_V35_A10,,NaN,1,1,exact_trim,4.15824627251748e-09,7.7792458863164e-09,q_dot,7.7792458863164e-09,1664.59893546304,1030.79051383197,-14.0250616299079,0,-25,0,19.7992935722353,33.8074039201295,9.05866657859036,14.9999999999982,4.79929357223712,Operating point specifications were successfully met.,NaN,NaN,1,0,,
newmap_rectangle_remainder_direct_db,direct_vinf_alpha_force_balance_v1,newmap_rectangle_remainder,rect_Tilt70_V75_A0,tilt_70_v_75_a_0,70,75,0,vinf_alpha_force_balance_v1,front_rear_free_flap_elevator,rect_Tilt80_V75_A0,,NaN,1,1,exact_trim,7.10912563235895e-10,1.56278900931284e-09,w_dot,1.56278900931284e-09,663.264672451559,255.399822136015,0.318841123636569,0,-4.00762175424498,0,-1.90321785883333,75,1.3901204301049e-23,1.06197378213229e-23,-1.90321785883333,Operating point specifications were successfully met.,NaN,NaN,1,0,,
newmap_rectangle_remainder_direct_db,direct_vinf_alpha_force_balance_v1,newmap_rectangle_remainder,rect_Tilt0_V15_A7p5,tilt_0_v_15_a_7p5,0,15,7.5,vinf_alpha_force_balance_v1,front_rear_free_flap_elevator,BridgeFrontier_Tilt0_V12p5_A10,,NaN,1,1,exact_trim,2.39475915452308e-06,4.38868158350534e-06,q_dot,4.38868158350534e-06,1785.06766686337,1651.51818665746,10.0839876447206,0,-12.9140041440397,0,-0.232056241442374,14.8716729206072,1.95789288330078,7.50000000000002,-7.73205624144239,Operating point specifications were successfully met.,NaN,NaN,1,0,,
newmap_rectangle_remainder_direct_db,direct_vinf_alpha_force_balance_v1,newmap_rectangle_remainder,rect_Tilt70_V25_A10,tilt_70_v_25_a_10,70,25,10,vinf_alpha_force_balance_v1,front_rear_free_flap_elevator,MidbandGuide_Tilt60_V30_A12p5,,NaN,1,1,exact_trim,4.95146171601074e-11,9.32143276841309e-11,q_dot,9.32143276841309e-11,2269.67040877495,789.546738139891,2.33484100171911,0,-14.8943802354788,0,49.2003563104892,24.6201938253052,4.34120444167326,10,39.2003563104892,Operating point specifications were successfully met.,NaN,NaN,1,0,,
newmap_rectangle_remainder_direct_db,direct_vinf_alpha_force_balance_v1,newmap_rectangle_remainder,rect_Tilt40_V10_A5,tilt_40_v_10_a_5,40,10,5,vinf_alpha_force_balance_v1,front_rear_free_flap_elevator,entry_rect_Tilt30_V5_A2p5,,NaN,1,1,exact_trim,7.0038077118953e-07,1.1410364253004e-06,q_dot,1.1410364253004e-06,2073.11023874752,1591.79349279467,-11.6328172752088,0,15.7229900651854,0,24.75489828579,9.96194698091746,0.871557427476583,5,19.75489828579,Operating point specifications were successfully met.,NaN,NaN,1,0,,
newmap_rectangle_remainder_direct_db,direct_vinf_alpha_force_balance_v1,newmap_rectangle_remainder,rectExtraAlpha_Tilt70_V25_A15,tilt_70_v_25_a_15,70,25,15,vinf_alpha_force_balance_v1,front_rear_free_flap_elevator,guide_V25_T70_blend,,NaN,0,0,near_trim_borderline,0.728035368141144,1.28324378467643,q_dot,1.28324378467643,2382.51009346592,965.962832555308,20.6551903864818,0,-2.45756214560062,0,44.2000557605097,24.1481456572267,6.47047612756302,15,29.2000557605097,Could not find a solution that satisfies all constraints.  Relax the constraints to find a feasible solution.,NaN,NaN,1,0,,
newmap_rectangle_remainder_direct_db,direct_vinf_alpha_force_balance_v1,newmap_rectangle_remainder,rect_Tilt10_V20_A10,tilt_10_v_20_a_10,10,20,10,vinf_alpha_force_balance_v1,front_rear_free_flap_elevator,MidbandGuide_Tilt15_V15_A12p5,,NaN,1,1,exact_trim,5.79299355405694e-06,1.09371992629966e-05,q_dot,1.09371992629966e-05,1751.26886145674,1567.61542684387,17.1604210977184,0,2.78150202551046,0,2.37308824324875,19.6961550602437,3.47296355333865,10.0000000000003,-7.6269117567516,Operating point specifications were successfully met.,NaN,NaN,1,0,,
newmap_rectangle_remainder_direct_db,direct_vinf_alpha_force_balance_v1,newmap_rectangle_remainder,rect_Tilt60_V20_A10,tilt_60_v_20_a_10,60,20,10,vinf_alpha_force_balance_v1,front_rear_free_flap_elevator,master_MidbandGuide_Tilt60_V30_A10,,NaN,1,1,exact_trim,1.43522959955513e-08,2.62530509954214e-08,q_dot,2.62530509954214e-08,2203.3601779377,1236.7846228856,-4.11072213168494,0,-18.557372552378,0,40.7357829444749,19.6961550602442,3.47296355333861,10,30.7357829444749,Operating point specifications were successfully met.,NaN,NaN,1,0,,
newmap_rectangle_remainder_direct_db,direct_vinf_alpha_force_balance_v1,newmap_rectangle_remainder,rectExtraAlpha_Tilt60_V20_A15,tilt_60_v_20_a_15,60,20,15,vinf_alpha_force_balance_v1,front_rear_free_flap_elevator,rectExtraAlpha_Tilt60_V25_A15,,NaN,1,1,exact_trim,5.1252306066997e-08,8.34545975560554e-08,q_dot,8.34545975560554e-08,2223.04307241755,1246.83793836372,13.236076983137,0,-5.13009180924167,0,38.2211200995005,19.3185165257814,5.17638090205042,15,23.2211200995005,Operating point specifications were successfully met.,NaN,NaN,1,0,,
newmap_rectangle_remainder_direct_db,direct_vinf_alpha_force_balance_v1,newmap_rectangle_remainder,rect_Tilt30_V30_A10,tilt_30_v_30_a_10,30,30,10,vinf_alpha_force_balance_v1,front_rear_free_flap_elevator,guide_V30_T30_F75_Rm250,,NaN,0,1,quasi_trim_usable,0.0985252435678715,0.187354003477225,q_dot,0.187354003477225,1663.7420969092,982.752008582111,1.20613791752851,0,22.2886985337071,0,12.5192447979293,29.5442325903662,5.20944533000791,10,2.51924479792926,Could not find a solution that satisfies all constraints.  Relax the constraints to find a feasible solution.,NaN,NaN,1,0,,
newmap_rectangle_remainder_direct_db,direct_vinf_alpha_force_balance_v1,newmap_rectangle_remainder,rect_Tilt80_V30_A10,tilt_80_v_30_a_10,80,30,10,vinf_alpha_force_balance_v1,front_rear_free_flap_elevator,master_MidbandGuide_Tilt67p5_V35_A5,,NaN,0,0,not_usable,4.60421027582367,8.62268285258122,q_dot,8.62268285258122,2400,250.343576118307,-9.08632190491132,0,-25,0,62.4632950991588,29.6576678687662,5.22270390106597,9.98736524263528,52.4759298565236,Could not find a solution that satisfies all constraints.  Relax the constraints to find a feasible solution.,NaN,NaN,1,0,,
newmap_rectangle_remainder_direct_db,direct_vinf_alpha_force_balance_v1,newmap_rectangle_remainder,rect_Tilt50_V15_A7p5,tilt_50_v_15_a_7p5,50,15,7.5,vinf_alpha_force_balance_v1,front_rear_free_flap_elevator,entry_rect_Tilt40_V10_A5,,NaN,1,1,exact_trim,1.00623235502403e-06,1.44851471113508e-06,q_dot,1.44851471113508e-06,2176.9843779459,1473.95760655017,-16.4603525448464,0,-2.88105888419398,0,33.5139878391331,14.8716729206072,1.95789288330078,7.5,26.0139878391331,Operating point specifications were successfully met.,NaN,NaN,1,0,,
newmap_rectangle_remainder_direct_db,direct_vinf_alpha_force_balance_v1,newmap_rectangle_remainder,rectExtraAlpha_Tilt30_V30_A15,tilt_30_v_30_a_15,30,30,15,vinf_alpha_force_balance_v1,front_rear_free_flap_elevator,guide_V30_T30_F0_R0,,NaN,1,1,exact_trim,5.83412495922477e-11,8.67786559858909e-11,q_dot,8.67786559858909e-11,1654.09996234939,1271.38850119936,11.7773030244747,0,8.35946992584366,0,6.87543709287536,28.9777747886721,7.76457135307562,15,-8.12456290712463,Operating point specifications were successfully met.,NaN,NaN,1,0,,
newmap_rectangle_remainder_direct_db,direct_vinf_alpha_force_balance_v1,newmap_rectangle_remainder,rectExtraAlpha_Tilt80_V30_A15,tilt_80_v_30_a_15,80,30,15,vinf_alpha_force_balance_v1,front_rear_free_flap_elevator,entry_rect_Tilt40_V30_A10,,NaN,0,0,not_usable,6.32759062043426,11.3678111582694,w_dot,11.3678111582694,1958.50705240816,462.40182281436,0.371680041787798,0,-25,0,42.5896241721691,29.0896227529412,7.78766598198446,14.9873652445111,27.6022589276579,Could not find a solution that satisfies all constraints.  Relax the constraints to find a feasible solution.,NaN,NaN,1,0,,
newmap_rectangle_remainder_direct_db,direct_vinf_alpha_force_balance_v1,newmap_rectangle_remainder,rect_Tilt20_V25_A10,tilt_20_v_25_a_10,20,25,10,vinf_alpha_force_balance_v1,front_rear_free_flap_elevator,entry_rect_Tilt30_V25_A10,,NaN,1,1,exact_trim,5.33607255237948e-10,9.97602621756017e-10,q_dot,9.97602621756017e-10,1911.86652168778,1560.32226624027,-23.316485933439,0,21.6759231032762,0,9.38316525691148,24.6201938253052,4.34120444167326,10,-0.616834743088523,Operating point specifications were successfully met.,NaN,NaN,1,0,,
newmap_rectangle_remainder_direct_db,direct_vinf_alpha_force_balance_v1,newmap_rectangle_remainder,rect_Tilt60_V60_A2p5,tilt_60_v_60_a_2p5,60,60,2.5,vinf_alpha_force_balance_v1,front_rear_free_flap_elevator,guide_V60_T60_Fm75_R0,,NaN,1,1,exact_trim,9.03115333530585e-07,1.69160289792672e-06,q_dot,1.69160289792672e-06,1308.69086912602,373.617231281854,-0.793875932636363,0,-6.93242037090395,0,10.8002543539705,59.9428932949115,2.61716324192018,2.50000000000002,8.30025435397053,Operating point specifications were successfully met.,NaN,NaN,1,0,,
newmap_rectangle_remainder_direct_db,direct_vinf_alpha_force_balance_v1,newmap_rectangle_remainder,rect_Tilt50_V45_A7p5,tilt_50_v_45_a_7p5,50,45,7.5,vinf_alpha_force_balance_v1,rear_fixed_flap_elevator,guide_V45_T50_blend,,NaN,1,1,exact_trim,5.25433219974352e-11,9.84646743551393e-11,q_dot,9.84646743551393e-11,1278.51357337159,613.271041710148,18.6695912456462,0,-0.999698259714729,0,-1.51015091106509,44.6150187618215,5.87367864990232,7.5,-9.01015091106509,Operating point specifications were successfully met.,NaN,NaN,1,0,,
newmap_rectangle_remainder_direct_db,direct_vinf_alpha_force_balance_v1,newmap_rectangle_remainder,rectExtraAlpha_Tilt50_V45_A12p5,tilt_50_v_45_a_12p5,50,45,12.5,vinf_alpha_force_balance_v1,front_rear_free_flap_elevator,master_MidbandGuide_Tilt65_V45_A15,,NaN,1,1,exact_trim,2.8180604082368e-06,4.57767085334366e-06,q_dot,4.57767085334366e-06,1196.16009899097,756.333429253363,13.2345200581744,0,-11.6865813401087,0,-0.260984852356415,43.933320320397,9.73978262721463,12.5,-12.7609848523564,Operating point specifications were successfully met.,NaN,NaN,1,0,,
newmap_rectangle_remainder_direct_db,direct_vinf_alpha_force_balance_v1,newmap_rectangle_remainder,rect_Tilt90_V35_A10,tilt_90_v_35_a_10,90,35,10,vinf_alpha_force_balance_v1,front_rear_free_flap_elevator,MidbandGuide_Tilt87p5_V55_A2p5,,NaN,0,0,not_usable,10.950508675747,22.8389031470573,w_dot,22.8389031470573,972.858003309338,381.316680398976,6.24384207525338,0,-12.9458904167004,0,5.12531060532871,34.966687755365,1.52667855778676,2.5,2.62531060532871,Could not find a solution that satisfies all constraints.  Relax the constraints to find a feasible solution.,NaN,NaN,1,0,,
newmap_rectangle_remainder_direct_db,direct_vinf_alpha_force_balance_v1,newmap_rectangle_remainder,rect_Tilt60_V65_A0,tilt_60_v_65_a_0,60,65,0,vinf_alpha_force_balance_v1,front_rear_free_flap_elevator,MidbandGuide_Tilt77p5_V65_A0,,NaN,1,1,exact_trim,2.68215832636982e-10,5.06558298381798e-10,q_dot,5.06558298381798e-10,1059.29071146844,250.744528133941,2.59162882419123,0,-3.07624373844747,0,3.68853001779616,65,9.38752534173748e-25,8.27485511005636e-25,3.68853001779616,Operating point specifications were successfully met.,NaN,NaN,1,0,,
newmap_rectangle_remainder_direct_db,direct_vinf_alpha_force_balance_v1,newmap_rectangle_remainder,rect_Tilt30_V0_A0,tilt_30_v_0_a_0,30,0,0,vinf_alpha_force_balance_v1,front_rear_free_flap_elevator,BridgeFrontier_Tilt30_V5_A0,,NaN,0,1,quasi_trim_usable,0.220892624420676,0.372632900002656,q_dot,0.372632900002656,1987.23330104521,1674.91370508276,1.66979078722888,0,6.01587318263185,0,17.4712785264697,0,0,0,17.4712785264697,Could not find a solution that satisfies all constraints.  Relax the constraints to find a feasible solution.,NaN,NaN,1,0,,
newmap_rectangle_remainder_direct_db,direct_vinf_alpha_force_balance_v1,newmap_rectangle_remainder,rect_Tilt40_V40_A7p5,tilt_40_v_40_a_7p5,40,40,7.5,vinf_alpha_force_balance_v1,front_rear_free_flap_elevator,entry_rect_Tilt50_V40_A7p5,,NaN,0,0,near_trim_borderline,0.546130717165973,1.03696021107027,q_dot,1.03696021107027,1399.46582629801,524.966000597709,3.15639700328249,0,-11.3987890977875,0,12.560520264633,39.6577944549524,5.22104768880206,7.5,5.06052026463296,Could not find a solution that satisfies all constraints.  Relax the constraints to find a feasible solution.,NaN,NaN,1,0,,
newmap_rectangle_remainder_direct_db,direct_vinf_alpha_force_balance_v1,newmap_rectangle_remainder,rectExtraAlpha_Tilt40_V40_A12p5,tilt_40_v_40_a_12p5,40,40,12.5,vinf_alpha_force_balance_v1,front_rear_free_flap_elevator,guide_V40_T40_Fm75_R250,,NaN,1,1,exact_trim,5.93501173353678e-11,1.23883125979773e-10,w_dot,1.23883125979773e-10,1326.19104510077,721.831856869064,-1.55970591150903,0,-25,0,13.8004060597169,39.0518402847973,8.65758455752412,12.5,1.30040605971694,Operating point specifications were successfully met.,NaN,NaN,1,0,,
newmap_rectangle_remainder_direct_db,direct_vinf_alpha_force_balance_v1,newmap_rectangle_remainder,rect_Tilt50_V50_A5,tilt_50_v_50_a_5,50,50,5,vinf_alpha_force_balance_v1,front_rear_free_flap_elevator,guide_V50_T50_Fm75_R0,,NaN,1,1,exact_trim,1.42120414692547e-08,3.11640775407795e-08,w_dot,3.11640775407795e-08,761.802932048823,529.169818028641,4.61902056367054,0,-17.4051054952378,0,3.10497542284974,49.8097349045873,4.35778713738291,5,-1.89502457715026,Operating point specifications were successfully met.,NaN,NaN,1,0,,
newmap_rectangle_remainder_direct_db,direct_vinf_alpha_force_balance_v1,newmap_rectangle_remainder,rectExtraAlpha_Tilt50_V50_A10,tilt_50_v_50_a_10,50,50,10,vinf_alpha_force_balance_v1,front_rear_free_flap_elevator,entry_rect_Tilt50_V50_A5,,NaN,1,1,exact_trim,1.37780332600173e-08,2.15092277062435e-08,q_dot,2.15092277062435e-08,1034.72607877423,291.091933291976,-5.67752330566238,0,-22.2701319894741,0,10.7693967568042,49.2403876506104,8.68240888334652,10,0.769396756804158,Operating point specifications were successfully met.,NaN,NaN,1,0,,
newmap_rectangle_remainder_direct_db,direct_vinf_alpha_force_balance_v1,newmap_rectangle_remainder,rect_Tilt60_V70_A0,tilt_60_v_70_a_0,60,70,0,vinf_alpha_force_balance_v1,front_rear_free_flap_elevator,entry_rect_Tilt70_V70_A0,,NaN,1,1,exact_trim,1.69041430978056e-07,2.76475716987079e-07,w_dot,2.76475716987079e-07,663.264672571586,255.399822337214,1.73634156570636,0,-3.96443074563205,0,-1.98834478597402,70,-2.53512785053832e-21,-2.07503037659882e-21,-1.98834478597402,Operating point specifications were successfully met.,NaN,NaN,1,0,,
newmap_rectangle_remainder_direct_db,direct_vinf_alpha_force_balance_v1,newmap_rectangle_remainder,rect_Tilt40_V5_A2p5,tilt_40_v_5_a_2p5,40,5,2.5,vinf_alpha_force_balance_v1,front_rear_free_flap_elevator,BridgeFrontier_Tilt30_V5_A0,,NaN,1,1,exact_trim,5.2754481523692e-09,8.31950767287681e-09,q_dot,8.31950767287681e-09,2076.61132705418,1618.48433605847,-4.2813499671815,0,-4.6534181064819,0,24.9559733869214,4.9952411079093,0.21809693682668,2.5,22.4559733869214,Operating point specifications were successfully met.,NaN,NaN,1,0,,
newmap_rectangle_remainder_direct_db,direct_vinf_alpha_force_balance_v1,newmap_rectangle_remainder,rect_Tilt50_V55_A5,tilt_50_v_55_a_5,50,55,5,vinf_alpha_force_balance_v1,front_rear_free_flap_elevator,entry_rect_Tilt50_V50_A5,,NaN,1,1,exact_trim,6.05104240990668e-11,1.09564462207044e-10,q_dot,1.09564462207044e-10,761.802918096873,529.169820878837,0.26048717942256,0,-15.332304816746,0,3.44746443765332,54.790708395046,4.7935658511212,5,-1.55253556234668,Operating point specifications were successfully met.,NaN,NaN,1,0,,
newmap_rectangle_remainder_direct_db,direct_vinf_alpha_force_balance_v1,newmap_rectangle_remainder,rectExtraAlpha_Tilt50_V55_A10,tilt_50_v_55_a_10,50,55,10,vinf_alpha_force_balance_v1,front_rear_free_flap_elevator,MidbandGuide_Tilt72p5_V55_A7p5,,NaN,1,1,exact_trim,1.79461877064437e-13,3.90798504668055e-13,w_dot,3.90798504668055e-13,640.495083359095,230.875966072554,-7.41034795526774,0,-24.5362120720724,0,6.2762514861249,54.1644264156714,9.55064977168117,10,-3.7237485138751,Operating point specifications were successfully met.,NaN,NaN,1,0,,
newmap_rectangle_remainder_direct_db,direct_vinf_alpha_force_balance_v1,newmap_rectangle_remainder,rect_Tilt30_V35_A10,tilt_30_v_35_a_10,30,35,10,vinf_alpha_force_balance_v1,front_rear_free_flap_elevator,guide_V35_T30_Fm75_R250,,NaN,1,1,exact_trim,1.68599693118707e-06,3.02269183145259e-06,q_dot,3.02269183145259e-06,1459.14381188977,1115.39342678897,24.9998296581407,0,1.75804889378723,0,-1.05146341954798,34.4682713678615,6.07768622050313,9.99999999994853,-11.0514634194965,Operating point specifications were successfully met.,NaN,NaN,1,0,,
newmap_rectangle_remainder_direct_db,direct_vinf_alpha_force_balance_v1,newmap_rectangle_remainder,rectExtraAlpha_Tilt30_V35_A15,tilt_30_v_35_a_15,30,35,15,vinf_alpha_force_balance_v1,front_rear_free_flap_elevator,MidbandGuide_Tilt30_V20_A12p5,,NaN,1,1,exact_trim,1.22584444566462e-08,2.01667432821069e-08,q_dot,2.01667432821069e-08,1407.21076269033,1236.94068172619,19.1983525723757,0,-16.2328628343152,0,0.00115175186735479,33.8074039201174,9.05866657858848,15.0000000000004,-14.998848248133,Operating point specifications were successfully met.,NaN,NaN,1,0,,
newmap_rectangle_remainder_direct_db,direct_vinf_alpha_force_balance_v1,newmap_rectangle_remainder,rect_Tilt60_V75_A0,tilt_60_v_75_a_0,60,75,0,vinf_alpha_force_balance_v1,front_rear_free_flap_elevator,entry_rect_Tilt60_V70_A0,,NaN,1,1,exact_trim,2.74500024802768e-14,5.14559701743916e-14,q_dot,5.14559701743916e-14,663.264672102284,255.399822251658,0.126088541744801,0,-3.79459756942788,0,-2.10774660011668,75,-5.74722449097806e-26,-4.39055609663021e-26,-2.10774660011668,Operating point specifications were successfully met.,NaN,NaN,1,0,,
newmap_rectangle_remainder_direct_db,direct_vinf_alpha_force_balance_v1,newmap_rectangle_remainder,rect_Tilt80_V25_A10,tilt_80_v_25_a_10,80,25,10,vinf_alpha_force_balance_v1,front_rear_free_flap_elevator,entry_rectExtraAlpha_Tilt50_V20_A15,,NaN,0,0,not_usable,7.74379338229737,14.491904158463,q_dot,14.491904158463,2400,614.743497393395,19.0122935040785,0,-25,0,60.9623289757839,24.7128011965866,4.36315289870812,10.012634767827,50.9496942079569,Could not find a solution that satisfies all constraints.  Relax the constraints to find a feasible solution.,NaN,NaN,1,0,,
newmap_rectangle_remainder_direct_db,direct_vinf_alpha_force_balance_v1,newmap_rectangle_remainder,rect_Tilt50_V10_A5,tilt_50_v_10_a_5,50,10,5,vinf_alpha_force_balance_v1,front_rear_free_flap_elevator,MidbandGuide_Tilt50_V25_A15,,NaN,1,1,exact_trim,7.67999007695543e-09,1.31605162323467e-08,w_dot,1.31605162323467e-08,2161.70614774148,1494.61294830155,5.80784011184137,0,-10.8583350592591,0,33.0180088362384,9.96194698431406,0.87155742818453,5.00000000234466,28.0180088338937,Operating point specifications were successfully met.,NaN,NaN,1,0,,
newmap_rectangle_remainder_direct_db,direct_vinf_alpha_force_balance_v1,newmap_rectangle_remainder,rectExtraAlpha_Tilt80_V25_A15,tilt_80_v_25_a_15,80,25,15,vinf_alpha_force_balance_v1,front_rear_free_flap_elevator,entry_rect_Tilt50_V20_A10,,NaN,0,0,not_usable,2.20562908542678,3.73640872944513,q_dot,3.73640872944513,2400,359.23940408324,15.5115646625937,0,-5.74649242648507,0,60.0050885828659,24.2413522165137,6.4897216372446,14.9873652585523,45.0177233243136,Could not find a solution that satisfies all constraints.  Relax the constraints to find a feasible solution.,NaN,NaN,1,0,,
newmap_rectangle_remainder_direct_db,direct_vinf_alpha_force_balance_v1,newmap_rectangle_remainder,rect_Tilt0_V20_A10,tilt_0_v_20_a_10,0,20,10,vinf_alpha_force_balance_v1,front_rear_free_flap_elevator,MidbandGuide_Tilt5_V10_A7p5,,NaN,1,1,exact_trim,7.09479707080794e-07,1.2748971745445e-06,q_dot,1.2748971745445e-06,1743.86491192756,1559.87923954774,-3.83368166317998,0,-12.6669516660676,0,0.819145715563766,19.6961550602441,3.47296355333861,10,-9.18085428443624,Operating point specifications were successfully met.,NaN,NaN,1,0,,
newmap_rectangle_remainder_direct_db,direct_vinf_alpha_force_balance_v1,newmap_rectangle_remainder,rect_Tilt70_V20_A10,tilt_70_v_20_a_10,70,20,10,vinf_alpha_force_balance_v1,front_rear_free_flap_elevator,guide_V20_T70_Fm75_Rm250,,NaN,1,1,exact_trim,1.14348345032386e-06,2.08006239390541e-06,q_dot,2.08006239390541e-06,2346.26984875373,923.651853689122,0.508651599973352,0,-15.5881656566075,0,53.2752138473855,19.6961550602456,3.47296355334512,10.0000000000177,43.2752138473679,Operating point specifications were successfully met.,NaN,NaN,1,0,,
newmap_rectangle_remainder_direct_db,direct_vinf_alpha_force_balance_v1,newmap_rectangle_remainder,rectExtraAlpha_Tilt70_V20_A15,tilt_70_v_20_a_15,70,20,15,vinf_alpha_force_balance_v1,front_rear_free_flap_elevator,master_rectExtraAlpha_Tilt70_V35_A15,,NaN,0,0,not_usable,6.63569467147431,13.8945973249717,w_dot,13.8945973249717,2138.83881746859,882.616415934157,25,0,-7.86808681733824,0,25.8731634207814,19.3185165257813,5.17638090205048,15.0000000000002,10.8731634207812,Could not find a solution that satisfies all constraints.  Relax the constraints to find a feasible solution.,NaN,NaN,1,0,,
newmap_rectangle_remainder_direct_db,direct_vinf_alpha_force_balance_v1,newmap_rectangle_remainder,rect_Tilt20_V30_A10,tilt_20_v_30_a_10,20,30,10,vinf_alpha_force_balance_v1,front_rear_free_flap_elevator,MidbandGuide_Tilt20_V15_A10,,NaN,1,1,exact_trim,1.96328334330797e-12,3.68277729391003e-12,q_dot,3.68277729391003e-12,1873.46876431274,1487.88065687678,-21.7924137212905,0,-5.58434736756152,0,10.2741801591922,29.5442325903662,5.20944533000791,10,0.274180159192166,Operating point specifications were successfully met.,NaN,NaN,1,0,,
newmap_rectangle_remainder_direct_db,direct_vinf_alpha_force_balance_v1,newmap_rectangle_remainder,rect_Tilt90_V30_A10,tilt_90_v_30_a_10,90,30,10,vinf_alpha_force_balance_v1,front_rear_free_flap_elevator,entry_rect_Tilt40_V30_A10,,NaN,0,0,not_usable,9.8974121647975,18.5304805004188,w_dot,18.5304805004188,1791.41954300846,300.09260933607,19.1960621154121,0,-25,0,39.4455465288706,29.5442326067598,5.20944533175461,9.99999999784845,29.4455465310221,Could not find a solution that satisfies all constraints.  Relax the constraints to find a feasible solution.,NaN,NaN,1,0,,
newmap_rectangle_remainder_direct_db,direct_vinf_alpha_force_balance_v1,newmap_rectangle_remainder,rect_Tilt60_V15_A7p5,tilt_60_v_15_a_7p5,60,15,7.5,vinf_alpha_force_balance_v1,front_rear_free_flap_elevator,master_MidbandGuide_Tilt60_V30_A10,,NaN,1,1,exact_trim,7.31559097570111e-07,1.33261194892422e-06,q_dot,1.33261194892422e-06,2281.77232103198,1366.33235458384,-8.6577297914765,0,-23.9616765434116,0,43.362441216953,14.8716729206072,1.95789288330077,7.5,35.862441216953,Operating point specifications were successfully met.,NaN,NaN,1,0,,
newmap_rectangle_remainder_direct_db,direct_vinf_alpha_force_balance_v1,newmap_rectangle_remainder,rect_Tilt10_V25_A10,tilt_10_v_25_a_10,10,25,10,vinf_alpha_force_balance_v1,front_rear_free_flap_elevator,guide_V25_T10_F0_R250,,NaN,1,1,exact_trim,2.59496228188013e-12,4.43807742754127e-12,q_dot,4.43807742754127e-12,1717.40721397451,1576.83169967813,-9.51439348397401,0,-23.262496906683,0,5.09166847303099,24.6201938253052,4.34120444167326,10,-4.90833152696901,Operating point specifications were successfully met.,NaN,NaN,1,0,,
newmap_rectangle_remainder_direct_db,direct_vinf_alpha_force_balance_v1,newmap_rectangle_remainder,rect_Tilt50_V60_A2p5,tilt_50_v_60_a_2p5,50,60,2.5,vinf_alpha_force_balance_v1,rear_fixed_flap_elevator,entry_rect_Tilt50_V55_A5,,NaN,1,1,exact_trim,2.59286717256487e-09,4.01951251358413e-09,q_dot,4.01951251358413e-09,761.802916460378,529.169820878837,1.29162954078902,0,-9.61204272275511,0,1.35271924134885,59.9428932949114,2.61716324192015,2.5,-1.14728075865114,Operating point specifications were successfully met.,NaN,NaN,1,0,,
newmap_rectangle_remainder_direct_db,direct_vinf_alpha_force_balance_v1,newmap_rectangle_remainder,rect_Tilt40_V45_A7p5,tilt_40_v_45_a_7p5,40,45,7.5,vinf_alpha_force_balance_v1,front_rear_free_flap_elevator,entry_rect_Tilt50_V45_A7p5,,NaN,1,1,exact_trim,1.34930386114749e-08,2.53987918425787e-08,q_dot,2.53987918425787e-08,1273.03132394196,591.720216993449,14.8403185991077,0,-4.15849191502672,0,-0.358188977756631,44.6150187618215,5.87367864990232,7.5,-7.85818897775663,Operating point specifications were successfully met.,NaN,NaN,1,0,,
newmap_rectangle_remainder_direct_db,direct_vinf_alpha_force_balance_v1,newmap_rectangle_remainder,rectExtraAlpha_Tilt40_V45_A12p5,tilt_40_v_45_a_12p5,40,45,12.5,vinf_alpha_force_balance_v1,front_rear_free_flap_elevator,entry_rect_Tilt40_V45_A7p5,,NaN,1,1,exact_trim,1.81115137256464e-07,4.0916836896443e-07,w_dot,2.57987686325123e-07,1273.01710034115,591.718901343175,3.63272627267009,0,-19.428280874646,0,5.72392068171408,43.933320320397,9.73978262721463,12.5,-6.77607931828592,Operating point specifications were successfully met.,NaN,NaN,1,0,,
newmap_rectangle_remainder_direct_db,direct_vinf_alpha_force_balance_v1,newmap_rectangle_remainder,rect_Tilt50_V65_A0,tilt_50_v_65_a_0,50,65,0,vinf_alpha_force_balance_v1,front_rear_free_flap_elevator,entry_rect_Tilt50_V60_A2p5,,NaN,1,1,exact_trim,4.45896178330324e-10,8.31545017437153e-10,q_dot,8.31545017437153e-10,761.802920074315,529.169827298354,3.02984768518886,0,-4.57527496283573,0,-1.03740918147217,65,6.47077267527767e-16,5.70381483818442e-16,-1.03740918147217,Operating point specifications were successfully met.,NaN,NaN,1,0,,
newmap_rectangle_remainder_direct_db,direct_vinf_alpha_force_balance_v1,newmap_rectangle_remainder,rect_Tilt40_V0_A0,tilt_40_v_0_a_0,40,0,0,vinf_alpha_force_balance_v1,front_rear_free_flap_elevator,entry_rect_Tilt40_V5_A2p5,,NaN,0,1,quasi_trim_usable,0.123630701348352,0.179032493349879,q_dot,0.177091255221971,2076.61132705418,1618.48433605847,-4.2813499671815,0,-4.6534181064819,0,24.9559733869214,0,0,0,24.9559733869214,Could not find a solution that satisfies all constraints.  Relax the constraints to find a feasible solution.,NaN,NaN,1,0,,
newmap_rectangle_remainder_direct_db,direct_vinf_alpha_force_balance_v1,newmap_rectangle_remainder,rect_Tilt30_V40_A7p5,tilt_30_v_40_a_7p5,30,40,7.5,vinf_alpha_force_balance_v1,front_rear_free_flap_elevator,MidbandGuide_Tilt65_V45_A7p5,,NaN,1,1,exact_trim,2.34611774742892e-13,4.30024893600272e-13,q_dot,4.30024893600272e-13,1317.88282864337,673.266006179059,2.89069985329339,0,-13.4194506042134,0,9.0298059570841,39.6577944549524,5.22104768880206,7.5,1.5298059570841,Operating point specifications were successfully met.,NaN,NaN,1,0,,
newmap_rectangle_remainder_direct_db,direct_vinf_alpha_force_balance_v1,newmap_rectangle_remainder,rectExtraAlpha_Tilt30_V40_A12p5,tilt_30_v_40_a_12p5,30,40,12.5,vinf_alpha_force_balance_v1,front_rear_free_flap_elevator,MidbandGuide_Tilt60_V40_A5,,NaN,1,1,exact_trim,4.52495923116614e-11,7.88820022773423e-11,q_dot,7.88820022773423e-11,1728.18940684332,809.508260986364,-18.6362749155334,0,21.1815725221012,0,12.4715476473543,39.0518402847973,8.65758455752412,12.5,-0.0284523526456812,Operating point specifications were successfully met.,NaN,NaN,1,0,,
newmap_rectangle_remainder_direct_db,direct_vinf_alpha_force_balance_v1,newmap_rectangle_remainder,rect_Tilt40_V50_A5,tilt_40_v_50_a_5,40,50,5,vinf_alpha_force_balance_v1,front_rear_free_flap_elevator,master_MidbandGuide_Tilt65_V45_A0,,NaN,1,1,exact_trim,2.7438212827281e-07,4.87020775242402e-07,q_dot,4.87020775242402e-07,845.662886252795,801.727360617268,2.74207248866596,0,-18.5718449307747,0,3.29253069063574,49.8097349045877,4.35778713738298,5.00000000000004,-1.7074693093643,Operating point specifications were successfully met.,NaN,NaN,1,0,,
newmap_rectangle_remainder_direct_db,direct_vinf_alpha_force_balance_v1,newmap_rectangle_remainder,rectExtraAlpha_Tilt40_V50_A10,tilt_40_v_50_a_10,40,50,10,vinf_alpha_force_balance_v1,front_rear_free_flap_elevator,entry_rect_Tilt40_V50_A5,,NaN,1,1,exact_trim,1.43416494514093e-11,2.64483686696373e-11,q_dot,2.64483686696373e-11,1113.49488912216,534.896208905085,-7.82500168334971,0,-20.9956249230809,0,10.2544151247645,49.2403876506104,8.68240888334652,10,0.254415124764524,Operating point specifications were successfully met.,NaN,NaN,1,0,,
newmap_rectangle_remainder_direct_db,direct_vinf_alpha_force_balance_v1,newmap_rectangle_remainder,rect_Tilt50_V70_A0,tilt_50_v_70_a_0,50,70,0,vinf_alpha_force_balance_v1,front_rear_free_flap_elevator,entry_rect_Tilt50_V65_A0,,NaN,1,1,exact_trim,2.63275163926315e-13,5.75539615965681e-13,w_dot,5.75539615965681e-13,761.802918627223,529.169827294503,1.10921971461122,0,-4.16932876663807,0,-1.20300879014284,70,3.18443341911444e-26,2.60649421508103e-26,-1.20300879014284,Operating point specifications were successfully met.,NaN,NaN,1,0,,
newmap_rectangle_remainder_direct_db,direct_vinf_alpha_force_balance_v1,newmap_rectangle_remainder,rect_Tilt50_V5_A2p5,tilt_50_v_5_a_2p5,50,5,2.5,vinf_alpha_force_balance_v1,front_rear_free_flap_elevator,BridgeFrontier_Tilt30_V5_A0,,NaN,1,1,exact_trim,6.60901325002663e-13,1.02481226312725e-12,q_dot,1.02481226312725e-12,2187.79604076489,1528.65150858239,1.95239894286539,0,-24.2721874836599,0,33.9115038309635,4.99524110790929,0.21809693682668,2.5,31.4115038309635,Operating point specifications were successfully met.,NaN,NaN,1,0,,
newmap_rectangle_remainder_direct_db,direct_vinf_alpha_force_balance_v1,newmap_rectangle_remainder,rect_Tilt40_V55_A5,tilt_40_v_55_a_5,40,55,5,vinf_alpha_force_balance_v1,front_rear_free_flap_elevator,MidbandGuide_Tilt72p5_V55_A7p5,,NaN,1,1,exact_trim,6.13207837378163e-11,1.15110680706555e-10,q_dot,1.15110680706555e-10,950.777666793005,379.6810684682,-1.24559090628341,0,-12.2812488321984,0,4.92921004899452,54.790708395046,4.7935658511212,5,-0.0707899510054828,Operating point specifications were successfully met.,NaN,NaN,1,0,,
newmap_rectangle_remainder_direct_db,direct_vinf_alpha_force_balance_v1,newmap_rectangle_remainder,rectExtraAlpha_Tilt40_V55_A10,tilt_40_v_55_a_10,40,55,10,vinf_alpha_force_balance_v1,front_rear_free_flap_elevator,MidbandGuide_Tilt72p5_V55_A7p5,,NaN,1,1,exact_trim,2.18169342962118e-10,3.94501897047737e-10,q_dot,3.94501897047737e-10,883.856268861707,305.183763336409,-9.08429160980042,0,-21.6585603767535,0,7.77609686859751,54.1644264156714,9.55064977168115,9.99999999999999,-2.22390313140248,Operating point specifications were successfully met.,NaN,NaN,1,0,,
newmap_rectangle_remainder_direct_db,direct_vinf_alpha_force_balance_v1,newmap_rectangle_remainder,rect_Tilt20_V35_A10,tilt_20_v_35_a_10,20,35,10,vinf_alpha_force_balance_v1,front_rear_free_flap_elevator,MidbandGuide_Tilt25_V20_A7p5,,NaN,1,1,exact_trim,2.83423397738799e-07,6.0940057977632e-07,w_dot,6.0940057977632e-07,1929.69197160862,1317.12809667309,-23.6278607186111,0,6.61767918154268,0,10.179750752883,34.4682713554273,6.0776862183424,9.99999999999975,0.179750752883274,Operating point specifications were successfully met.,NaN,NaN,1,0,,
newmap_rectangle_remainder_direct_db,direct_vinf_alpha_force_balance_v1,newmap_rectangle_remainder,rect_Tilt50_V75_A0,tilt_50_v_75_a_0,50,75,0,vinf_alpha_force_balance_v1,front_rear_free_flap_elevator,entry_rect_Tilt50_V70_A0,,NaN,1,1,exact_trim,3.11444925703059e-09,6.84587320165519e-09,w_dot,6.84587320165519e-09,761.80291204399,529.1698276264,-0.720382254861772,0,-4.18535262229658,0,-1.44096252257721,75,-2.64355138941791e-23,-2.01952450052788e-23,-1.44096252257721,Operating point specifications were successfully met.,NaN,NaN,1,0,,
newmap_rectangle_remainder_direct_db,direct_vinf_alpha_force_balance_v1,newmap_rectangle_remainder,rect_Tilt90_V25_A10,tilt_90_v_25_a_10,90,25,10,vinf_alpha_force_balance_v1,front_rear_free_flap_elevator,MidbandGuide_Tilt67p5_V35_A7p5,,NaN,0,0,not_usable,25.2524780588058,45.1395933869094,q_dot,45.1395933869094,1957.33425449384,689.647456522749,5.53274438238705,0,-15.7239743084844,0,33.4738673433814,24.7861215343453,3.26315480550124,7.49999999999989,25.9738673433815,Could not find a solution that satisfies all constraints.  Relax the constraints to find a feasible solution.,NaN,NaN,1,0,,
newmap_rectangle_remainder_direct_db,direct_vinf_alpha_force_balance_v1,newmap_rectangle_remainder,rect_Tilt60_V10_A5,tilt_60_v_10_a_5,60,10,5,vinf_alpha_force_balance_v1,front_rear_free_flap_elevator,rect_Tilt60_V25_A10,,NaN,1,1,exact_trim,2.52828112329419e-09,4.58032286280533e-09,q_dot,4.58032286280533e-09,2310.67682385218,1347.5488158635,20.0474130191998,0,18.3105804416905,0,43.7392161755885,9.96194698091746,0.871557427476579,4.99999999999998,38.7392161755885,Operating point specifications were successfully met.,NaN,NaN,1,0,,
newmap_rectangle_remainder_direct_db,direct_vinf_alpha_force_balance_v1,newmap_rectangle_remainder,rect_Tilt80_V20_A10,tilt_80_v_20_a_10,80,20,10,vinf_alpha_force_balance_v1,front_rear_free_flap_elevator,master_rectExtraAlpha_Tilt70_V35_A15,,NaN,0,0,not_usable,15.6006372851832,24.9451021640422,q_dot,24.9451021640422,2138.83881746859,882.616415934157,25,0,-7.86808681733824,0,25.8731634207814,19.3185165257813,5.17638090205048,15.0000000000002,10.8731634207812,Could not find a solution that satisfies all constraints.  Relax the constraints to find a feasible solution.,NaN,NaN,1,0,,
newmap_rectangle_remainder_direct_db,direct_vinf_alpha_force_balance_v1,newmap_rectangle_remainder,rectExtraAlpha_Tilt80_V20_A15,tilt_80_v_20_a_15,80,20,15,vinf_alpha_force_balance_v1,front_rear_free_flap_elevator,master_rectExtraAlpha_Tilt70_V35_A15,,NaN,0,0,not_usable,15.6006372851832,24.9451021640422,q_dot,24.9451021640422,2138.83881746859,882.616415934157,25,0,-7.86808681733824,0,25.8731634207814,19.3185165257813,5.17638090205048,15.0000000000002,10.8731634207812,Could not find a solution that satisfies all constraints.  Relax the constraints to find a feasible solution.,NaN,NaN,1,0,,
newmap_rectangle_remainder_direct_db,direct_vinf_alpha_force_balance_v1,newmap_rectangle_remainder,rect_Tilt10_V30_A10,tilt_10_v_30_a_10,10,30,10,vinf_alpha_force_balance_v1,front_rear_free_flap_elevator,entry_rect_Tilt20_V30_A10,,NaN,1,1,exact_trim,4.15814328735888e-07,7.42146517484097e-07,q_dot,7.42146517484097e-07,1833.16561325815,1515.99178973455,-21.8684623461942,0,-5.75935853217003,0,4.81772575922589,29.5442325903662,5.20944533000791,10,-5.18227424077411,Operating point specifications were successfully met.,NaN,NaN,1,0,,
newmap_rectangle_remainder_direct_db,direct_vinf_alpha_force_balance_v1,newmap_rectangle_remainder,rect_Tilt70_V15_A7p5,tilt_70_v_15_a_7p5,70,15,7.5,vinf_alpha_force_balance_v1,front_rear_free_flap_elevator,entry_rect_Tilt60_V15_A7p5,,NaN,0,0,not_usable,3.14374246403539,5.718460238808,q_dot,5.718460238808,2381.17626855246,1075.61608314393,17.8130492422981,0,-25,0,53.8788652482453,14.8716729192569,1.957892882165,7.49999999637199,46.3788652518734,Could not find a solution that satisfies all constraints.  Relax the constraints to find a feasible solution.,NaN,NaN,1,0,,
newmap_rectangle_remainder_direct_db,direct_vinf_alpha_force_balance_v1,newmap_rectangle_remainder,rect_Tilt0_V25_A10,tilt_0_v_25_a_10,0,25,10,vinf_alpha_force_balance_v1,front_rear_free_flap_elevator,MidbandGuide_Tilt5_V10_A7p5,,NaN,1,1,exact_trim,1.98890377122759e-11,3.74231920225468e-11,q_dot,3.74231920225468e-11,1702.71760286578,1384.58534936862,-6.23898879580998,0,13.3370472950163,0,0.563551671991244,24.6201938253052,4.34120444167326,10,-9.43644832800875,Operating point specifications were successfully met.,NaN,NaN,1,0,,
newmap_rectangle_remainder_direct_db,direct_vinf_alpha_force_balance_v1,newmap_rectangle_remainder,rect_Tilt40_V60_A2p5,tilt_40_v_60_a_2p5,40,60,2.5,vinf_alpha_force_balance_v1,front_rear_free_flap_elevator,BridgeFrontier_Tilt80_V60_A2p5,,NaN,1,1,exact_trim,6.2108714424993e-10,1.16015754467658e-09,q_dot,1.16015754467658e-09,834.776525726268,224.558373486489,0.857296108481768,0,-7.79506691851395,0,1.54213540062581,59.9428932949115,2.61716324192016,2.5,-0.957864599374186,Operating point specifications were successfully met.,NaN,NaN,1,0,,
newmap_rectangle_remainder_direct_db,direct_vinf_alpha_force_balance_v1,newmap_rectangle_remainder,rect_Tilt30_V45_A7p5,tilt_30_v_45_a_7p5,30,45,7.5,vinf_alpha_force_balance_v1,rear_fixed_flap_elevator,guide_V45_T30_F75_R0,,NaN,1,1,exact_trim,1.99785842820759e-08,3.75708780078002e-08,q_dot,3.75708780078002e-08,1047.04781816366,715,18.6567599228728,0,-3.05898690383709,0,-7.67347876707453,44.6150187618215,5.87367864990232,7.5,-15.1734787670745,Operating point specifications were successfully met.,NaN,NaN,1,0,,
newmap_rectangle_remainder_direct_db,direct_vinf_alpha_force_balance_v1,newmap_rectangle_remainder,rectExtraAlpha_Tilt30_V45_A12p5,tilt_30_v_45_a_12p5,30,45,12.5,vinf_alpha_force_balance_v1,prop_fixed_flap_elevator,entry_rect_Tilt30_V45_A7p5,,NaN,0,1,quasi_trim_usable,0.251355532550319,0.445898349299437,q_dot,0.445898349299437,1047.04781816366,715,11.5760609551865,0,-10.8494470920608,0,-3.99907900210023,44.1024436755446,9.76707354797674,12.4873653085405,-16.4864443106408,Could not find a solution that satisfies all constraints.  Relax the constraints to find a feasible solution.,NaN,NaN,1,0,,
newmap_rectangle_remainder_direct_db,direct_vinf_alpha_force_balance_v1,newmap_rectangle_remainder,rect_Tilt40_V65_A0,tilt_40_v_65_a_0,40,65,0,vinf_alpha_force_balance_v1,front_rear_free_flap_elevator,entry_rect_Tilt50_V65_A0,,NaN,1,1,exact_trim,2.36888702789065e-09,3.97873365722092e-09,q_dot,3.97873365722092e-09,761.802920856977,529.169827654161,2.75275481375168,0,-4.22947372526467,0,-1.58720279422425,65,3.97046686236549e-23,3.49986144477066e-23,-1.58720279422425,Operating point specifications were successfully met.,NaN,NaN,1,0,,
newmap_rectangle_remainder_direct_db,direct_vinf_alpha_force_balance_v1,newmap_rectangle_remainder,rect_Tilt50_V0_A0,tilt_50_v_0_a_0,50,0,0,vinf_alpha_force_balance_v1,front_rear_free_flap_elevator,entry_rect_Tilt50_V5_A2p5,,NaN,0,1,quasi_trim_usable,0.269954837046229,0.47977012869643,q_dot,0.47977012869643,2187.79604076489,1528.65150858239,1.95239894286539,0,-24.2721874836599,0,33.9115038309635,0,0,0,33.9115038309635,Could not find a solution that satisfies all constraints.  Relax the constraints to find a feasible solution.,NaN,NaN,1,0,,
newmap_rectangle_remainder_direct_db,direct_vinf_alpha_force_balance_v1,newmap_rectangle_remainder,rect_Tilt20_V40_A7p5,tilt_20_v_40_a_7p5,20,40,7.5,vinf_alpha_force_balance_v1,front_rear_free_flap_elevator,entry_rectExtraAlpha_Tilt30_V40_A12p5,,NaN,1,1,exact_trim,2.16515240311469e-09,3.83591026114901e-09,q_dot,3.83591026114901e-09,1702.13476897994,1060.245617535,-12.0931249848242,0,18.4993744540115,0,6.91849418946998,39.6577944549524,5.22104768880206,7.5,-0.581505810530024,Operating point specifications were successfully met.,NaN,NaN,1,0,,
newmap_rectangle_remainder_direct_db,direct_vinf_alpha_force_balance_v1,newmap_rectangle_remainder,rect_Tilt30_V50_A5,tilt_30_v_50_a_5,30,50,5,vinf_alpha_force_balance_v1,front_rear_free_flap_elevator,MidbandGuide_Tilt70_V50_A5,,NaN,1,1,exact_trim,2.05030406080278e-08,3.64481583568519e-08,q_dot,3.64481583568519e-08,600.001716618392,675.16929007082,4.67800865097006,0,-19.4536676482579,0,0.608120373133026,49.8097349045873,4.35778713738291,5,-4.39187962686697,Operating point specifications were successfully met.,NaN,NaN,1,0,,
newmap_rectangle_remainder_direct_db,direct_vinf_alpha_force_balance_v1,newmap_rectangle_remainder,rectExtraAlpha_Tilt30_V50_A10,tilt_30_v_50_a_10,30,50,10,vinf_alpha_force_balance_v1,front_rear_free_flap_elevator,entry_rect_Tilt30_V50_A5,,NaN,1,1,exact_trim,2.10499397037252e-08,3.59184944901486e-08,q_dot,3.59184944901486e-08,792.450345383375,487.817916592679,-4.77386381924901,0,-25,0,6.12452202101884,49.2403876506285,8.68240888334913,9.99999999999935,-3.87547797898051,Operating point specifications were successfully met.,NaN,NaN,1,0,,
newmap_rectangle_remainder_direct_db,direct_vinf_alpha_force_balance_v1,newmap_rectangle_remainder,rect_Tilt40_V70_A0,tilt_40_v_70_a_0,40,70,0,vinf_alpha_force_balance_v1,front_rear_free_flap_elevator,entry_rect_Tilt50_V70_A0,,NaN,0,0,not_usable,1.52433105217552,2.87654498575894,q_dot,2.87654498575894,761.802918627223,529.169827294503,1.10921971461122,0,-4.16932876663807,0,-1.20300879014284,70,3.18443341911444e-26,2.60649421508103e-26,-1.20300879014284,Could not find a solution that satisfies all constraints.  Relax the constraints to find a feasible solution.,NaN,NaN,1,0,,
newmap_rectangle_remainder_direct_db,direct_vinf_alpha_force_balance_v1,newmap_rectangle_remainder,rect_Tilt60_V5_A2p5,tilt_60_v_5_a_2p5,60,5,2.5,vinf_alpha_force_balance_v1,front_rear_free_flap_elevator,entry_rect_Tilt60_V15_A7p5,,NaN,1,1,exact_trim,2.79967964366469e-06,5.20134120515595e-06,q_dot,5.20134120515595e-06,2323.53020513792,1368.18135269298,24.0731441776004,0,24.5062979131041,0,45.0919123282771,4.9952411079118,0.218096936826754,2.49999999999959,42.5919123282775,Operating point specifications were successfully met.,NaN,NaN,1,0,,
newmap_rectangle_remainder_direct_db,direct_vinf_alpha_force_balance_v1,newmap_rectangle_remainder,rect_Tilt30_V55_A5,tilt_30_v_55_a_5,30,55,5,vinf_alpha_force_balance_v1,front_rear_free_flap_elevator,entry_rectExtraAlpha_Tilt40_V55_A10,,NaN,0,0,not_usable,1.7425979867943,3.28886894309604,q_dot,3.28886894309604,883.856268861707,305.183763336409,-9.08429160980042,0,-21.6585603767535,0,7.77609686859751,54.1644264156714,9.55064977168116,9.99999999999999,-2.22390313140248,Could not find a solution that satisfies all constraints.  Relax the constraints to find a feasible solution.,NaN,NaN,1,0,,
newmap_rectangle_remainder_direct_db,direct_vinf_alpha_force_balance_v1,newmap_rectangle_remainder,rectExtraAlpha_Tilt30_V55_A10,tilt_30_v_55_a_10,30,55,10,vinf_alpha_force_balance_v1,front_rear_free_flap_elevator,entry_rectExtraAlpha_Tilt40_V55_A10,,NaN,1,1,exact_trim,7.47019065091268e-13,1.64135371960583e-12,w_dot,1.64135371960583e-12,883.856267032882,305.183763864665,-9.4835933570871,0,-20.8991948232337,0,6.77413825672734,54.1644264156714,9.55064977168117,10,-3.22586174327266,Operating point specifications were successfully met.,NaN,NaN,1,0,,
newmap_rectangle_remainder_direct_db,direct_vinf_alpha_force_balance_v1,newmap_rectangle_remainder,rect_Tilt10_V35_A10,tilt_10_v_35_a_10,10,35,10,vinf_alpha_force_balance_v1,front_rear_free_flap_elevator,entry_rect_Tilt10_V30_A10,,NaN,1,1,exact_trim,1.49036587286681e-13,2.64630703754014e-13,q_dot,2.64630703754014e-13,1859.12032872531,1475.32789500348,-23.5478753061457,0,-4.68832373989722,0,4.25828165545134,34.4682713554273,6.07768621834256,10,-5.74171834454866,Operating point specifications were successfully met.,NaN,NaN,1,0,,
newmap_rectangle_remainder_direct_db,direct_vinf_alpha_force_balance_v1,newmap_rectangle_remainder,rect_Tilt40_V75_A0,tilt_40_v_75_a_0,40,75,0,vinf_alpha_force_balance_v1,front_rear_free_flap_elevator,entry_rect_Tilt50_V75_A0,,NaN,1,1,exact_trim,8.39190313658849e-09,1.19562315603616e-08,q_dot,1.18920664509589e-08,761.80291306364,529.169827636296,-1.07152695844911,0,-4.05685384335573,0,-2.03660494675739,75,3.42681531569025e-26,2.61789406346456e-26,-2.03660494675739,Operating point specifications were successfully met.,NaN,NaN,1,0,,
newmap_rectangle_remainder_direct_db,direct_vinf_alpha_force_balance_v1,newmap_rectangle_remainder,rect_Tilt70_V10_A5,tilt_70_v_10_a_5,70,10,5,vinf_alpha_force_balance_v1,front_rear_free_flap_elevator,master_MidbandGuide_Tilt60_V30_A10,,NaN,0,0,not_usable,8.96842270715676,13.512760238457,q_dot,12.4307851154195,2125.22797197819,1082.59550985511,-10.9514659255102,0,-16.175244170349,0,38.0725021738803,9.84807753012217,1.7364817766688,9.99999999999707,28.0725021738832,Could not find a solution that satisfies all constraints.  Relax the constraints to find a feasible solution.,NaN,NaN,1,0,,
newmap_rectangle_remainder_direct_db,direct_vinf_alpha_force_balance_v1,newmap_rectangle_remainder,rect_Tilt90_V20_A10,tilt_90_v_20_a_10,90,20,10,vinf_alpha_force_balance_v1,front_rear_free_flap_elevator,master_MidbandGuide_Tilt67p5_V35_A5,,NaN,0,0,not_usable,27.7371545624717,48.983119919427,q_dot,48.983119919427,1949.84160796866,871.868367510389,14.159391603314,0,-14.6588165420883,0,30.1651558323529,19.9238939618349,1.74311485495342,5.00000000000075,25.1651558323522,Could not find a solution that satisfies all constraints.  Relax the constraints to find a feasible solution.,NaN,NaN,1,0,,
newmap_rectangle_remainder_direct_db,direct_vinf_alpha_force_balance_v1,newmap_rectangle_remainder,rect_Tilt0_V30_A10,tilt_0_v_30_a_10,0,30,10,vinf_alpha_force_balance_v1,front_rear_free_flap_elevator,rect_Tilt0_V10_A5,,NaN,1,1,exact_trim,2.70456706410866e-08,4.96941986150021e-08,q_dot,4.96941986150021e-08,1586.51190402722,1105.71130780913,-2.69591750168811,0,13.0233241115701,0,1.03975030174865,29.5442325903663,5.20944533000794,10,-8.96024969825139,Operating point specifications were successfully met.,NaN,NaN,1,0,,
newmap_rectangle_remainder_direct_db,direct_vinf_alpha_force_balance_v1,newmap_rectangle_remainder,rect_Tilt80_V15_A7p5,tilt_80_v_15_a_7p5,80,15,7.5,vinf_alpha_force_balance_v1,front_rear_free_flap_elevator,MidbandGuide_Tilt70_V40_A15,,NaN,0,0,not_usable,19.353450916668,31.4544097353829,q_dot,31.4544097353829,1993.75501270455,995.374427559074,7.20911612441262,0,-23.285914882612,0,26.164208947643,14.488887394336,3.88228567653779,14.9999999999999,11.1642089476431,Could not find a solution that satisfies all constraints.  Relax the constraints to find a feasible solution.,NaN,NaN,1,0,,
newmap_rectangle_remainder_direct_db,direct_vinf_alpha_force_balance_v1,newmap_rectangle_remainder,rect_Tilt30_V60_A2p5,tilt_30_v_60_a_2p5,30,60,2.5,vinf_alpha_force_balance_v1,front_rear_free_flap_elevator,entry_rect_Tilt40_V60_A2p5,,NaN,0,0,not_usable,1.55444145918794,2.9337542437975,q_dot,2.9337542437975,834.776525726268,224.558373486489,0.857296108481768,0,-7.79506691851395,0,1.54213540062581,59.9428932949115,2.61716324192016,2.5,-0.957864599374186,Could not find a solution that satisfies all constraints.  Relax the constraints to find a feasible solution.,NaN,NaN,1,0,,
newmap_rectangle_remainder_direct_db,direct_vinf_alpha_force_balance_v1,newmap_rectangle_remainder,rect_Tilt20_V45_A7p5,tilt_20_v_45_a_7p5,20,45,7.5,vinf_alpha_force_balance_v1,front_rear_free_flap_elevator,MidbandGuide_Tilt65_V45_A7p5,,NaN,1,1,exact_trim,1.8337851920593e-08,3.0157961874861e-08,q_dot,3.0157961874861e-08,1577.94452365586,632.129604113861,-9.91115903786889,0,1.4555535356106,0,8.61888159948799,44.6150187618215,5.87367864990232,7.5,1.11888159948799,Operating point specifications were successfully met.,NaN,NaN,1,0,,
newmap_rectangle_remainder_direct_db,direct_vinf_alpha_force_balance_v1,newmap_rectangle_remainder,rect_Tilt30_V65_A0,tilt_30_v_65_a_0,30,65,0,vinf_alpha_force_balance_v1,front_rear_free_flap_elevator,entry_rect_Tilt40_V65_A0,,NaN,1,1,exact_trim,4.3369563795635e-09,8.05329762689538e-09,q_dot,8.05329762689538e-09,761.802921635,529.169827969254,2.52073287353261,0,-3.93652664732765,0,-2.24939925795927,65,1.19114007325566e-22,1.04995844625312e-22,-2.24939925795927,Operating point specifications were successfully met.,NaN,NaN,1,0,,
newmap_rectangle_remainder_direct_db,direct_vinf_alpha_force_balance_v1,newmap_rectangle_remainder,rect_Tilt60_V0_A0,tilt_60_v_0_a_0,60,0,0,vinf_alpha_force_balance_v1,front_rear_free_flap_elevator,entry_rect_Tilt60_V5_A2p5,,NaN,0,1,quasi_trim_usable,0.245281703238736,0.382692535585804,w_dot,0.382692535585804,2323.53020513792,1368.18135269298,24.0731441776004,0,24.5062979131041,0,45.0919123282771,0,0,0,45.0919123282771,Could not find a solution that satisfies all constraints.  Relax the constraints to find a feasible solution.,NaN,NaN,1,0,,
newmap_rectangle_remainder_direct_db,direct_vinf_alpha_force_balance_v1,newmap_rectangle_remainder,rect_Tilt10_V40_A7p5,tilt_10_v_40_a_7p5,10,40,7.5,vinf_alpha_force_balance_v1,front_rear_free_flap_elevator,guide_V40_T10_Fm75_R0,,NaN,1,1,exact_trim,1.11571064069252e-07,2.44824072126448e-07,w_dot,2.44824072126448e-07,1603.71379492293,985.845019064088,-10.0073998431624,0,25.0000000000239,0,1.79081586918551,39.6577944549521,5.22104768880208,7.50000000000007,-5.70918413081457,Operating point specifications were successfully met.,NaN,NaN,1,0,,
newmap_rectangle_remainder_direct_db,direct_vinf_alpha_force_balance_v1,newmap_rectangle_remainder,rect_Tilt20_V50_A5,tilt_20_v_50_a_5,20,50,5,vinf_alpha_force_balance_v1,front_rear_free_flap_elevator,entry_rect_Tilt30_V50_A5,,NaN,1,1,exact_trim,2.93144192751067e-08,4.91118511856931e-08,q_dot,4.91118511856931e-08,600.001715070115,675.16929148939,4.48932619525913,0,-19.0316111008956,0,0.167871451105805,49.8097349045873,4.35778713738291,5,-4.83212854889419,Operating point specifications were successfully met.,NaN,NaN,1,0,,
newmap_rectangle_remainder_direct_db,direct_vinf_alpha_force_balance_v1,newmap_rectangle_remainder,rect_Tilt30_V70_A0,tilt_30_v_70_a_0,30,70,0,vinf_alpha_force_balance_v1,front_rear_free_flap_elevator,entry_rect_Tilt30_V65_A0,,NaN,1,1,exact_trim,1.24571553140744e-07,2.35586717690598e-07,q_dot,2.35586717690598e-07,761.802919642137,529.169827529822,0.678702609918382,0,-3.67739796494954,0,-2.3925390312259,70,9.75309300596433e-22,7.98301523486168e-22,-2.3925390312259,Operating point specifications were successfully met.,NaN,NaN,1,0,,
newmap_rectangle_remainder_direct_db,direct_vinf_alpha_force_balance_v1,newmap_rectangle_remainder,rect_Tilt70_V5_A2p5,tilt_70_v_5_a_2p5,70,5,2.5,vinf_alpha_force_balance_v1,front_rear_free_flap_elevator,rectExtraAlpha_Tilt60_V25_A15,,NaN,0,0,not_usable,11.0786607967257,17.2220270378163,q_dot,17.2220270378163,2158.83088935013,1161.15871607884,8.40411631703612,0,-7.06298589274813,0,35.3302136569255,4.82962913144534,1.29409522551261,15.0000000000001,20.3302136569254,Could not find a solution that satisfies all constraints.  Relax the constraints to find a feasible solution.,NaN,NaN,1,0,,
newmap_rectangle_remainder_direct_db,direct_vinf_alpha_force_balance_v1,newmap_rectangle_remainder,rect_Tilt20_V55_A5,tilt_20_v_55_a_5,20,55,5,vinf_alpha_force_balance_v1,front_rear_free_flap_elevator,rectExtraAlpha_Tilt70_V55_A10,,NaN,1,1,exact_trim,6.9454802426501e-08,1.26156505947452e-07,q_dot,1.26156505947452e-07,1241.08430587869,105.739396008181,-5.13803393318551,0,-3.73855933802035,0,4.66888065318445,54.7907083950635,4.79356585112402,5.00000000000134,-0.331119346816891,Operating point specifications were successfully met.,NaN,NaN,1,0,,
newmap_rectangle_remainder_direct_db,direct_vinf_alpha_force_balance_v1,newmap_rectangle_remainder,rect_Tilt0_V35_A10,tilt_0_v_35_a_10,0,35,10,vinf_alpha_force_balance_v1,front_rear_free_flap_elevator,entry_rect_Tilt0_V25_A10,,NaN,1,1,exact_trim,2.76123632811539e-06,5.16107972926943e-06,q_dot,5.16107972926943e-06,1646.95233427516,1160.24440305093,-13.3775035127168,0,23.2439407558379,0,-0.855490653253405,34.4682713554273,6.07768621834256,10,-10.8554906532534,Operating point specifications were successfully met.,NaN,NaN,1,0,,
newmap_rectangle_remainder_direct_db,direct_vinf_alpha_force_balance_v1,newmap_rectangle_remainder,rect_Tilt30_V75_A0,tilt_30_v_75_a_0,30,75,0,vinf_alpha_force_balance_v1,rear_fixed_flap_elevator,entry_rect_Tilt30_V70_A0,,NaN,1,1,exact_trim,2.68296858953083e-13,5.89750470680883e-13,w_dot,5.89750470680883e-13,761.802902720396,529.169827529822,-1.3664388485626,0,-3.94684741234257,0,-2.73828094366043,75,-1.84563335109515e-25,-1.40996002061785e-25,-2.73828094366043,Operating point specifications were successfully met.,NaN,NaN,1,0,,
newmap_rectangle_remainder_direct_db,direct_vinf_alpha_force_balance_v1,newmap_rectangle_remainder,rect_Tilt80_V10_A5,tilt_80_v_10_a_5,80,10,5,vinf_alpha_force_balance_v1,front_rear_free_flap_elevator,master_MidbandGuide_Tilt60_V30_A10,,NaN,0,0,not_usable,22.8286164274477,40.5489327016998,q_dot,40.5489327016998,2125.22797197819,1082.59550985511,-10.9514659255102,0,-16.175244170349,0,38.0725021738803,9.84807753012217,1.7364817766688,9.99999999999707,28.0725021738832,Could not find a solution that satisfies all constraints.  Relax the constraints to find a feasible solution.,NaN,NaN,1,0,,
newmap_rectangle_remainder_direct_db,direct_vinf_alpha_force_balance_v1,newmap_rectangle_remainder,rect_Tilt90_V15_A7p5,tilt_90_v_15_a_7p5,90,15,7.5,vinf_alpha_force_balance_v1,front_rear_free_flap_elevator,BridgeFrontier_Tilt82p5_V50_A0,,NaN,0,0,not_usable,31.2989481143201,54.225921469201,q_dot,54.225921469201,1558.43353370506,1086.60599993648,12.0932438937339,0,-23.3699940599053,0,12.9160663302198,15,2.07834539516004e-13,7.93869463420796e-13,12.916066330219,Could not find a solution that satisfies all constraints.  Relax the constraints to find a feasible solution.,NaN,NaN,1,0,,
newmap_rectangle_remainder_direct_db,direct_vinf_alpha_force_balance_v1,newmap_rectangle_remainder,rect_Tilt20_V60_A2p5,tilt_20_v_60_a_2p5,20,60,2.5,vinf_alpha_force_balance_v1,front_rear_free_flap_elevator,guide_V60_T20_Fm75_R250,,NaN,0,0,not_usable,2.17327027142301,3.65183555511466,q_dot,3.65183555511466,1123.58313125814,476.060610756057,-1.38185118834342,0,-2.90667196405174,0,1.23896527576387,59.9428932948314,2.6171632419206,2.50000000000376,-1.26103472423989,Could not find a solution that satisfies all constraints.  Relax the constraints to find a feasible solution.,NaN,NaN,1,0,,
newmap_rectangle_remainder_direct_db,direct_vinf_alpha_force_balance_v1,newmap_rectangle_remainder,rect_Tilt10_V45_A7p5,tilt_10_v_45_a_7p5,10,45,7.5,vinf_alpha_force_balance_v1,front_rear_free_flap_elevator,guide_V45_T10_blend,,NaN,1,1,exact_trim,2.85311190272888e-09,5.35963547623242e-09,q_dot,5.35963547623242e-09,1046.76310475726,697.487627295033,16.1386512013875,0,-4.4224515633845,0,-8.94036098940687,44.6150187618215,5.87367864990232,7.5,-16.4403609894069,Operating point specifications were successfully met.,NaN,NaN,1,0,,
newmap_rectangle_remainder_direct_db,direct_vinf_alpha_force_balance_v1,newmap_rectangle_remainder,rect_Tilt20_V65_A0,tilt_20_v_65_a_0,20,65,0,vinf_alpha_force_balance_v1,front_rear_free_flap_elevator,rect_Tilt80_V65_A0,,NaN,1,1,exact_trim,7.67526459780616e-07,1.44874519988377e-06,q_dot,1.44874519988377e-06,880.855684937388,240.15440497026,1.85844303796919,0,-1.25050949580048,0,-2.28995413863494,65,8.54471254486279e-17,7.53193793804811e-17,-2.28995413863494,Operating point specifications were successfully met.,NaN,NaN,1,0,,
newmap_rectangle_remainder_direct_db,direct_vinf_alpha_force_balance_v1,newmap_rectangle_remainder,rect_Tilt70_V0_A0,tilt_70_v_0_a_0,70,0,0,vinf_alpha_force_balance_v1,front_rear_free_flap_elevator,rectExtraAlpha_Tilt60_V25_A15,,NaN,0,0,not_usable,10.9974644505332,16.778372362196,q_dot,16.778372362196,2158.83088935013,1161.15871607884,8.40411631703612,0,-7.06298589274813,0,35.3302136569255,0,0,0,35.3302136569255,Could not find a solution that satisfies all constraints.  Relax the constraints to find a feasible solution.,NaN,NaN,1,0,,
newmap_rectangle_remainder_direct_db,direct_vinf_alpha_force_balance_v1,newmap_rectangle_remainder,rect_Tilt0_V40_A7p5,tilt_0_v_40_a_7p5,0,40,7.5,vinf_alpha_force_balance_v1,front_rear_free_flap_elevator,guide_V40_T0_F75_Rm250,,NaN,0,1,quasi_trim_usable,0.579582354089165,0.869213761412188,q_dot,0.869213761412188,1526.0197066122,817.350215454946,-7.34852884234657,0,2.05424717052598,0,1.72016785523087,39.6577944549502,5.22104768879904,7.49999999999613,-5.77983214476525,Could not find a solution that satisfies all constraints.  Relax the constraints to find a feasible solution.,NaN,NaN,1,0,,
newmap_rectangle_remainder_direct_db,direct_vinf_alpha_force_balance_v1,newmap_rectangle_remainder,rect_Tilt10_V50_A5,tilt_10_v_50_a_5,10,50,5,vinf_alpha_force_balance_v1,front_rear_free_flap_elevator,MidbandGuide_Tilt70_V50_A7p5,,NaN,1,1,exact_trim,7.29333270590508e-08,1.23639081413493e-07,q_dot,1.23639081413493e-07,1199.43476210975,309.711307934211,-2.02320381756883,0,-3.95214418060824,0,2.50233997429021,49.8097349045873,4.3577871373829,5,-2.49766002570978,Operating point specifications were successfully met.,NaN,NaN,1,0,,
newmap_rectangle_remainder_direct_db,direct_vinf_alpha_force_balance_v1,newmap_rectangle_remainder,rect_Tilt20_V70_A0,tilt_20_v_70_a_0,20,70,0,vinf_alpha_force_balance_v1,front_rear_free_flap_elevator,entry_rect_Tilt30_V70_A0,,NaN,1,1,exact_trim,1.42399596628581e-06,2.69274436911493e-06,q_dot,2.69274436911493e-06,761.80292048235,529.169827809213,0.524740962065562,0,-3.4561475874462,0,-3.13750890600804,70,4.36344110933035e-21,3.57152513883588e-21,-3.13750890600804,Operating point specifications were successfully met.,NaN,NaN,1,0,,
newmap_rectangle_remainder_direct_db,direct_vinf_alpha_force_balance_v1,newmap_rectangle_remainder,rect_Tilt80_V5_A2p5,tilt_80_v_5_a_2p5,80,5,2.5,vinf_alpha_force_balance_v1,front_rear_free_flap_elevator,rectExtraAlpha_Tilt60_V25_A15,,NaN,0,0,not_usable,25.741079422086,46.2363810893488,q_dot,46.2363810893488,2158.83088935013,1161.15871607884,8.40411631703612,0,-7.06298589274813,0,35.3302136569255,4.82962913144534,1.29409522551261,15.0000000000001,20.3302136569254,Could not find a solution that satisfies all constraints.  Relax the constraints to find a feasible solution.,NaN,NaN,1,0,,
newmap_rectangle_remainder_direct_db,direct_vinf_alpha_force_balance_v1,newmap_rectangle_remainder,rect_Tilt10_V55_A5,tilt_10_v_55_a_5,10,55,5,vinf_alpha_force_balance_v1,front_rear_free_flap_elevator,guide_V55_T10_F75_R0,,NaN,0,0,near_trim_borderline,0.96318664570501,1.72791269543274,q_dot,1.72791269543274,1040.00643857178,358.791597570127,-2.68006103458627,0,-9.97791688816786,0,1.57123740274392,54.7907083950459,4.79356585111925,4.99999999999798,-3.42876259725406,Could not find a solution that satisfies all constraints.  Relax the constraints to find a feasible solution.,NaN,NaN,1,0,,
newmap_rectangle_remainder_direct_db,direct_vinf_alpha_force_balance_v1,newmap_rectangle_remainder,rect_Tilt20_V75_A0,tilt_20_v_75_a_0,20,75,0,vinf_alpha_force_balance_v1,front_rear_free_flap_elevator,entry_rect_Tilt30_V75_A0,,NaN,1,1,exact_trim,1.78998159917957e-08,3.32235110236801e-08,q_dot,3.32235110236801e-08,761.802903408128,529.169827544344,-1.59727770610671,0,-3.85899316312056,0,-3.52362863423696,75,-2.11942801444878e-22,-1.61912373612943e-22,-3.52362863423696,Operating point specifications were successfully met.,NaN,NaN,1,0,,
newmap_rectangle_remainder_direct_db,direct_vinf_alpha_force_balance_v1,newmap_rectangle_remainder,rect_Tilt90_V10_A5,tilt_90_v_10_a_5,90,10,5,vinf_alpha_force_balance_v1,front_rear_free_flap_elevator,BridgeFrontier_Tilt82p5_V50_A0,,NaN,0,0,not_usable,32.697761660433,56.560332700981,q_dot,56.560332700981,1558.43353370506,1086.60599993648,12.0932438937339,0,-23.3699940599053,0,12.9160663302198,10,1.38556359677336e-13,7.93869463420796e-13,12.916066330219,Could not find a solution that satisfies all constraints.  Relax the constraints to find a feasible solution.,NaN,NaN,1,0,,
newmap_rectangle_remainder_direct_db,direct_vinf_alpha_force_balance_v1,newmap_rectangle_remainder,rect_Tilt10_V60_A2p5,tilt_10_v_60_a_2p5,10,60,2.5,vinf_alpha_force_balance_v1,front_rear_free_flap_elevator,MidbandGuide_Tilt80_V60_A5,,NaN,1,1,exact_trim,5.162645347635e-09,9.67100992807214e-09,q_dot,9.67100992807214e-09,685.073479204616,200.94282417524,1.10417128183582,0,-7.9288374903223,0,-1.688603900904,59.9428932949115,2.61716324192016,2.5,-4.188603900904,Operating point specifications were successfully met.,NaN,NaN,1,0,,
newmap_rectangle_remainder_direct_db,direct_vinf_alpha_force_balance_v1,newmap_rectangle_remainder,rect_Tilt0_V45_A7p5,tilt_0_v_45_a_7p5,0,45,7.5,vinf_alpha_force_balance_v1,front_rear_free_flap_elevator,MidbandGuide_Tilt70_V45_A5,,NaN,1,1,exact_trim,2.48169705710444e-12,4.62368646281319e-12,q_dot,4.62368646281319e-12,1663.80896129198,969.359478479549,-15.499747529612,0,17.3981290785459,0,-2.7298457480606,44.6150187618215,5.87367864990232,7.5,-10.2298457480606,Operating point specifications were successfully met.,NaN,NaN,1,0,,
newmap_rectangle_remainder_direct_db,direct_vinf_alpha_force_balance_v1,newmap_rectangle_remainder,rect_Tilt10_V65_A0,tilt_10_v_65_a_0,10,65,0,vinf_alpha_force_balance_v1,front_rear_free_flap_elevator,entry_rect_Tilt20_V65_A0,,NaN,0,0,near_trim_borderline,0.971718986200532,1.83083029717267,q_dot,1.83083029717267,880.855684937388,240.15440497026,1.85844303796919,0,-1.25050949580048,0,-2.28995413863494,65,8.54471254486279e-17,7.53193793804811e-17,-2.28995413863494,Could not find a solution that satisfies all constraints.  Relax the constraints to find a feasible solution.,NaN,NaN,1,0,,
newmap_rectangle_remainder_direct_db,direct_vinf_alpha_force_balance_v1,newmap_rectangle_remainder,rect_Tilt80_V0_A0,tilt_80_v_0_a_0,80,0,0,vinf_alpha_force_balance_v1,front_rear_free_flap_elevator,rectExtraAlpha_Tilt60_V25_A15,,NaN,0,0,not_usable,25.5829949031524,45.7927264137286,q_dot,45.7927264137286,2158.83088935013,1161.15871607884,8.40411631703612,0,-7.06298589274813,0,35.3302136569255,0,0,0,35.3302136569255,Could not find a solution that satisfies all constraints.  Relax the constraints to find a feasible solution.,NaN,NaN,1,0,,
newmap_rectangle_remainder_direct_db,direct_vinf_alpha_force_balance_v1,newmap_rectangle_remainder,rect_Tilt0_V50_A5,tilt_0_v_50_a_5,0,50,5,vinf_alpha_force_balance_v1,front_rear_free_flap_elevator,entry_rect_Tilt10_V50_A5,,NaN,1,1,exact_trim,7.2676620770388e-07,1.34416931312575e-06,q_dot,1.34416931312575e-06,1199.4347575174,309.711308472642,-2.20118251181074,0,-3.47276146892022,0,0.323029674070908,49.8097349045873,4.35778713738291,5,-4.67697032592909,Operating point specifications were successfully met.,NaN,NaN,1,0,,
newmap_rectangle_remainder_direct_db,direct_vinf_alpha_force_balance_v1,newmap_rectangle_remainder,rect_Tilt10_V70_A0,tilt_10_v_70_a_0,10,70,0,vinf_alpha_force_balance_v1,front_rear_free_flap_elevator,entry_rect_Tilt20_V70_A0,,NaN,1,1,exact_trim,7.86758891608724e-09,1.46671604309927e-08,q_dot,1.46671604309927e-08,761.802920996053,529.169828069159,0.418014442889847,0,-3.29100062937497,0,-3.95322505791468,70,-3.05423052640077e-23,-2.49992169746834e-23,-3.95322505791468,Operating point specifications were successfully met.,NaN,NaN,1,0,,
newmap_rectangle_remainder_direct_db,direct_vinf_alpha_force_balance_v1,newmap_rectangle_remainder,rect_Tilt90_V5_A2p5,tilt_90_v_5_a_2p5,90,5,2.5,vinf_alpha_force_balance_v1,front_rear_free_flap_elevator,MidbandGuide_Tilt62p5_V35_A2p5,,NaN,0,0,not_usable,38.835999857244,69.9543700044417,q_dot,69.9543700044417,1797.75551848878,1177.21531037906,15.795615868127,0,-24.4158199292194,0,22.3141735444937,4.99524110790931,0.218096936826094,2.49999999999328,19.8141735445004,Could not find a solution that satisfies all constraints.  Relax the constraints to find a feasible solution.,NaN,NaN,1,0,,
newmap_rectangle_remainder_direct_db,direct_vinf_alpha_force_balance_v1,newmap_rectangle_remainder,rect_Tilt0_V55_A5,tilt_0_v_55_a_5,0,55,5,vinf_alpha_force_balance_v1,front_rear_free_flap_elevator,rectExtraAlpha_Tilt70_V55_A10,,NaN,1,1,exact_trim,2.31635005447848e-08,4.17452288864919e-08,q_dot,4.17452288864919e-08,1782.43854688143,301.368971592935,-13.8779330348207,0,12.2271282360217,0,-2.34709313470719,54.790708395046,4.7935658511212,5,-7.34709313470719,Operating point specifications were successfully met.,NaN,NaN,1,0,,
newmap_rectangle_remainder_direct_db,direct_vinf_alpha_force_balance_v1,newmap_rectangle_remainder,rect_Tilt10_V75_A0,tilt_10_v_75_a_0,10,75,0,vinf_alpha_force_balance_v1,front_rear_free_flap_elevator,entry_rect_Tilt20_V75_A0,,NaN,1,1,exact_trim,2.34418108409346e-08,4.36609640594961e-08,q_dot,4.36609640594961e-08,761.802903739729,529.169827559743,-1.75796663647792,0,-3.79622838693492,0,-4.36796939121961,75,4.23331908439711e-22,3.23401755824187e-22,-4.36796939121961,Operating point specifications were successfully met.,NaN,NaN,1,0,,
newmap_rectangle_remainder_direct_db,direct_vinf_alpha_force_balance_v1,newmap_rectangle_remainder,rect_Tilt0_V60_A2p5,tilt_0_v_60_a_2p5,0,60,2.5,vinf_alpha_force_balance_v1,front_rear_free_flap_elevator,entry_rect_Tilt10_V60_A2p5,,NaN,1,1,exact_trim,5.57815582655423e-09,1.03688392561583e-08,q_dot,1.03688392561583e-08,685.073479154753,200.942824198336,1.05143428916335,0,-7.84464512402177,0,-2.38935841453986,59.9428932949115,2.61716324192016,2.5,-4.88935841453986,Operating point specifications were successfully met.,NaN,NaN,1,0,,
newmap_rectangle_remainder_direct_db,direct_vinf_alpha_force_balance_v1,newmap_rectangle_remainder,rect_Tilt0_V65_A0,tilt_0_v_65_a_0,0,65,0,vinf_alpha_force_balance_v1,front_rear_free_flap_elevator,entry_rect_Tilt10_V70_A0,,NaN,1,1,exact_trim,2.19610185817905e-06,4.15113779495826e-06,q_dot,4.15113779495826e-06,761.802924528756,529.169828449801,2.14775704976145,0,-3.39531535905237,0,-4.6894646397467,65,-6.80462429043834e-21,-5.99809620022029e-21,-4.6894646397467,Operating point specifications were successfully met.,NaN,NaN,1,0,,
newmap_rectangle_remainder_direct_db,direct_vinf_alpha_force_balance_v1,newmap_rectangle_remainder,rect_Tilt90_V0_A0,tilt_90_v_0_a_0,90,0,0,vinf_alpha_force_balance_v1,front_rear_free_flap_elevator,MidbandGuide_Tilt62p5_V35_A2p5,,NaN,0,0,not_usable,39.0481831700486,70.2653914629171,q_dot,70.2653914629171,1797.75551848878,1177.21531037906,15.795615868127,0,-24.4158199292194,0,22.3141735444937,0,0,0,22.3141735444937,Could not find a solution that satisfies all constraints.  Relax the constraints to find a feasible solution.,NaN,NaN,1,0,,
newmap_rectangle_remainder_direct_db,direct_vinf_alpha_force_balance_v1,newmap_rectangle_remainder,rect_Tilt0_V70_A0,tilt_0_v_70_a_0,0,70,0,vinf_alpha_force_balance_v1,front_rear_free_flap_elevator,entry_rect_Tilt10_V70_A0,,NaN,1,1,exact_trim,9.70676765483177e-09,1.80944606707001e-08,q_dot,1.80944606707001e-08,761.802921175083,529.169828244995,0.361496116703822,0,-3.19963971208481,0,-4.81483294633907,70,-1.36421423567644e-22,-1.11662454365607e-22,-4.81483294633907,Operating point specifications were successfully met.,NaN,NaN,1,0,,
newmap_rectangle_remainder_direct_db,direct_vinf_alpha_force_balance_v1,newmap_rectangle_remainder,rect_Tilt0_V75_A0,tilt_0_v_75_a_0,0,75,0,vinf_alpha_force_balance_v1,front_rear_free_flap_elevator,rect_Tilt80_V75_A0,,NaN,1,1,exact_trim,1.16126638192255e-08,2.55141330285369e-08,w_dot,2.55141330285369e-08,663.87534867651,257.940376692729,-0.956760556307037,0,-3.20569001728743,0,-5.30075184620939,75,-5.09490480076515e-24,-3.89222056139713e-24,-5.30075184620939,Operating point specifications were successfully met.,NaN,NaN,1,0,,
newmap_full_alpha_rectangle_direct_db,direct_vinf_alpha_force_balance_v1,newmap_full_alpha_rectangle,FullAlphaRect_Tilt0_V0_A5,tilt_0_v_0_a_5,0,0,5,vinf_alpha_force_balance_v1,front_rear_free_flap_elevator,MidbandGuide_Tilt0_V0_A0,,NaN,1,1,exact_trim,9.32714294011678e-06,1.77480164298376e-05,q_dot,1.77480164298376e-05,1865.74061945633,1756.3968576675,0,0,0,0,0,0,0,0,0,Operating point specifications were successfully met.,NaN,NaN,1,0,,
newmap_full_alpha_rectangle_direct_db,direct_vinf_alpha_force_balance_v1,newmap_full_alpha_rectangle,FullAlphaRect_Tilt0_V0_A10,tilt_0_v_0_a_10,0,0,10,vinf_alpha_force_balance_v1,front_rear_free_flap_elevator,MidbandGuide_Tilt0_V0_A0,,NaN,1,1,exact_trim,9.32714294011678e-06,1.77480164298376e-05,q_dot,1.77480164298376e-05,1865.74061945633,1756.3968576675,0,0,0,0,0,0,0,0,0,Operating point specifications were successfully met.,NaN,NaN,1,0,,
newmap_full_alpha_rectangle_direct_db,direct_vinf_alpha_force_balance_v1,newmap_full_alpha_rectangle,FullAlphaRect_Tilt10_V0_A5,tilt_10_v_0_a_5,10,0,5,vinf_alpha_force_balance_v1,front_rear_free_flap_elevator,rect_Tilt10_V0_A0,,NaN,0,1,quasi_trim_usable,0.512099228953484,0.899052066795986,q_dot,0.899052066795986,1878.42159392736,1729.19333678382,8.38857130582801,0,20.1416273465143,0,5.30001994534145,0,0,0,5.30001994534145,Could not find a solution that satisfies all constraints.  Relax the constraints to find a feasible solution.,NaN,NaN,1,0,,
newmap_full_alpha_rectangle_direct_db,direct_vinf_alpha_force_balance_v1,newmap_full_alpha_rectangle,FullAlphaRect_Tilt10_V0_A10,tilt_10_v_0_a_10,10,0,10,vinf_alpha_force_balance_v1,front_rear_free_flap_elevator,rect_Tilt10_V0_A0,,NaN,0,1,quasi_trim_usable,0.512099228953484,0.899052066795986,q_dot,0.899052066795986,1878.42159392736,1729.19333678382,8.38857130582801,0,20.1416273465143,0,5.30001994534145,0,0,0,5.30001994534145,Could not find a solution that satisfies all constraints.  Relax the constraints to find a feasible solution.,NaN,NaN,1,0,,
newmap_full_alpha_rectangle_direct_db,direct_vinf_alpha_force_balance_v1,newmap_full_alpha_rectangle,FullAlphaRect_Tilt40_V30_A0,tilt_40_v_30_a_0,40,30,0,vinf_alpha_force_balance_v1,front_rear_free_flap_elevator,entry_FullAlphaRect_Tilt10_V0_A5,,NaN,1,1,exact_trim,2.74827924686511e-08,4.99591711334151e-08,q_dot,4.99591711334151e-08,1897.06483972181,1232.28416719378,5.8648527929231,0,21.8618533764463,0,18.3384426283529,30,2.73807102227044e-16,5.22933045277223e-16,18.3384426283529,Operating point specifications were successfully met.,NaN,NaN,1,0,,
newmap_full_alpha_rectangle_direct_db,direct_vinf_alpha_force_balance_v1,newmap_full_alpha_rectangle,FullAlphaRect_Tilt70_V30_A0,tilt_70_v_30_a_0,70,30,0,vinf_alpha_force_balance_v1,front_rear_free_flap_elevator,guide_V30_T70_F0_Rm250,,NaN,0,0,near_trim_borderline,0.543996765869757,1.03549308360681,q_dot,1.03549308360681,2187.46882147565,1153.40108283051,14.9070384373983,0,-19.9749035998756,0,39.856228356672,30,-2.29188909324157e-18,-4.37718573849358e-18,39.856228356672,Could not find a solution that satisfies all constraints.  Relax the constraints to find a feasible solution.,NaN,NaN,1,0,,
newmap_full_alpha_rectangle_direct_db,direct_vinf_alpha_force_balance_v1,newmap_full_alpha_rectangle,FullAlphaRect_Tilt40_V30_A5,tilt_40_v_30_a_5,40,30,5,vinf_alpha_force_balance_v1,front_rear_free_flap_elevator,MidbandGuide_Tilt40_V25_A12p5,,NaN,0,1,quasi_trim_usable,0.422155401833269,0.657883848774849,q_dot,0.657883848774849,1815.237315287,1208.81612005205,-7.71670146625138,0,-13.0869690488657,0,21.3832301857075,29.5013693000453,5.53471203679543,10.6256688651353,10.7575613205721,Could not find a solution that satisfies all constraints.  Relax the constraints to find a feasible solution.,NaN,NaN,1,0,,
newmap_full_alpha_rectangle_direct_db,direct_vinf_alpha_force_balance_v1,newmap_full_alpha_rectangle,FullAlphaRect_Tilt70_V30_A5,tilt_70_v_30_a_5,70,30,5,vinf_alpha_force_balance_v1,front_rear_free_flap_elevator,guide_V30_T70_F75_R0,,NaN,0,0,near_trim_borderline,0.562824077242606,1.04136097180656,q_dot,1.04136097180656,2138.74641024654,1033.19843798426,12.7696995755413,0,-24.1667763205748,0,39.6039876797727,29.8858409427504,2.61467228242836,4.99999999999768,34.603987679775,Could not find a solution that satisfies all constraints.  Relax the constraints to find a feasible solution.,NaN,NaN,1,0,,
newmap_full_alpha_rectangle_direct_db,direct_vinf_alpha_force_balance_v1,newmap_full_alpha_rectangle,FullAlphaRect_Tilt80_V35_A0,tilt_80_v_35_a_0,80,35,0,vinf_alpha_force_balance_v1,front_rear_free_flap_elevator,guide_V35_T80_blend,,NaN,1,1,exact_trim,2.73388709144455e-09,5.1614748596644e-09,q_dot,5.1614748596644e-09,2398.76751301843,1026.81287908798,24.9999687217782,0,-24.9999766409261,0,44.9412343853821,35,-2.50078254579977e-16,-4.09383672440881e-16,44.9412343853821,Operating point specifications were successfully met.,NaN,NaN,1,0,,
newmap_full_alpha_rectangle_direct_db,direct_vinf_alpha_force_balance_v1,newmap_full_alpha_rectangle,FullAlphaRect_Tilt80_V35_A5,tilt_80_v_35_a_5,80,35,5,vinf_alpha_force_balance_v1,front_rear_free_flap_elevator,master_MidbandGuide_Tilt62p5_V35_A7p5,,NaN,0,0,not_usable,1.28165901606237,2.42744677902368,q_dot,2.42744677902368,2257.65604064921,650.608386184083,7.20761890547098,0,-25,0,48.3522705990892,34.8999049924074,3.05431872342967,5.00158472930213,43.3506858697871,Could not find a solution that satisfies all constraints.  Relax the constraints to find a feasible solution.,NaN,NaN,1,0,,
newmap_full_alpha_rectangle_direct_db,direct_vinf_alpha_force_balance_v1,newmap_full_alpha_rectangle,FullAlphaRect_Tilt20_V0_A5,tilt_20_v_0_a_5,20,0,5,vinf_alpha_force_balance_v1,front_rear_free_flap_elevator,rect_Tilt20_V0_A0,,NaN,0,1,quasi_trim_usable,0.318468191888683,0.548633086334408,q_dot,0.548633086334408,1918.42683953796,1714.81611560753,24.9947979935821,0,-12.3568541858297,0,10.8535275187857,0,0,0,10.8535275187857,Could not find a solution that satisfies all constraints.  Relax the constraints to find a feasible solution.,NaN,NaN,1,0,,
newmap_full_alpha_rectangle_direct_db,direct_vinf_alpha_force_balance_v1,newmap_full_alpha_rectangle,FullAlphaRect_Tilt20_V0_A10,tilt_20_v_0_a_10,20,0,10,vinf_alpha_force_balance_v1,front_rear_free_flap_elevator,rect_Tilt20_V0_A0,,NaN,0,1,quasi_trim_usable,0.318468191888683,0.548633086334408,q_dot,0.548633086334408,1918.42683953796,1714.81611560753,24.9947979935821,0,-12.3568541858297,0,10.8535275187857,0,0,0,10.8535275187857,Could not find a solution that satisfies all constraints.  Relax the constraints to find a feasible solution.,NaN,NaN,1,0,,
newmap_full_alpha_rectangle_direct_db,direct_vinf_alpha_force_balance_v1,newmap_full_alpha_rectangle,FullAlphaRect_Tilt50_V40_A0,tilt_50_v_40_a_0,50,40,0,vinf_alpha_force_balance_v1,front_rear_free_flap_elevator,rect_Tilt50_V40_A7p5,,NaN,1,1,exact_trim,1.7879654381329e-07,3.32665339116569e-07,q_dot,3.32665339116569e-07,1689.2237354404,476.703436254393,10.9938948331618,0,11.3701132574054,0,15.7826213659351,40.0000000008888,7.03493838161671e-11,1.00768069598069e-10,15.7826213658343,Operating point specifications were successfully met.,NaN,NaN,1,0,,
newmap_full_alpha_rectangle_direct_db,direct_vinf_alpha_force_balance_v1,newmap_full_alpha_rectangle,FullAlphaRect_Tilt50_V40_A5,tilt_50_v_40_a_5,50,40,5,vinf_alpha_force_balance_v1,front_rear_free_flap_elevator,rect_Tilt50_V40_A7p5,,NaN,1,1,exact_trim,1.03984733239827e-11,1.79287301793344e-11,q_dot,1.79287301793344e-11,1689.22373613295,476.703383977907,1.88875744407164,0,1.0299693910919,0,19.6905135472059,39.8477879236698,3.48622970990632,5,14.6905135472059,Operating point specifications were successfully met.,NaN,NaN,1,0,,
newmap_full_alpha_rectangle_direct_db,direct_vinf_alpha_force_balance_v1,newmap_full_alpha_rectangle,FullAlphaRect_Tilt40_V35_A0,tilt_40_v_35_a_0,40,35,0,vinf_alpha_force_balance_v1,front_rear_free_flap_elevator,rectExtraAlpha_Tilt40_V35_A15,,NaN,0,0,not_usable,1.73667435563352,3.29961112801551,q_dot,3.29961112801551,1781.58594450065,1068.84284390777,6.47767455955188,0,13.1376933904722,0,16.3237787571023,35.0006168182953,-0.00677612304557321,-0.0110924687166986,16.334871225819,Could not find a solution that satisfies all constraints.  Relax the constraints to find a feasible solution.,NaN,NaN,1,0,,
newmap_full_alpha_rectangle_direct_db,direct_vinf_alpha_force_balance_v1,newmap_full_alpha_rectangle,FullAlphaRect_Tilt40_V35_A5,tilt_40_v_35_a_5,40,35,5,vinf_alpha_force_balance_v1,front_rear_free_flap_elevator,rect_Tilt40_V35_A10,,NaN,1,1,exact_trim,1.6323533280201e-09,2.92522963701009e-09,q_dot,2.92522963701009e-09,1550.70164919679,1123.2593114743,7.56332481894898,0,-14.5518252981717,0,13.0841375671528,34.8668144332243,3.0504509961697,5.00000000000083,8.08413756715197,Operating point specifications were successfully met.,NaN,NaN,1,0,,
newmap_full_alpha_rectangle_direct_db,direct_vinf_alpha_force_balance_v1,newmap_full_alpha_rectangle,FullAlphaRect_Tilt30_V30_A0,tilt_30_v_30_a_0,30,30,0,vinf_alpha_force_balance_v1,rear_fixed_flap_elevator,rectExtraAlpha_Tilt30_V30_A15,,NaN,0,1,quasi_trim_usable,5.81809404228269e-11,8.64056002021265e-11,q_dot,8.64056002021265e-11,1654.09996234939,1271.38850119936,11.7773030244747,0,8.35946992584366,0,6.87543709287536,28.9777747886721,7.76457135307562,15,-8.12456290712464,Could not find a solution that satisfies all constraints.  Relax the constraints to find a feasible solution.,NaN,NaN,1,0,,
newmap_full_alpha_rectangle_direct_db,direct_vinf_alpha_force_balance_v1,newmap_full_alpha_rectangle,FullAlphaRect_Tilt80_V30_A0,tilt_80_v_30_a_0,80,30,0,vinf_alpha_force_balance_v1,front_rear_free_flap_elevator,guide_V30_T80_blend,,NaN,0,0,not_usable,9.61998489435645,20.9101531248482,w_dot,20.9101531248482,1744.66832094862,874.444276959678,-1.55775972444329,0,-24.045653928359,0,35.5395959361191,30,0,0,35.5395959361191,Could not find a solution that satisfies all constraints.  Relax the constraints to find a feasible solution.,NaN,NaN,1,0,,
newmap_full_alpha_rectangle_direct_db,direct_vinf_alpha_force_balance_v1,newmap_full_alpha_rectangle,FullAlphaRect_Tilt30_V30_A5,tilt_30_v_30_a_5,30,30,5,vinf_alpha_force_balance_v1,rear_fixed_flap_elevator,rectExtraAlpha_Tilt30_V30_A15,,NaN,0,1,quasi_trim_usable,5.81809404228269e-11,8.64056002021265e-11,q_dot,8.64056002021265e-11,1654.09996234939,1271.38850119936,11.7773030244747,0,8.35946992584366,0,6.87543709287536,28.9777747886721,7.76457135307562,15,-8.12456290712464,Could not find a solution that satisfies all constraints.  Relax the constraints to find a feasible solution.,NaN,NaN,1,0,,
newmap_full_alpha_rectangle_direct_db,direct_vinf_alpha_force_balance_v1,newmap_full_alpha_rectangle,FullAlphaRect_Tilt80_V30_A5,tilt_80_v_30_a_5,80,30,5,vinf_alpha_force_balance_v1,front_rear_free_flap_elevator,guide_V30_T80_F75_Rm250,,NaN,0,0,not_usable,9.74465957675054,16.4047162321698,w_dot,16.4047162321698,1625,850,-1.55775972444329,0,-24.045653928359,0,35.5395959361191,29.8858409427524,2.61467228242975,5,30.5395959361191,Could not find a solution that satisfies all constraints.  Relax the constraints to find a feasible solution.,NaN,NaN,1,0,,
newmap_full_alpha_rectangle_direct_db,direct_vinf_alpha_force_balance_v1,newmap_full_alpha_rectangle,FullAlphaRect_Tilt20_V25_A0,tilt_20_v_25_a_0,20,25,0,vinf_alpha_force_balance_v1,front_rear_free_flap_elevator,rect_Tilt20_V25_A10,,NaN,1,1,exact_trim,6.14098909285384e-09,1.10063695380529e-08,q_dot,1.10063695380529e-08,1868.71431376845,1547.01623100824,-2.73755091673642,0,23.6576907142614,0,9.09252735991736,25,-3.59180433534307e-19,-8.23180917007799e-19,9.09252735991736,Operating point specifications were successfully met.,NaN,NaN,1,0,,
newmap_full_alpha_rectangle_direct_db,direct_vinf_alpha_force_balance_v1,newmap_full_alpha_rectangle,FullAlphaRect_Tilt20_V25_A5,tilt_20_v_25_a_5,20,25,5,vinf_alpha_force_balance_v1,front_rear_free_flap_elevator,rect_Tilt20_V25_A10,,NaN,1,1,exact_trim,3.71170137603752e-10,6.7235678513657e-10,q_dot,6.7235678513657e-10,1896.68199571898,1571.62753329136,-13.7526445334832,0,24.8327094098517,0,9.34342659231447,24.9048674523024,2.17889356869259,5.00000000000083,4.34342659231364,Operating point specifications were successfully met.,NaN,NaN,1,0,,
newmap_full_alpha_rectangle_direct_db,direct_vinf_alpha_force_balance_v1,newmap_full_alpha_rectangle,FullAlphaRect_Tilt50_V45_A0,tilt_50_v_45_a_0,50,45,0,vinf_alpha_force_balance_v1,front_rear_free_flap_elevator,guide_V45_T50_Fm75_Rm250,,NaN,1,1,exact_trim,4.17244389336838e-09,7.75940960981417e-09,q_dot,7.75940960981417e-09,1331.69517037425,367.543724610323,12.8484580637242,0,0.922160650729164,0,7.33491082768025,45,3.52852157292959e-14,4.49265320110508e-14,7.33491082768021,Operating point specifications were successfully met.,NaN,NaN,1,0,,
newmap_full_alpha_rectangle_direct_db,direct_vinf_alpha_force_balance_v1,newmap_full_alpha_rectangle,FullAlphaRect_Tilt50_V45_A5,tilt_50_v_45_a_5,50,45,5,vinf_alpha_force_balance_v1,front_rear_free_flap_elevator,rect_Tilt50_V45_A7p5,,NaN,1,1,exact_trim,3.98918695841766e-11,7.28359257818513e-11,q_dot,7.28359257818513e-11,1278.51367755699,613.271088924616,22.4499237715326,0,3.26018272743146,0,-3.65860853390309,44.8287614141285,3.92200842364462,5.00000000000001,-8.6586085339031,Operating point specifications were successfully met.,NaN,NaN,1,0,,
newmap_full_alpha_rectangle_direct_db,direct_vinf_alpha_force_balance_v1,newmap_full_alpha_rectangle,FullAlphaRect_Tilt90_V35_A0,tilt_90_v_35_a_0,90,35,0,vinf_alpha_force_balance_v1,front_rear_free_flap_elevator,MidbandGuide_Tilt87p5_V55_A2p5,,NaN,0,0,not_usable,10.950508675747,22.8389031470573,w_dot,22.8389031470573,972.858003309338,381.316680398976,6.24384207525338,0,-12.9458904167004,0,5.12531060532871,34.966687755365,1.52667855778676,2.5,2.62531060532871,Could not find a solution that satisfies all constraints.  Relax the constraints to find a feasible solution.,NaN,NaN,1,0,,
newmap_full_alpha_rectangle_direct_db,direct_vinf_alpha_force_balance_v1,newmap_full_alpha_rectangle,FullAlphaRect_Tilt90_V35_A5,tilt_90_v_35_a_5,90,35,5,vinf_alpha_force_balance_v1,front_rear_free_flap_elevator,guide_V35_T90_Fm75_Rm250,,NaN,0,0,not_usable,10.1026861524827,21.0561389425779,w_dot,21.0561389425779,1329.09090909091,687.5,21.0026203153002,0,-14.1653359206898,0,-6.54960107521644,34.8668144332111,3.05045099616804,5,-11.5496010752164,Could not find a solution that satisfies all constraints.  Relax the constraints to find a feasible solution.,NaN,NaN,1,0,,
newmap_full_alpha_rectangle_direct_db,direct_vinf_alpha_force_balance_v1,newmap_full_alpha_rectangle,FullAlphaRect_Tilt30_V0_A5,tilt_30_v_0_a_5,30,0,5,vinf_alpha_force_balance_v1,front_rear_free_flap_elevator,BridgeFrontier_Tilt30_V5_A0,,NaN,0,1,quasi_trim_usable,0.220892624420676,0.372632900002656,q_dot,0.372632900002656,1987.23330104521,1674.91370508276,1.66979078722888,0,6.01587318263185,0,17.4712785264697,0,0,0,17.4712785264697,Could not find a solution that satisfies all constraints.  Relax the constraints to find a feasible solution.,NaN,NaN,1,0,,
newmap_full_alpha_rectangle_direct_db,direct_vinf_alpha_force_balance_v1,newmap_full_alpha_rectangle,FullAlphaRect_Tilt30_V0_A10,tilt_30_v_0_a_10,30,0,10,vinf_alpha_force_balance_v1,front_rear_free_flap_elevator,BridgeFrontier_Tilt30_V5_A0,,NaN,0,1,quasi_trim_usable,0.220892624420676,0.372632900002656,q_dot,0.372632900002656,1987.23330104521,1674.91370508276,1.66979078722888,0,6.01587318263185,0,17.4712785264697,0,0,0,17.4712785264697,Could not find a solution that satisfies all constraints.  Relax the constraints to find a feasible solution.,NaN,NaN,1,0,,
newmap_full_alpha_rectangle_direct_db,direct_vinf_alpha_force_balance_v1,newmap_full_alpha_rectangle,FullAlphaRect_Tilt40_V40_A0,tilt_40_v_40_a_0,40,40,0,vinf_alpha_force_balance_v1,front_rear_free_flap_elevator,guide_V40_T40_F0_Rm250,,NaN,1,1,exact_trim,1.72575844097826e-06,3.2305491133441e-06,q_dot,3.2305491133441e-06,1523.50291208115,1167.43772252661,9.67407143844946,0,-5.90455235587395,0,10.1831609778892,39.9999999999624,6.40843019817974e-11,9.17940009150576e-11,10.1831609777974,Operating point specifications were successfully met.,NaN,NaN,1,0,,
newmap_full_alpha_rectangle_direct_db,direct_vinf_alpha_force_balance_v1,newmap_full_alpha_rectangle,FullAlphaRect_Tilt40_V40_A5,tilt_40_v_40_a_5,40,40,5,vinf_alpha_force_balance_v1,front_rear_free_flap_elevator,entry_FullAlphaRect_Tilt40_V40_A0,,NaN,1,1,exact_trim,1.48084242839062e-10,2.81893619558105e-10,w_dot,2.81893619558105e-10,1523.50414485927,1167.43694648243,0.895355045581641,0,-14.9773367835669,0,12.9058658291239,39.8477879236828,3.48622970990638,4.99999999999845,7.90586582912547,Operating point specifications were successfully met.,NaN,NaN,1,0,,
newmap_full_alpha_rectangle_direct_db,direct_vinf_alpha_force_balance_v1,newmap_full_alpha_rectangle,FullAlphaRect_Tilt50_V50_A0,tilt_50_v_50_a_0,50,50,0,vinf_alpha_force_balance_v1,rear_fixed_flap_elevator,rect_Tilt50_V50_A5,,NaN,1,1,exact_trim,7.33010103016876e-08,1.38406187715697e-07,q_dot,1.38406187715697e-07,761.802938184504,529.169818028641,12.9429124102927,0,-7.3194197286885,0,-1.78709139382374,50.0000000000224,1.02978300935358e-12,1.1800444050043e-12,-1.78709139382492,Operating point specifications were successfully met.,NaN,NaN,1,0,,
newmap_full_alpha_rectangle_direct_db,direct_vinf_alpha_force_balance_v1,newmap_full_alpha_rectangle,FullAlphaRect_Tilt40_V5_A0,tilt_40_v_5_a_0,40,5,0,vinf_alpha_force_balance_v1,front_rear_free_flap_elevator,rect_Tilt40_V5_A2p5,,NaN,1,1,exact_trim,6.66560581068479e-09,1.25722772204002e-08,q_dot,1.25722772204002e-08,2076.70083184558,1618.14168774746,-0.0202457416795567,0,2.73324025934717,0,24.9470151970804,5,5.25943138680488e-17,6.02686442205115e-16,24.9470151970804,Operating point specifications were successfully met.,NaN,NaN,1,0,,
newmap_full_alpha_rectangle_direct_db,direct_vinf_alpha_force_balance_v1,newmap_full_alpha_rectangle,FullAlphaRect_Tilt40_V5_A10,tilt_40_v_5_a_10,40,5,10,vinf_alpha_force_balance_v1,front_rear_free_flap_elevator,rect_Tilt40_V5_A2p5,,NaN,1,1,exact_trim,8.4217904337323e-11,1.51434231080777e-10,q_dot,1.51434231080777e-10,2076.13659835294,1620.74046451039,-17.2452555645206,0,-24.751970727288,0,24.9512854703255,4.9240387651602,0.868240888343152,9.99999999989862,14.9512854704269,Operating point specifications were successfully met.,NaN,NaN,1,0,,
newmap_full_alpha_rectangle_direct_db,direct_vinf_alpha_force_balance_v1,newmap_full_alpha_rectangle,FullAlphaRect_Tilt50_V55_A0,tilt_50_v_55_a_0,50,55,0,vinf_alpha_force_balance_v1,front_rear_free_flap_elevator,rect_Tilt50_V55_A5,,NaN,1,1,exact_trim,1.47246510560505e-08,2.75341190437285e-08,q_dot,2.75341190437285e-08,761.802921482891,529.169846027013,8.66737736081887,0,-6.11363163558524,0,-1.19402283799283,55.0000000000246,1.12712911784973e-12,1.17417711671026e-12,-1.194022837994,Operating point specifications were successfully met.,NaN,NaN,1,0,,
newmap_full_alpha_rectangle_direct_db,direct_vinf_alpha_force_balance_v1,newmap_full_alpha_rectangle,FullAlphaRect_Tilt30_V35_A0,tilt_30_v_35_a_0,30,35,0,vinf_alpha_force_balance_v1,front_rear_free_flap_elevator,guide_V35_T30_F75_R250,,NaN,1,1,exact_trim,3.16752079550425e-09,6.9387979806379e-09,w_dot,6.9387979806379e-09,1384.08591407934,1296.20079524334,18.6820499659867,0,-15.0051984095389,0,4.27280570174002,35,1.02254589255044e-22,1.67393040004509e-22,4.27280570174002,Operating point specifications were successfully met.,NaN,NaN,1,0,,
newmap_full_alpha_rectangle_direct_db,direct_vinf_alpha_force_balance_v1,newmap_full_alpha_rectangle,FullAlphaRect_Tilt30_V35_A5,tilt_30_v_35_a_5,30,35,5,vinf_alpha_force_balance_v1,front_rear_free_flap_elevator,rectExtraAlpha_Tilt30_V30_A15,,NaN,1,1,exact_trim,3.53260448704597e-06,6.63639510145509e-06,q_dot,6.63639510145509e-06,1532.45612588926,1140.13444284724,23.923567156309,0,8.39333014846945,0,0.738727856999458,34.8668144332109,3.05045099616803,5.00000000000001,-4.26127214300055,Operating point specifications were successfully met.,NaN,NaN,1,0,,
newmap_full_alpha_rectangle_direct_db,direct_vinf_alpha_force_balance_v1,newmap_full_alpha_rectangle,FullAlphaRect_Tilt80_V25_A0,tilt_80_v_25_a_0,80,25,0,vinf_alpha_force_balance_v1,front_rear_free_flap_elevator,MidbandGuide_Tilt67p5_V35_A7p5,,NaN,0,0,not_usable,13.0348208010925,21.0724253096131,q_dot,21.0724253096131,1957.33425449384,689.647456522749,5.53274438238705,0,-15.7239743084844,0,33.4738673433814,24.7861215343453,3.26315480550124,7.49999999999989,25.9738673433815,Could not find a solution that satisfies all constraints.  Relax the constraints to find a feasible solution.,NaN,NaN,1,0,,
newmap_full_alpha_rectangle_direct_db,direct_vinf_alpha_force_balance_v1,newmap_full_alpha_rectangle,FullAlphaRect_Tilt80_V25_A5,tilt_80_v_25_a_5,80,25,5,vinf_alpha_force_balance_v1,front_rear_free_flap_elevator,master_MidbandGuide_Tilt67p5_V35_A5,,NaN,0,0,not_usable,1.64106998899008,2.79544482187414,q_dot,2.79544482187414,2400,271.248225150835,10.1510046307717,0,-14.0004673557958,0,61.6941635009973,24.9048674519294,2.17889356871245,5.0000000001207,56.6941635008766,Could not find a solution that satisfies all constraints.  Relax the constraints to find a feasible solution.,NaN,NaN,1,0,,
newmap_full_alpha_rectangle_direct_db,direct_vinf_alpha_force_balance_v1,newmap_full_alpha_rectangle,FullAlphaRect_Tilt50_V10_A0,tilt_50_v_10_a_0,50,10,0,vinf_alpha_force_balance_v1,front_rear_free_flap_elevator,rect_Tilt50_V10_A5,,NaN,1,1,exact_trim,2.61187514927181e-10,4.92705616125563e-10,q_dot,4.92705616125563e-10,2162.00030463864,1495.9285961598,15.9453707327024,0,-2.42940264235423,0,32.7214263765634,10.0000000000035,2.05295341544707e-13,1.17625566242044e-12,32.7214263765622,Operating point specifications were successfully met.,NaN,NaN,1,0,,
newmap_full_alpha_rectangle_direct_db,direct_vinf_alpha_force_balance_v1,newmap_full_alpha_rectangle,FullAlphaRect_Tilt50_V10_A10,tilt_50_v_10_a_10,50,10,10,vinf_alpha_force_balance_v1,front_rear_free_flap_elevator,rect_Tilt50_V10_A5,,NaN,1,1,exact_trim,8.35862011121636e-10,1.52240849356091e-09,q_dot,1.52240849356091e-09,2161.70327006557,1494.61141704795,-3.90631737778304,0,-19.3505092609553,0,33.2432118969301,9.8480775301256,1.73648177666972,9.99999999999886,23.2432118969312,Operating point specifications were successfully met.,NaN,NaN,1,0,,
newmap_full_alpha_rectangle_direct_db,direct_vinf_alpha_force_balance_v1,newmap_full_alpha_rectangle,FullAlphaRect_Tilt0_V20_A0,tilt_0_v_20_a_0,0,20,0,vinf_alpha_force_balance_v1,front_rear_free_flap_elevator,rect_Tilt0_V20_A10,,NaN,1,1,exact_trim,2.29766589443304e-06,4.31112493816491e-06,q_dot,4.31112493816491e-06,1738.72749564427,1544.46531916283,13.5711876587218,0,10.595080220241,0,-1.01347598954958,20.0000000068781,8.21017995342871e-10,2.35204330106302e-09,-1.01347599190162,Operating point specifications were successfully met.,NaN,NaN,1,0,,
newmap_full_alpha_rectangle_direct_db,direct_vinf_alpha_force_balance_v1,newmap_full_alpha_rectangle,FullAlphaRect_Tilt70_V20_A0,tilt_70_v_20_a_0,70,20,0,vinf_alpha_force_balance_v1,front_rear_free_flap_elevator,guide_V20_T70_blend,,NaN,1,1,exact_trim,1.30012448577308e-08,2.68642033063315e-08,w_dot,2.68642033063315e-08,2367.8075734474,1136.06629053679,14.5356521811903,0,-24.4318746223796,0,51.2692563389131,20,-2.27478590216725e-15,-6.51678157450213e-15,51.2692563389131,Operating point specifications were successfully met.,NaN,NaN,1,0,,
newmap_full_alpha_rectangle_direct_db,direct_vinf_alpha_force_balance_v1,newmap_full_alpha_rectangle,FullAlphaRect_Tilt0_V20_A5,tilt_0_v_20_a_5,0,20,5,vinf_alpha_force_balance_v1,front_rear_free_flap_elevator,rect_Tilt0_V25_A10,,NaN,1,1,exact_trim,4.71093403305704e-12,8.89361313067743e-12,q_dot,8.89361313067743e-12,1786.0146124386,1682.30742227377,-5.69904074466633,0,-13.1967687233784,0,-0.0889501949412807,19.9238939618349,1.74311485495316,5,-5.08895019494128,Operating point specifications were successfully met.,NaN,NaN,1,0,,
newmap_full_alpha_rectangle_direct_db,direct_vinf_alpha_force_balance_v1,newmap_full_alpha_rectangle,FullAlphaRect_Tilt70_V20_A5,tilt_70_v_20_a_5,70,20,5,vinf_alpha_force_balance_v1,front_rear_free_flap_elevator,guide_V20_T70_blend,,NaN,0,1,quasi_trim_usable,0.341911909031787,0.619016822455608,q_dot,0.619016822455608,2368.15038217443,1092.27065738654,12.9556743066599,0,-24.5772734340505,0,50.5053695632118,19.923893960701,1.74311485539925,5.00000000155621,45.5053695616556,Could not find a solution that satisfies all constraints.  Relax the constraints to find a feasible solution.,NaN,NaN,1,0,,
newmap_full_alpha_rectangle_direct_db,direct_vinf_alpha_force_balance_v1,newmap_full_alpha_rectangle,FullAlphaRect_Tilt20_V30_A0,tilt_20_v_30_a_0,20,30,0,vinf_alpha_force_balance_v1,front_rear_free_flap_elevator,rect_Tilt20_V35_A10,,NaN,1,1,exact_trim,2.04080996343984e-10,3.7129410657144e-10,w_dot,3.7129410657144e-10,1885.42088046412,1527.63998516718,-5.17253755159006,0,24.9999999999665,0,8.59416881662608,30,8.23055497993402e-17,1.57192021133534e-16,8.59416881662608,Operating point specifications were successfully met.,NaN,NaN,1,0,,
newmap_full_alpha_rectangle_direct_db,direct_vinf_alpha_force_balance_v1,newmap_full_alpha_rectangle,FullAlphaRect_Tilt90_V30_A0,tilt_90_v_30_a_0,90,30,0,vinf_alpha_force_balance_v1,front_rear_free_flap_elevator,master_MidbandGuide_Tilt85_V50_A0,,NaN,0,0,not_usable,15.7776950025363,22.7384917952442,q_dot,22.7384917952442,1112.34061290467,818.980572059536,14.1968098336259,0,-14.5587613714683,0,4.42899953148864,30,4.50595388751562e-14,8.60573801450704e-14,4.42899953148855,Could not find a solution that satisfies all constraints.  Relax the constraints to find a feasible solution.,NaN,NaN,1,0,,
newmap_full_alpha_rectangle_direct_db,direct_vinf_alpha_force_balance_v1,newmap_full_alpha_rectangle,FullAlphaRect_Tilt20_V30_A5,tilt_20_v_30_a_5,20,30,5,vinf_alpha_force_balance_v1,front_rear_free_flap_elevator,rect_Tilt20_V30_A10,,NaN,1,1,exact_trim,2.68247850860316e-10,4.92503467671307e-10,q_dot,4.92503467671307e-10,1873.46862425939,1487.88092964482,-13.0122368956623,0,3.76327910008618,0,10.0518584960472,29.8858409427633,2.61467228243141,5.00000000000134,5.05185849604586,Operating point specifications were successfully met.,NaN,NaN,1,0,,
newmap_full_alpha_rectangle_direct_db,direct_vinf_alpha_force_balance_v1,newmap_full_alpha_rectangle,FullAlphaRect_Tilt90_V30_A5,tilt_90_v_30_a_5,90,30,5,vinf_alpha_force_balance_v1,front_rear_free_flap_elevator,master_MidbandGuide_Tilt85_V50_A0,,NaN,0,0,not_usable,15.7776950025363,22.7384917952442,q_dot,22.7384917952442,1112.34061290467,818.980572059536,14.1968098336259,0,-14.5587613714683,0,4.42899953148864,30,4.50595388751562e-14,8.60573801450704e-14,4.42899953148855,Could not find a solution that satisfies all constraints.  Relax the constraints to find a feasible solution.,NaN,NaN,1,0,,
newmap_full_alpha_rectangle_direct_db,direct_vinf_alpha_force_balance_v1,newmap_full_alpha_rectangle,FullAlphaRect_Tilt60_V15_A0,tilt_60_v_15_a_0,60,15,0,vinf_alpha_force_balance_v1,front_rear_free_flap_elevator,rect_Tilt60_V15_A7p5,,NaN,1,1,exact_trim,2.83182698123456e-09,5.04508435028583e-09,w_dot,5.04508435028583e-09,2282.39892129665,1366.05593658621,5.27068793305634,0,-9.66214557006222,0,42.9856345678429,15.0000000002881,2.63811508445858e-11,1.00768573470915e-10,42.9856345677422,Operating point specifications were successfully met.,NaN,NaN,1,0,,
newmap_full_alpha_rectangle_direct_db,direct_vinf_alpha_force_balance_v1,newmap_full_alpha_rectangle,FullAlphaRect_Tilt60_V15_A5,tilt_60_v_15_a_5,60,15,5,vinf_alpha_force_balance_v1,front_rear_free_flap_elevator,rect_Tilt60_V15_A7p5,,NaN,1,1,exact_trim,8.99884509183731e-13,1.63280819642668e-12,q_dot,1.63280819642668e-12,2281.77224501104,1366.33284324232,-4.09745570409087,0,-19.1429583013748,0,43.2677577556808,14.9429204713762,1.30733614121488,5.00000000000001,38.2677577556807,Operating point specifications were successfully met.,NaN,NaN,1,0,,
newmap_full_alpha_rectangle_direct_db,direct_vinf_alpha_force_balance_v1,newmap_full_alpha_rectangle,FullAlphaRect_Tilt10_V25_A0,tilt_10_v_25_a_0,10,25,0,vinf_alpha_force_balance_v1,front_rear_free_flap_elevator,entry_FullAlphaRect_Tilt20_V25_A0,,NaN,0,1,quasi_trim_usable,0.167833634298544,0.319089695214623,q_dot,0.319089695214623,1811.09638438587,1558.64615213041,-1.15409339506514,0,24.4759037001986,0,3.47725284986898,25,-3.46127203469449e-19,-7.93265117338614e-19,3.47725284986898,Could not find a solution that satisfies all constraints.  Relax the constraints to find a feasible solution.,NaN,NaN,1,0,,
newmap_full_alpha_rectangle_direct_db,direct_vinf_alpha_force_balance_v1,newmap_full_alpha_rectangle,FullAlphaRect_Tilt10_V25_A5,tilt_10_v_25_a_5,10,25,5,vinf_alpha_force_balance_v1,front_rear_free_flap_elevator,rect_Tilt10_V25_A10,,NaN,1,1,exact_trim,4.2895043216594e-10,7.81235780312362e-10,q_dot,7.81235780312362e-10,1717.40704255305,1576.83204560896,-1.10750229358411,0,-13.6937114413258,0,4.41398988598975,24.9048674523024,2.17889356869259,5.00000000000083,-0.586010114011083,Operating point specifications were successfully met.,NaN,NaN,1,0,,
newmap_full_alpha_rectangle_direct_db,direct_vinf_alpha_force_balance_v1,newmap_full_alpha_rectangle,FullAlphaRect_Tilt50_V60_A0,tilt_50_v_60_a_0,50,60,0,vinf_alpha_force_balance_v1,front_rear_free_flap_elevator,rect_Tilt50_V60_A2p5,,NaN,1,1,exact_trim,2.99633179039836e-11,5.59914464026201e-11,q_dot,5.59914464026201e-11,761.802923541444,529.169828376925,5.50758294788949,0,-5.25323630845019,0,-0.975857599956726,60,6.31924271617861e-16,6.03443228926369e-16,-0.975857599956726,Operating point specifications were successfully met.,NaN,NaN,1,0,,
newmap_full_alpha_rectangle_direct_db,direct_vinf_alpha_force_balance_v1,newmap_full_alpha_rectangle,FullAlphaRect_Tilt50_V60_A10,tilt_50_v_60_a_10,50,60,10,vinf_alpha_force_balance_v1,front_rear_free_flap_elevator,rect_Tilt50_V55_A5,,NaN,1,1,exact_trim,4.15633514306367e-07,7.51980837635223e-07,q_dot,7.51980837635223e-07,761.802914318705,529.169803644714,-11.4203602927635,0,-23.5334889867849,0,6.53424316125011,59.0884651807547,10.4188906600191,9.99999999999935,-3.46575683874924,Operating point specifications were successfully met.,NaN,NaN,1,0,,
newmap_full_alpha_rectangle_direct_db,direct_vinf_alpha_force_balance_v1,newmap_full_alpha_rectangle,FullAlphaRect_Tilt40_V45_A0,tilt_40_v_45_a_0,40,45,0,vinf_alpha_force_balance_v1,front_rear_free_flap_elevator,rect_Tilt40_V45_A7p5,,NaN,1,1,exact_trim,2.38452897932429e-09,4.46754699674544e-09,q_dot,4.46754699674544e-09,1055.10107008526,554.824761588112,24.9950880530784,0,1.37303127452116,0,-7.06810803319933,45,-2.02602381408379e-21,-2.57961363866664e-21,-7.06810803319933,Operating point specifications were successfully met.,NaN,NaN,1,0,,
newmap_full_alpha_rectangle_direct_db,direct_vinf_alpha_force_balance_v1,newmap_full_alpha_rectangle,FullAlphaRect_Tilt40_V45_A5,tilt_40_v_45_a_5,40,45,5,vinf_alpha_force_balance_v1,front_rear_free_flap_elevator,rect_Tilt40_V45_A7p5,,NaN,0,0,near_trim_borderline,1.12669448282444,1.86738291941176,q_dot,1.86738291941176,1273.03059977007,591.720142447979,21.0412589026953,0,4.52256943950283,0,-4.06062860323337,44.8713063049599,3.92698120086511,5.0015847229544,-9.06221332618776,Could not find a solution that satisfies all constraints.  Relax the constraints to find a feasible solution.,NaN,NaN,1,0,,
newmap_full_alpha_rectangle_direct_db,direct_vinf_alpha_force_balance_v1,newmap_full_alpha_rectangle,FullAlphaRect_Tilt50_V65_A5,tilt_50_v_65_a_5,50,65,5,vinf_alpha_force_balance_v1,front_rear_free_flap_elevator,rect_Tilt50_V65_A0,,NaN,1,1,exact_trim,4.64481880998128e-09,8.54608318354603e-09,q_dot,8.54608318354603e-09,761.802892278651,529.169817712138,-5.41890701931134,0,-13.1417097146033,0,3.01366318476278,64.7526553759839,5.66512327859897,4.99999999999948,-1.9863368152367,Operating point specifications were successfully met.,NaN,NaN,1,0,,
newmap_full_alpha_rectangle_direct_db,direct_vinf_alpha_force_balance_v1,newmap_full_alpha_rectangle,FullAlphaRect_Tilt50_V65_A10,tilt_50_v_65_a_10,50,65,10,vinf_alpha_force_balance_v1,rear_fixed_flap_elevator,rect_Tilt50_V65_A0,,NaN,1,1,exact_trim,5.367285558476e-07,1.04197805939066e-06,w_dot,1.04197805939066e-06,761.802795004772,529.169827298354,-13.9008221146787,0,-22.2137521792663,0,5.64598532599618,64.0125039684314,11.2871315496398,9.99999999765414,-4.35401467165795,Operating point specifications were successfully met.,NaN,NaN,1,0,,
newmap_full_alpha_rectangle_direct_db,direct_vinf_alpha_force_balance_v1,newmap_full_alpha_rectangle,FullAlphaRect_Tilt40_V0_A5,tilt_40_v_0_a_5,40,0,5,vinf_alpha_force_balance_v1,front_rear_free_flap_elevator,entry_FullAlphaRect_Tilt40_V5_A10,,NaN,0,1,quasi_trim_usable,0.109729632906445,0.166481894801678,q_dot,0.166481894801678,2076.13659835294,1620.74046451039,-17.2452555645206,0,-24.751970727288,0,24.9512854703255,0,0,0,24.9512854703255,Could not find a solution that satisfies all constraints.  Relax the constraints to find a feasible solution.,NaN,NaN,1,0,,
newmap_full_alpha_rectangle_direct_db,direct_vinf_alpha_force_balance_v1,newmap_full_alpha_rectangle,FullAlphaRect_Tilt40_V0_A10,tilt_40_v_0_a_10,40,0,10,vinf_alpha_force_balance_v1,front_rear_free_flap_elevator,entry_FullAlphaRect_Tilt40_V0_A5,,NaN,0,1,quasi_trim_usable,0.109729632906445,0.166481894801678,q_dot,0.166481894801678,2076.13659835294,1620.74046451039,-17.2452555645206,0,-24.751970727288,0,24.9512854703255,0,0,0,24.9512854703255,Could not find a solution that satisfies all constraints.  Relax the constraints to find a feasible solution.,NaN,NaN,1,0,,
newmap_full_alpha_rectangle_direct_db,direct_vinf_alpha_force_balance_v1,newmap_full_alpha_rectangle,FullAlphaRect_Tilt30_V40_A0,tilt_30_v_40_a_0,30,40,0,vinf_alpha_force_balance_v1,front_rear_free_flap_elevator,rect_Tilt30_V40_A7p5,,NaN,1,1,exact_trim,1.39503604466273e-11,2.59411598207754e-11,q_dot,2.59411598207754e-11,1306.03735340299,701.083255768018,15.3725045566832,0,2.4040385275229,0,3.20300973633603,40,2.29324880726244e-23,3.28483695073869e-23,3.20300973633603,Operating point specifications were successfully met.,NaN,NaN,1,0,,
newmap_full_alpha_rectangle_direct_db,direct_vinf_alpha_force_balance_v1,newmap_full_alpha_rectangle,FullAlphaRect_Tilt30_V40_A5,tilt_30_v_40_a_5,30,40,5,vinf_alpha_force_balance_v1,front_rear_free_flap_elevator,rect_Tilt30_V40_A7p5,,NaN,1,1,exact_trim,8.13827750683065e-11,1.4984713600071e-10,q_dot,1.4984713600071e-10,1317.88285939518,673.266032981288,7.00969941271878,0,-8.6553707542691,0,7.28321199124934,39.8477879236698,3.48622970990632,5,2.28321199124934,Operating point specifications were successfully met.,NaN,NaN,1,0,,
newmap_full_alpha_rectangle_direct_db,direct_vinf_alpha_force_balance_v1,newmap_full_alpha_rectangle,FullAlphaRect_Tilt40_V50_A0,tilt_40_v_50_a_0,40,50,0,vinf_alpha_force_balance_v1,front_rear_free_flap_elevator,rect_Tilt40_V50_A5,,NaN,1,1,exact_trim,6.59787133553496e-09,1.22658132148942e-08,q_dot,1.22658132148942e-08,845.662885457188,801.727411460818,11.0270420534805,0,-8.52362515001168,0,-0.991393414385547,50.0000000000224,1.02382394961053e-12,1.17321582554144e-12,-0.99139341438672,Operating point specifications were successfully met.,NaN,NaN,1,0,,
newmap_full_alpha_rectangle_direct_db,direct_vinf_alpha_force_balance_v1,newmap_full_alpha_rectangle,FullAlphaRect_Tilt50_V70_A5,tilt_50_v_70_a_5,50,70,5,vinf_alpha_force_balance_v1,front_rear_free_flap_elevator,rect_Tilt50_V70_A0,,NaN,1,1,exact_trim,6.1895059663808e-09,1.14009853733203e-08,q_dot,1.14009853733203e-08,761.80289103023,529.169819969587,-7.37173613602252,0,-12.563183357959,0,2.41368156988074,69.7336288664414,6.10090199233711,4.99999999999948,-2.58631843011874,Operating point specifications were successfully met.,NaN,NaN,1,0,,
newmap_full_alpha_rectangle_direct_db,direct_vinf_alpha_force_balance_v1,newmap_full_alpha_rectangle,FullAlphaRect_Tilt50_V70_A10,tilt_50_v_70_a_10,50,70,10,vinf_alpha_force_balance_v1,front_rear_free_flap_elevator,rect_Tilt50_V70_A0,,NaN,1,1,exact_trim,4.92589628687084e-07,8.12684668005659e-07,w_dot,8.12684668005659e-07,761.802811413747,529.169870617091,-15.8944114888821,0,-21.2780411140691,0,4.47005562566037,68.936542735152,12.1553724380421,9.99999999764036,-5.52994437197998,Operating point specifications were successfully met.,NaN,NaN,1,0,,
newmap_full_alpha_rectangle_direct_db,direct_vinf_alpha_force_balance_v1,newmap_full_alpha_rectangle,FullAlphaRect_Tilt50_V5_A0,tilt_50_v_5_a_0,50,5,0,vinf_alpha_force_balance_v1,front_rear_free_flap_elevator,rect_Tilt50_V5_A2p5,,NaN,1,1,exact_trim,1.8292727350068e-12,3.37817632760983e-12,q_dot,3.37817632760983e-12,2187.91736005165,1528.21253413711,6.35226005082644,0,-14.7924870107974,0,33.9061099865385,5,5.24780850658178e-17,6.01354558239975e-16,33.9061099865385,Operating point specifications were successfully met.,NaN,NaN,1,0,,
newmap_full_alpha_rectangle_direct_db,direct_vinf_alpha_force_balance_v1,newmap_full_alpha_rectangle,FullAlphaRect_Tilt50_V5_A10,tilt_50_v_5_a_10,50,5,10,vinf_alpha_force_balance_v1,front_rear_free_flap_elevator,rect_Tilt50_V5_A2p5,,NaN,1,1,exact_trim,7.57577552242013e-10,1.21074421906913e-09,q_dot,1.21074421906913e-09,2189.87431838703,1527.53639481334,-16.4066854637902,0,-24.940193415244,0,34.0160450647295,4.9240387651602,0.868240888343152,9.99999999989862,24.0160450648309,Operating point specifications were successfully met.,NaN,NaN,1,0,,
newmap_full_alpha_rectangle_direct_db,direct_vinf_alpha_force_balance_v1,newmap_full_alpha_rectangle,FullAlphaRect_Tilt40_V55_A0,tilt_40_v_55_a_0,40,55,0,vinf_alpha_force_balance_v1,front_rear_free_flap_elevator,rect_Tilt40_V55_A5,,NaN,1,1,exact_trim,5.7473041249511e-09,1.06987198055198e-08,q_dot,1.06987198055198e-08,950.777680130103,379.681082162455,7.17449691479529,0,-3.52936356367274,0,0.529145933067831,55.0000000000246,1.12712908396841e-12,1.17417708141469e-12,0.529145933066657,Operating point specifications were successfully met.,NaN,NaN,1,0,,
newmap_full_alpha_rectangle_direct_db,direct_vinf_alpha_force_balance_v1,newmap_full_alpha_rectangle,FullAlphaRect_Tilt20_V35_A0,tilt_20_v_35_a_0,20,35,0,vinf_alpha_force_balance_v1,front_rear_free_flap_elevator,rect_Tilt20_V40_A7p5,,NaN,1,1,exact_trim,8.78272957931905e-07,1.6522724536154e-06,q_dot,1.6522724536154e-06,1949.01088206224,1469.64437399284,-7.70766207542087,0,18.3528765561186,0,9.82942986263655,34.9999999994434,-2.08409311436492e-10,-3.41170684477956e-10,9.82942986297772,Operating point specifications were successfully met.,NaN,NaN,1,0,,
newmap_full_alpha_rectangle_direct_db,direct_vinf_alpha_force_balance_v1,newmap_full_alpha_rectangle,FullAlphaRect_Tilt20_V35_A5,tilt_20_v_35_a_5,20,35,5,vinf_alpha_force_balance_v1,front_rear_free_flap_elevator,rect_Tilt20_V40_A7p5,,NaN,1,1,exact_trim,5.30958459706572e-07,8.5862318854879e-07,w_dot,8.5862318854879e-07,2015.67266485844,1624.7995043666,-20.2119867546366,0,19.8023843021271,0,8.44358887357435,34.866814433211,3.05045099616803,5,3.44358887357435,Operating point specifications were successfully met.,NaN,NaN,1,0,,
newmap_full_alpha_rectangle_direct_db,direct_vinf_alpha_force_balance_v1,newmap_full_alpha_rectangle,FullAlphaRect_Tilt50_V75_A5,tilt_50_v_75_a_5,50,75,5,vinf_alpha_force_balance_v1,front_rear_free_flap_elevator,rect_Tilt50_V75_A0,,NaN,1,1,exact_trim,2.63018177046538e-08,4.83311097502371e-08,q_dot,4.83311097502371e-08,761.802712901412,529.169786059676,-8.91628103043259,0,-12.3019329109085,0,1.85956791559176,74.714602356908,6.53668070607537,4.99999999999896,-3.1404320844072,Operating point specifications were successfully met.,NaN,NaN,1,0,,
newmap_full_alpha_rectangle_direct_db,direct_vinf_alpha_force_balance_v1,newmap_full_alpha_rectangle,FullAlphaRect_Tilt50_V75_A10,tilt_50_v_75_a_10,50,75,10,vinf_alpha_force_balance_v1,front_rear_free_flap_elevator,rect_Tilt50_V75_A0,,NaN,1,1,exact_trim,5.81832892125496e-13,1.27897692436818e-12,w_dot,1.27897692436818e-12,761.789078840293,529.173552677104,-17.4734500984471,0,-20.7716738925542,0,3.22057028845084,73.8605814759156,13.0236133250198,10,-6.77942971154915,Operating point specifications were successfully met.,NaN,NaN,1,0,,
newmap_full_alpha_rectangle_direct_db,direct_vinf_alpha_force_balance_v1,newmap_full_alpha_rectangle,FullAlphaRect_Tilt90_V25_A0,tilt_90_v_25_a_0,90,25,0,vinf_alpha_force_balance_v1,front_rear_free_flap_elevator,MidbandGuide_Tilt67p5_V35_A7p5,,NaN,0,0,not_usable,25.2524780588058,45.1395933869094,q_dot,45.1395933869094,1957.33425449384,689.647456522749,5.53274438238705,0,-15.7239743084844,0,33.4738673433814,24.7861215343453,3.26315480550124,7.49999999999989,25.9738673433815,Could not find a solution that satisfies all constraints.  Relax the constraints to find a feasible solution.,NaN,NaN,1,0,,
newmap_full_alpha_rectangle_direct_db,direct_vinf_alpha_force_balance_v1,newmap_full_alpha_rectangle,FullAlphaRect_Tilt90_V25_A5,tilt_90_v_25_a_5,90,25,5,vinf_alpha_force_balance_v1,front_rear_free_flap_elevator,MidbandGuide_Tilt67p5_V35_A7p5,,NaN,0,0,not_usable,25.2524780588058,45.1395933869094,q_dot,45.1395933869094,1957.33425449384,689.647456522749,5.53274438238705,0,-15.7239743084844,0,33.4738673433814,24.7861215343453,3.26315480550124,7.49999999999989,25.9738673433815,Could not find a solution that satisfies all constraints.  Relax the constraints to find a feasible solution.,NaN,NaN,1,0,,
newmap_full_alpha_rectangle_direct_db,direct_vinf_alpha_force_balance_v1,newmap_full_alpha_rectangle,FullAlphaRect_Tilt60_V10_A0,tilt_60_v_10_a_0,60,10,0,vinf_alpha_force_balance_v1,front_rear_free_flap_elevator,rect_Tilt60_V5_A2p5,,NaN,1,1,exact_trim,5.66220416827809e-10,1.05585399599156e-09,q_dot,1.05585399599156e-09,2308.87300176051,1341.84629784137,24.9999692623457,0,25.0000000000122,0,43.5624655994971,9.99999999999988,-8.17931571546058e-13,-4.68640269800924e-12,43.5624655995018,Operating point specifications were successfully met.,NaN,NaN,1,0,,
newmap_full_alpha_rectangle_direct_db,direct_vinf_alpha_force_balance_v1,newmap_full_alpha_rectangle,FullAlphaRect_Tilt60_V10_A10,tilt_60_v_10_a_10,60,10,10,vinf_alpha_force_balance_v1,front_rear_free_flap_elevator,rect_Tilt60_V10_A5,,NaN,1,1,exact_trim,5.6618532586719e-07,1.05847567767195e-06,q_dot,1.05847567767195e-06,2308.35075642902,1336.97869177265,9.2539155951036,0,24.0898940354897,0,43.9648767435744,9.84807753012562,1.73648177666972,9.99999999999884,33.9648767435755,Operating point specifications were successfully met.,NaN,NaN,1,0,,
newmap_full_alpha_rectangle_direct_db,direct_vinf_alpha_force_balance_v1,newmap_full_alpha_rectangle,FullAlphaRect_Tilt80_V20_A0,tilt_80_v_20_a_0,80,20,0,vinf_alpha_force_balance_v1,front_rear_free_flap_elevator,master_rectExtraAlpha_Tilt70_V35_A15,,NaN,0,0,not_usable,15.6006372851832,24.9451021640422,q_dot,24.9451021640422,2138.83881746859,882.616415934157,25,0,-7.86808681733824,0,25.8731634207814,19.3185165257813,5.17638090205048,15.0000000000002,10.8731634207812,Could not find a solution that satisfies all constraints.  Relax the constraints to find a feasible solution.,NaN,NaN,1,0,,
newmap_full_alpha_rectangle_direct_db,direct_vinf_alpha_force_balance_v1,newmap_full_alpha_rectangle,FullAlphaRect_Tilt80_V20_A5,tilt_80_v_20_a_5,80,20,5,vinf_alpha_force_balance_v1,front_rear_free_flap_elevator,master_rectExtraAlpha_Tilt70_V35_A15,,NaN,0,0,not_usable,15.6006372851832,24.9451021640422,q_dot,24.9451021640422,2138.83881746859,882.616415934157,25,0,-7.86808681733824,0,25.8731634207814,19.3185165257813,5.17638090205048,15.0000000000002,10.8731634207812,Could not find a solution that satisfies all constraints.  Relax the constraints to find a feasible solution.,NaN,NaN,1,0,,
newmap_full_alpha_rectangle_direct_db,direct_vinf_alpha_force_balance_v1,newmap_full_alpha_rectangle,FullAlphaRect_Tilt10_V30_A0,tilt_10_v_30_a_0,10,30,0,vinf_alpha_force_balance_v1,front_rear_free_flap_elevator,rect_Tilt0_V25_A10,,NaN,1,1,exact_trim,2.56810164659919e-09,5.63989033253165e-09,w_dot,5.63989033253165e-09,1947.12303492012,1698.97058125075,-11.7124576648474,0,24.4407834501615,0,3.59905276962164,30,-1.55624906030192e-15,-2.97221676755002e-15,3.59905276962164,Operating point specifications were successfully met.,NaN,NaN,1,0,,
newmap_full_alpha_rectangle_direct_db,direct_vinf_alpha_force_balance_v1,newmap_full_alpha_rectangle,FullAlphaRect_Tilt10_V30_A5,tilt_10_v_30_a_5,10,30,5,vinf_alpha_force_balance_v1,front_rear_free_flap_elevator,rect_Tilt10_V30_A10,,NaN,1,1,exact_trim,9.90552659698865e-10,1.82534908596637e-09,q_dot,1.82534908596637e-09,1833.16539307644,1515.99204988561,-13.0995464540419,0,3.62097599693445,0,4.61217016811934,29.8858409427633,2.61467228243141,5.00000000000134,-0.387829831882007,Operating point specifications were successfully met.,NaN,NaN,1,0,,
newmap_full_alpha_rectangle_direct_db,direct_vinf_alpha_force_balance_v1,newmap_full_alpha_rectangle,FullAlphaRect_Tilt70_V15_A0,tilt_70_v_15_a_0,70,15,0,vinf_alpha_force_balance_v1,front_rear_free_flap_elevator,rect_Tilt60_V15_A7p5,,NaN,0,1,quasi_trim_usable,0.317090211474979,0.522693960466318,q_dot,0.522693960466318,2400,1138.23443986835,24.212911779798,0,-25,0,54.1787908020571,15.1279605401426,0.0111954719843286,0.0424018277648168,54.1363889742923,Could not find a solution that satisfies all constraints.  Relax the constraints to find a feasible solution.,NaN,NaN,1,0,,
newmap_full_alpha_rectangle_direct_db,direct_vinf_alpha_force_balance_v1,newmap_full_alpha_rectangle,FullAlphaRect_Tilt70_V15_A5,tilt_70_v_15_a_5,70,15,5,vinf_alpha_force_balance_v1,front_rear_free_flap_elevator,entry_FullAlphaRect_Tilt60_V10_A0,,NaN,0,0,near_trim_borderline,0.630375928445472,1.09817498753925,q_dot,1.09817498753925,2400,985.394037659502,8.56935130631344,0,25,0,54.8498455027082,15.0000000000747,1.3089969440498,4.98736530788945,49.8624801948188,Could not find a solution that satisfies all constraints.  Relax the constraints to find a feasible solution.,NaN,NaN,1,0,,
newmap_full_alpha_rectangle_direct_db,direct_vinf_alpha_force_balance_v1,newmap_full_alpha_rectangle,FullAlphaRect_Tilt0_V25_A0,tilt_0_v_25_a_0,0,25,0,vinf_alpha_force_balance_v1,front_rear_free_flap_elevator,rect_Tilt0_V30_A10,,NaN,1,1,exact_trim,7.89245430497e-09,1.37781942262673e-08,q_dot,1.37781942262673e-08,1769.95807373231,1639.06364738358,0.0326945568438946,0,0.333101423689536,0,-0.597683573372242,25,1.10557163935506e-15,2.53378355537617e-15,-0.597683573372245,Operating point specifications were successfully met.,NaN,NaN,1,0,,
newmap_full_alpha_rectangle_direct_db,direct_vinf_alpha_force_balance_v1,newmap_full_alpha_rectangle,FullAlphaRect_Tilt0_V25_A5,tilt_0_v_25_a_5,0,25,5,vinf_alpha_force_balance_v1,front_rear_free_flap_elevator,rect_Tilt0_V15_A7p5,,NaN,1,1,exact_trim,1.5066429293123e-08,2.71858908718059e-08,w_dot,2.71858908718059e-08,1644.10541526149,1454.36491886751,15.7057842735327,0,-3.19522505601374,0,-2.20336164953413,24.9048674522936,2.17889356869146,5.00000000000001,-7.20336164953414,Operating point specifications were successfully met.,NaN,NaN,1,0,,
newmap_full_alpha_rectangle_direct_db,direct_vinf_alpha_force_balance_v1,newmap_full_alpha_rectangle,FullAlphaRect_Tilt40_V60_A0,tilt_40_v_60_a_0,40,60,0,vinf_alpha_force_balance_v1,front_rear_free_flap_elevator,rect_Tilt40_V60_A2p5,,NaN,1,1,exact_trim,4.55592905337274e-11,8.53966956440644e-11,q_dot,8.53966956440644e-11,834.77653156132,224.558376857859,5.05637977552173,0,-3.39430766751133,0,-0.80297834625301,60,6.31924695134334e-16,6.0344363335481e-16,-0.802978346253011,Operating point specifications were successfully met.,NaN,NaN,1,0,,
newmap_full_alpha_rectangle_direct_db,direct_vinf_alpha_force_balance_v1,newmap_full_alpha_rectangle,FullAlphaRect_Tilt40_V60_A10,tilt_40_v_60_a_10,40,60,10,vinf_alpha_force_balance_v1,front_rear_free_flap_elevator,rect_Tilt40_V60_A2p5,,NaN,1,1,exact_trim,3.97512676309306e-08,6.53181644342554e-08,q_dot,6.53181644342554e-08,834.776541541261,224.558364835108,-11.8485604299092,0,-20.907658887267,0,6.81023801882114,59.0884651819463,10.4188906601182,9.99999999989496,-3.18976198107382,Operating point specifications were successfully met.,NaN,NaN,1,0,,
newmap_full_alpha_rectangle_direct_db,direct_vinf_alpha_force_balance_v1,newmap_full_alpha_rectangle,FullAlphaRect_Tilt30_V45_A0,tilt_30_v_45_a_0,30,45,0,vinf_alpha_force_balance_v1,prop_fixed_flap_elevator,rect_Tilt30_V45_A7p5,,NaN,0,1,quasi_trim_usable,1.99785721052724e-08,3.7570859630668e-08,q_dot,3.7570859630668e-08,1047.04781816366,715,18.6567599228728,0,-3.05898690383709,0,-7.67347876707453,44.6150187618215,5.87367864990232,7.5,-15.1734787670745,Could not find a solution that satisfies all constraints.  Relax the constraints to find a feasible solution.,NaN,NaN,1,0,,
newmap_full_alpha_rectangle_direct_db,direct_vinf_alpha_force_balance_v1,newmap_full_alpha_rectangle,FullAlphaRect_Tilt30_V45_A5,tilt_30_v_45_a_5,30,45,5,vinf_alpha_force_balance_v1,front_rear_free_flap_elevator,rect_Tilt30_V45_A7p5,,NaN,1,1,exact_trim,3.40408173899699e-11,6.22212942201625e-11,q_dot,6.22212942201625e-11,1047.04789942056,715.000045907528,22.171306748502,0,0.835096200049908,0,-9.55351589029896,44.8287614141285,3.92200842364462,5.00000000000001,-14.553515890299,Operating point specifications were successfully met.,NaN,NaN,1,0,,
newmap_full_alpha_rectangle_direct_db,direct_vinf_alpha_force_balance_v1,newmap_full_alpha_rectangle,FullAlphaRect_Tilt40_V65_A5,tilt_40_v_65_a_5,40,65,5,vinf_alpha_force_balance_v1,front_rear_free_flap_elevator,rect_Tilt40_V65_A0,,NaN,1,1,exact_trim,4.49179657844054e-09,8.26706318527539e-09,q_dot,8.26706318527539e-09,761.802891517232,529.169818455786,-5.68731354559652,0,-12.7827893582928,0,2.3772793489835,64.7526553759839,5.66512327859897,4.99999999999948,-2.62272065101598,Operating point specifications were successfully met.,NaN,NaN,1,0,,
newmap_full_alpha_rectangle_direct_db,direct_vinf_alpha_force_balance_v1,newmap_full_alpha_rectangle,FullAlphaRect_Tilt40_V65_A10,tilt_40_v_65_a_10,40,65,10,vinf_alpha_force_balance_v1,front_rear_free_flap_elevator,rect_Tilt40_V65_A0,,NaN,1,1,exact_trim,2.78515654986881e-07,4.9466520124497e-07,w_dot,4.9466520124497e-07,761.8027828577,529.169853931102,-14.16787061929,0,-21.6889450230578,0,4.94834926238861,64.0125039684346,11.287131549625,9.99999999764081,-5.0516507352522,Operating point specifications were successfully met.,NaN,NaN,1,0,,
newmap_full_alpha_rectangle_direct_db,direct_vinf_alpha_force_balance_v1,newmap_full_alpha_rectangle,FullAlphaRect_Tilt50_V0_A5,tilt_50_v_0_a_5,50,0,5,vinf_alpha_force_balance_v1,front_rear_free_flap_elevator,entry_FullAlphaRect_Tilt50_V5_A10,,NaN,0,1,quasi_trim_usable,0.112120970460834,0.16367923368895,q_dot,0.16367923368895,2189.87431838703,1527.53639481334,-16.4066854637902,0,-24.940193415244,0,34.0160450647295,0,0,0,34.0160450647295,Could not find a solution that satisfies all constraints.  Relax the constraints to find a feasible solution.,NaN,NaN,1,0,,
newmap_full_alpha_rectangle_direct_db,direct_vinf_alpha_force_balance_v1,newmap_full_alpha_rectangle,FullAlphaRect_Tilt50_V0_A10,tilt_50_v_0_a_10,50,0,10,vinf_alpha_force_balance_v1,front_rear_free_flap_elevator,entry_FullAlphaRect_Tilt50_V0_A5,,NaN,0,1,quasi_trim_usable,0.112120970460834,0.16367923368895,q_dot,0.16367923368895,2189.87431838703,1527.53639481334,-16.4066854637902,0,-24.940193415244,0,34.0160450647295,0,0,0,34.0160450647295,Could not find a solution that satisfies all constraints.  Relax the constraints to find a feasible solution.,NaN,NaN,1,0,,
newmap_full_alpha_rectangle_direct_db,direct_vinf_alpha_force_balance_v1,newmap_full_alpha_rectangle,FullAlphaRect_Tilt20_V40_A0,tilt_20_v_40_a_0,20,40,0,vinf_alpha_force_balance_v1,front_rear_free_flap_elevator,guide_V40_T20_Fm75_R250,,NaN,1,1,exact_trim,5.28191945484389e-06,9.81759347651539e-06,q_dot,9.81759347651539e-06,1842.48574390638,1814.33629427717,-7.09008484983916,0,-9.98565951970409,0,8.82312461657256,40,2.11149754919711e-19,3.02449745053029e-19,8.82312461657256,Operating point specifications were successfully met.,NaN,NaN,1,0,,
newmap_full_alpha_rectangle_direct_db,direct_vinf_alpha_force_balance_v1,newmap_full_alpha_rectangle,FullAlphaRect_Tilt20_V40_A5,tilt_20_v_40_a_5,20,40,5,vinf_alpha_force_balance_v1,front_rear_free_flap_elevator,guide_V40_T20_Fm75_R250,,NaN,1,1,exact_trim,2.36309662603938e-08,4.36574724043771e-08,q_dot,4.36574724043771e-08,1638.91793889874,987.567353069294,-5.43359044220011,0,19.6566569705005,0,5.97625788640088,39.8477879236397,3.48622971004696,5.00000000020443,0.976257886196453,Operating point specifications were successfully met.,NaN,NaN,1,0,,
newmap_full_alpha_rectangle_direct_db,direct_vinf_alpha_force_balance_v1,newmap_full_alpha_rectangle,FullAlphaRect_Tilt30_V50_A0,tilt_30_v_50_a_0,30,50,0,vinf_alpha_force_balance_v1,front_rear_free_flap_elevator,rect_Tilt30_V50_A5,,NaN,1,1,exact_trim,9.68378301186316e-09,1.81042795724373e-08,q_dot,1.81042795724373e-08,600.00170635662,675.169334414402,12.9185475179298,0,-9.07670958654094,0,-4.10537428603412,50.0000000000224,1.02978298224853e-12,1.18004437394419e-12,-4.1053742860353,Operating point specifications were successfully met.,NaN,NaN,1,0,,
newmap_full_alpha_rectangle_direct_db,direct_vinf_alpha_force_balance_v1,newmap_full_alpha_rectangle,FullAlphaRect_Tilt40_V70_A5,tilt_40_v_70_a_5,40,70,5,vinf_alpha_force_balance_v1,front_rear_free_flap_elevator,entry_FullAlphaRect_Tilt40_V65_A5,,NaN,1,1,exact_trim,9.67988110189873e-07,1.77410892213089e-06,q_dot,1.77410892213089e-06,761.802890255458,529.169818273976,-7.59916144851948,0,-12.2858729851881,0,1.78743841014695,69.7336288664222,6.10090199233607,5,-3.21256158985305,Operating point specifications were successfully met.,NaN,NaN,1,0,,
newmap_full_alpha_rectangle_direct_db,direct_vinf_alpha_force_balance_v1,newmap_full_alpha_rectangle,FullAlphaRect_Tilt40_V70_A10,tilt_40_v_70_a_10,40,70,10,vinf_alpha_force_balance_v1,front_rear_free_flap_elevator,entry_FullAlphaRect_Tilt40_V70_A5,,NaN,1,1,exact_trim,6.22259836023369e-09,1.01119839170402e-08,q_dot,1.01119839170402e-08,761.802882496212,529.169810482658,-16.1238930167553,0,-20.8590781149453,0,3.74437667967774,68.936542710881,12.1553724366883,9.99999999999883,-6.25562332032109,Operating point specifications were successfully met.,NaN,NaN,1,0,,
newmap_full_alpha_rectangle_direct_db,direct_vinf_alpha_force_balance_v1,newmap_full_alpha_rectangle,FullAlphaRect_Tilt60_V5_A0,tilt_60_v_5_a_0,60,5,0,vinf_alpha_force_balance_v1,front_rear_free_flap_elevator,rect_Tilt50_V5_A2p5,,NaN,1,1,exact_trim,3.58704801551143e-06,6.50389289784668e-06,q_dot,6.50389289784668e-06,2321.51708593885,1372.43358072727,25,0,-9.11652502681646,0,45.0705960633686,5,-9.1661952157928e-15,-1.05036860011587e-13,45.0705960633687,Operating point specifications were successfully met.,NaN,NaN,1,0,,
newmap_full_alpha_rectangle_direct_db,direct_vinf_alpha_force_balance_v1,newmap_full_alpha_rectangle,FullAlphaRect_Tilt60_V5_A10,tilt_60_v_5_a_10,60,5,10,vinf_alpha_force_balance_v1,front_rear_free_flap_elevator,rect_Tilt60_V5_A2p5,,NaN,1,1,exact_trim,3.34196494909375e-10,6.36337205150994e-10,w_dot,6.36337205150994e-10,2322.51849310235,1367.24767764818,14.6016376697077,0,22.341401136501,0,45.110623624026,4.9240387651602,0.868240888343152,9.99999999989862,35.1106236241274,Operating point specifications were successfully met.,NaN,NaN,1,0,,
newmap_full_alpha_rectangle_direct_db,direct_vinf_alpha_force_balance_v1,newmap_full_alpha_rectangle,FullAlphaRect_Tilt30_V55_A0,tilt_30_v_55_a_0,30,55,0,vinf_alpha_force_balance_v1,front_rear_free_flap_elevator,rectExtraAlpha_Tilt40_V55_A10,,NaN,0,0,not_usable,1.74259798679436,3.28886894309615,q_dot,3.28886894309615,883.856268861707,305.183763336409,-9.08429160980042,0,-21.6585603767535,0,7.77609686859751,54.1644264156714,9.55064977168116,9.99999999999999,-2.22390313140248,Could not find a solution that satisfies all constraints.  Relax the constraints to find a feasible solution.,NaN,NaN,1,0,,
newmap_full_alpha_rectangle_direct_db,direct_vinf_alpha_force_balance_v1,newmap_full_alpha_rectangle,FullAlphaRect_Tilt10_V35_A0,tilt_10_v_35_a_0,10,35,0,vinf_alpha_force_balance_v1,prop_fixed_flap_elevator,rect_Tilt10_V35_A10,,NaN,0,1,quasi_trim_usable,0.468987390402325,0.712329741776575,q_dot,0.712329741776575,1859.12032872531,1475.32789500348,-5.85543342223625,0,13.8019127008904,0,4.72351623853738,35.5290279563743,0.061838087974377,0.099722904909079,4.6237933336283,Could not find a solution that satisfies all constraints.  Relax the constraints to find a feasible solution.,NaN,NaN,1,0,,
newmap_full_alpha_rectangle_direct_db,direct_vinf_alpha_force_balance_v1,newmap_full_alpha_rectangle,FullAlphaRect_Tilt10_V35_A5,tilt_10_v_35_a_5,10,35,5,vinf_alpha_force_balance_v1,front_rear_free_flap_elevator,rect_Tilt10_V35_A10,,NaN,1,1,exact_trim,1.19347930309884e-09,2.19688324318412e-09,q_dot,2.19688324318412e-09,1859.12016007401,1475.32807571913,-14.7588602222323,0,4.49574902466023,0,4.29490553267181,34.8668144332243,3.0504509961697,5.00000000000083,-0.705094467329022,Operating point specifications were successfully met.,NaN,NaN,1,0,,
newmap_full_alpha_rectangle_direct_db,direct_vinf_alpha_force_balance_v1,newmap_full_alpha_rectangle,FullAlphaRect_Tilt40_V75_A5,tilt_40_v_75_a_5,40,75,5,vinf_alpha_force_balance_v1,front_rear_free_flap_elevator,rect_Tilt40_V75_A0,,NaN,1,1,exact_trim,2.53283248414618e-08,4.65909368343283e-08,q_dot,4.65909368343283e-08,761.802879031359,529.169825063298,-9.13393314820717,0,-12.0725932994043,0,1.21662346600574,74.7146023569081,6.53668070607469,4.99999999999844,-3.7833765339927,Operating point specifications were successfully met.,NaN,NaN,1,0,,
newmap_full_alpha_rectangle_direct_db,direct_vinf_alpha_force_balance_v1,newmap_full_alpha_rectangle,FullAlphaRect_Tilt40_V75_A10,tilt_40_v_75_a_10,40,75,10,vinf_alpha_force_balance_v1,front_rear_free_flap_elevator,rect_Tilt40_V75_A0,,NaN,1,1,exact_trim,3.44365387593582e-13,7.53175299905706e-13,w_dot,7.53175299905706e-13,761.797867486204,529.170842264626,-17.6722368551391,0,-20.4424267870935,0,2.50644216993386,73.8605814759156,13.0236133250198,10,-7.49355783006614,Operating point specifications were successfully met.,NaN,NaN,1,0,,
newmap_full_alpha_rectangle_direct_db,direct_vinf_alpha_force_balance_v1,newmap_full_alpha_rectangle,FullAlphaRect_Tilt70_V10_A0,tilt_70_v_10_a_0,70,10,0,vinf_alpha_force_balance_v1,front_rear_free_flap_elevator,entry_FullAlphaRect_Tilt60_V10_A0,,NaN,0,0,not_usable,3.43612950821903,5.94816545144489,q_dot,5.94816545144489,2400,974.098042688219,-1.26729198462219,0,25,0,56.8912087009158,9.99999999878215,-7.52379870679536e-09,-4.3108191185786e-08,56.8912087440239,Could not find a solution that satisfies all constraints.  Relax the constraints to find a feasible solution.,NaN,NaN,1,0,,
newmap_full_alpha_rectangle_direct_db,direct_vinf_alpha_force_balance_v1,newmap_full_alpha_rectangle,FullAlphaRect_Tilt70_V10_A10,tilt_70_v_10_a_10,70,10,10,vinf_alpha_force_balance_v1,front_rear_free_flap_elevator,entry_FullAlphaRect_Tilt60_V10_A0,,NaN,0,0,not_usable,2.28170225655106,4.01179502898692,q_dot,4.01179502898692,2400,1011.52318868365,24.0537456696803,0,3.71032587682762,0,56.7751718338825,9.84804721868334,1.7367435876614,10.0015074325365,46.773664401346,Could not find a solution that satisfies all constraints.  Relax the constraints to find a feasible solution.,NaN,NaN,1,0,,
newmap_full_alpha_rectangle_direct_db,direct_vinf_alpha_force_balance_v1,newmap_full_alpha_rectangle,FullAlphaRect_Tilt90_V20_A0,tilt_90_v_20_a_0,90,20,0,vinf_alpha_force_balance_v1,front_rear_free_flap_elevator,master_MidbandGuide_Tilt67p5_V35_A5,,NaN,0,0,not_usable,27.7371545624717,48.983119919427,q_dot,48.983119919427,1949.84160796866,871.868367510389,14.159391603314,0,-14.6588165420883,0,30.1651558323529,19.9238939618349,1.74311485495342,5.00000000000075,25.1651558323522,Could not find a solution that satisfies all constraints.  Relax the constraints to find a feasible solution.,NaN,NaN,1,0,,
newmap_full_alpha_rectangle_direct_db,direct_vinf_alpha_force_balance_v1,newmap_full_alpha_rectangle,FullAlphaRect_Tilt90_V20_A5,tilt_90_v_20_a_5,90,20,5,vinf_alpha_force_balance_v1,front_rear_free_flap_elevator,master_MidbandGuide_Tilt67p5_V35_A5,,NaN,0,0,not_usable,27.7371545624717,48.983119919427,q_dot,48.983119919427,1949.84160796866,871.868367510389,14.159391603314,0,-14.6588165420883,0,30.1651558323529,19.9238939618349,1.74311485495342,5.00000000000075,25.1651558323522,Could not find a solution that satisfies all constraints.  Relax the constraints to find a feasible solution.,NaN,NaN,1,0,,
newmap_full_alpha_rectangle_direct_db,direct_vinf_alpha_force_balance_v1,newmap_full_alpha_rectangle,FullAlphaRect_Tilt0_V30_A0,tilt_0_v_30_a_0,0,30,0,vinf_alpha_force_balance_v1,front_rear_free_flap_elevator,rect_Tilt0_V20_A10,,NaN,1,1,exact_trim,2.4297931694965e-08,4.56791260165587e-08,q_dot,4.56791260165587e-08,1931.66003477411,2041.3821666812,-16.3281645711204,0,-24.8949777150245,0,-1.92332281997893,30,8.09475201763784e-16,1.54598375605219e-15,-1.92332281997893,Operating point specifications were successfully met.,NaN,NaN,1,0,,
newmap_full_alpha_rectangle_direct_db,direct_vinf_alpha_force_balance_v1,newmap_full_alpha_rectangle,FullAlphaRect_Tilt0_V30_A5,tilt_0_v_30_a_5,0,30,5,vinf_alpha_force_balance_v1,front_rear_free_flap_elevator,guide_V30_T0_F0_R250,,NaN,1,1,exact_trim,8.2401062235792e-06,1.56056574947065e-05,q_dot,1.56056574947065e-05,1760.95092469087,1448.56946353624,-8.76626063360469,0,5.93676585994341,0,-0.155107453159304,29.8858409369481,2.6146722745881,4.9999999860467,-5.155107439206,Operating point specifications were successfully met.,NaN,NaN,1,0,,
newmap_full_alpha_rectangle_direct_db,direct_vinf_alpha_force_balance_v1,newmap_full_alpha_rectangle,FullAlphaRect_Tilt80_V15_A0,tilt_80_v_15_a_0,80,15,0,vinf_alpha_force_balance_v1,front_rear_free_flap_elevator,MidbandGuide_Tilt67p5_V35_A0,,NaN,0,0,not_usable,22.7178666103881,39.4532960969291,q_dot,39.4532960969291,1944.19839610883,1096.75294108298,19.8204066489129,0,-14.1787985940898,0,26.3998341140153,15,4.3058962370859e-13,1.64473120937523e-12,26.3998341140137,Could not find a solution that satisfies all constraints.  Relax the constraints to find a feasible solution.,NaN,NaN,1,0,,
newmap_full_alpha_rectangle_direct_db,direct_vinf_alpha_force_balance_v1,newmap_full_alpha_rectangle,FullAlphaRect_Tilt80_V15_A5,tilt_80_v_15_a_5,80,15,5,vinf_alpha_force_balance_v1,front_rear_free_flap_elevator,MidbandGuide_Tilt67p5_V35_A0,,NaN,0,0,not_usable,22.7178666103881,39.4532960969291,q_dot,39.4532960969291,1944.19839610883,1096.75294108298,19.8204066489129,0,-14.1787985940898,0,26.3998341140153,15,4.3058962370859e-13,1.64473120937523e-12,26.3998341140137,Could not find a solution that satisfies all constraints.  Relax the constraints to find a feasible solution.,NaN,NaN,1,0,,
newmap_full_alpha_rectangle_direct_db,direct_vinf_alpha_force_balance_v1,newmap_full_alpha_rectangle,FullAlphaRect_Tilt30_V60_A0,tilt_30_v_60_a_0,30,60,0,vinf_alpha_force_balance_v1,front_rear_free_flap_elevator,rect_Tilt30_V65_A0,,NaN,1,1,exact_trim,1.81468634216586e-12,3.38874317862779e-12,q_dot,3.38874317862779e-12,761.802926396946,529.169828036353,4.9001320204588,0,-4.49022098407056,0,-2.14182739116615,60,7.63550530970179e-25,7.29137047826072e-25,-2.14182739116615,Operating point specifications were successfully met.,NaN,NaN,1,0,,
newmap_full_alpha_rectangle_direct_db,direct_vinf_alpha_force_balance_v1,newmap_full_alpha_rectangle,FullAlphaRect_Tilt30_V60_A10,tilt_30_v_60_a_10,30,60,10,vinf_alpha_force_balance_v1,front_rear_free_flap_elevator,entry_FullAlphaRect_Tilt40_V60_A10,,NaN,1,1,exact_trim,1.56407643908676e-08,2.69545888287865e-08,q_dot,2.69545888287865e-08,834.776540826211,224.558365021457,-12.1329147579496,0,-20.3315734249117,0,5.88522790626777,59.0884651807325,10.4188906600158,10,-4.11477209373223,Operating point specifications were successfully met.,NaN,NaN,1,0,,
newmap_full_alpha_rectangle_direct_db,direct_vinf_alpha_force_balance_v1,newmap_full_alpha_rectangle,FullAlphaRect_Tilt20_V45_A0,tilt_20_v_45_a_0,20,45,0,vinf_alpha_force_balance_v1,front_rear_free_flap_elevator,rect_Tilt10_V45_A7p5,,NaN,0,0,not_usable,1.37223442388725,2.58544750110794,q_dot,2.58544750110794,1046.76310475726,697.487627295033,16.1386512013875,0,-4.4224515633845,0,-8.94036098940687,44.6150187618215,5.87367864990232,7.5,-16.4403609894069,Could not find a solution that satisfies all constraints.  Relax the constraints to find a feasible solution.,NaN,NaN,1,0,,
newmap_full_alpha_rectangle_direct_db,direct_vinf_alpha_force_balance_v1,newmap_full_alpha_rectangle,FullAlphaRect_Tilt20_V45_A5,tilt_20_v_45_a_5,20,45,5,vinf_alpha_force_balance_v1,front_rear_free_flap_elevator,rect_Tilt20_V45_A7p5,,NaN,1,1,exact_trim,6.68372374105558e-12,1.23347311360899e-11,q_dot,1.23347311360899e-11,1577.94449709577,632.129627341665,-5.6550208439717,0,6.25747357985426,0,7.43265568787128,44.8287614141285,3.92200842364462,5.00000000000001,2.43265568787126,Operating point specifications were successfully met.,NaN,NaN,1,0,,
newmap_full_alpha_rectangle_direct_db,direct_vinf_alpha_force_balance_v1,newmap_full_alpha_rectangle,FullAlphaRect_Tilt30_V65_A5,tilt_30_v_65_a_5,30,65,5,vinf_alpha_force_balance_v1,front_rear_free_flap_elevator,rect_Tilt30_V65_A0,,NaN,1,1,exact_trim,4.56917967898883e-09,8.40060521072709e-09,q_dot,8.40060521072709e-09,761.802890778813,529.169818928855,-5.90798960391001,0,-12.4806930715187,0,1.64291173991155,64.7526553759839,5.66512327859897,4.99999999999948,-3.35708826008793,Operating point specifications were successfully met.,NaN,NaN,1,0,,
newmap_full_alpha_rectangle_direct_db,direct_vinf_alpha_force_balance_v1,newmap_full_alpha_rectangle,FullAlphaRect_Tilt30_V65_A10,tilt_30_v_65_a_10,30,65,10,vinf_alpha_force_balance_v1,front_rear_free_flap_elevator,rect_Tilt30_V65_A0,,NaN,1,1,exact_trim,3.13164413345063e-07,5.62232443712674e-07,w_dot,5.62232443712674e-07,761.802773207671,529.169857872776,-14.3861735920633,0,-21.2741739250875,0,4.16150875434083,64.0125039684346,11.287131549625,9.99999999764081,-5.83849124329998,Operating point specifications were successfully met.,NaN,NaN,1,0,,
newmap_full_alpha_rectangle_direct_db,direct_vinf_alpha_force_balance_v1,newmap_full_alpha_rectangle,FullAlphaRect_Tilt60_V0_A5,tilt_60_v_0_a_5,60,0,5,vinf_alpha_force_balance_v1,front_rear_free_flap_elevator,entry_FullAlphaRect_Tilt60_V5_A0,,NaN,0,1,quasi_trim_usable,0.216012030856859,0.351326139576663,w_dot,0.351326139576663,2321.51708593885,1372.43358072727,25,0,-9.11652502681646,0,45.0705960633686,0,-0,0,45.0705960633686,Could not find a solution that satisfies all constraints.  Relax the constraints to find a feasible solution.,NaN,NaN,1,0,,
newmap_full_alpha_rectangle_direct_db,direct_vinf_alpha_force_balance_v1,newmap_full_alpha_rectangle,FullAlphaRect_Tilt60_V0_A10,tilt_60_v_0_a_10,60,0,10,vinf_alpha_force_balance_v1,front_rear_free_flap_elevator,entry_FullAlphaRect_Tilt60_V0_A5,,NaN,0,1,quasi_trim_usable,0.216012030856859,0.351326139576663,w_dot,0.351326139576663,2321.51708593885,1372.43358072727,25,0,-9.11652502681646,0,45.0705960633686,0,0,0,45.0705960633686,Could not find a solution that satisfies all constraints.  Relax the constraints to find a feasible solution.,NaN,NaN,1,0,,
newmap_full_alpha_rectangle_direct_db,direct_vinf_alpha_force_balance_v1,newmap_full_alpha_rectangle,FullAlphaRect_Tilt10_V40_A0,tilt_10_v_40_a_0,10,40,0,vinf_alpha_force_balance_v1,front_rear_free_flap_elevator,entry_FullAlphaRect_Tilt20_V45_A5,,NaN,1,1,exact_trim,4.02225842101587e-12,7.6081327329279e-12,q_dot,7.6081327329279e-12,1813.32669253955,1356.94270668423,-5.20649951344789,0,23.2417185773398,0,1.68729825972684,40,-2.80947303151105e-19,-4.0242736840352e-19,1.68729825972684,Operating point specifications were successfully met.,NaN,NaN,1,0,,
newmap_full_alpha_rectangle_direct_db,direct_vinf_alpha_force_balance_v1,newmap_full_alpha_rectangle,FullAlphaRect_Tilt10_V40_A5,tilt_10_v_40_a_5,10,40,5,vinf_alpha_force_balance_v1,front_rear_free_flap_elevator,rect_Tilt20_V40_A7p5,,NaN,1,1,exact_trim,1.52084783802484e-10,2.41023201397184e-10,w_dot,2.41023201397184e-10,1676.4230903506,1180.16213267462,-9.05025932118187,0,24.9880621332709,0,1.26974746620993,39.8477879236699,3.48622970990633,5,-3.73025253379007,Operating point specifications were successfully met.,NaN,NaN,1,0,,
newmap_full_alpha_rectangle_direct_db,direct_vinf_alpha_force_balance_v1,newmap_full_alpha_rectangle,FullAlphaRect_Tilt20_V50_A0,tilt_20_v_50_a_0,20,50,0,vinf_alpha_force_balance_v1,front_rear_free_flap_elevator,rect_Tilt20_V50_A5,,NaN,1,1,exact_trim,2.52661041066653e-08,4.70734027123892e-08,q_dot,4.70734027123892e-08,600.001702455711,675.169333698637,12.7096638529879,0,-8.72836587520727,0,-4.52213476343395,50.0000000000224,1.02979788325214e-12,1.18006144923654e-12,-4.52213476343513,Operating point specifications were successfully met.,NaN,NaN,1,0,,
newmap_full_alpha_rectangle_direct_db,direct_vinf_alpha_force_balance_v1,newmap_full_alpha_rectangle,FullAlphaRect_Tilt20_V50_A10,tilt_20_v_50_a_10,20,50,10,vinf_alpha_force_balance_v1,front_rear_free_flap_elevator,rect_Tilt20_V50_A5,,NaN,1,1,exact_trim,9.26647406694441e-09,1.94152420807114e-08,w_dot,1.46098315667587e-08,773.986817826968,527.070241880718,-4.955991830284,0,-25,0,5.12998957344858,49.2403876506286,8.68240888334869,9.99999999999884,-4.87001042655026,Operating point specifications were successfully met.,NaN,NaN,1,0,,
newmap_full_alpha_rectangle_direct_db,direct_vinf_alpha_force_balance_v1,newmap_full_alpha_rectangle,FullAlphaRect_Tilt30_V70_A5,tilt_30_v_70_a_5,30,70,5,vinf_alpha_force_balance_v1,front_rear_free_flap_elevator,rect_Tilt30_V70_A0,,NaN,1,1,exact_trim,6.31599006733649e-09,1.16199966840882e-08,q_dot,1.16199966840882e-08,761.802887154086,529.169820575093,-7.78715362683301,0,-12.0511527921544,0,1.06276080137564,69.7336288664506,6.10090199233666,4.99999999999845,-3.93723919862281,Operating point specifications were successfully met.,NaN,NaN,1,0,,
newmap_full_alpha_rectangle_direct_db,direct_vinf_alpha_force_balance_v1,newmap_full_alpha_rectangle,FullAlphaRect_Tilt30_V70_A10,tilt_30_v_70_a_10,30,70,10,vinf_alpha_force_balance_v1,front_rear_free_flap_elevator,entry_FullAlphaRect_Tilt30_V70_A5,,NaN,1,1,exact_trim,6.94402681358037e-09,1.11811544424559e-08,q_dot,1.11811544424559e-08,761.802888337641,529.169809803731,-16.3123422899999,0,-20.5060524552276,0,2.93927359056392,68.936542710881,12.1553724366883,9.99999999999882,-7.06072640943491,Operating point specifications were successfully met.,NaN,NaN,1,0,,
newmap_full_alpha_rectangle_direct_db,direct_vinf_alpha_force_balance_v1,newmap_full_alpha_rectangle,FullAlphaRect_Tilt70_V5_A0,tilt_70_v_5_a_0,70,5,0,vinf_alpha_force_balance_v1,front_rear_free_flap_elevator,rect_Tilt60_V20_A10,,NaN,0,0,not_usable,12.9264602903182,22.938027031692,q_dot,22.938027031692,2203.3601779377,1236.7846228856,-4.11072213168494,0,-18.557372552378,0,40.7357829444749,4.92403876506104,0.868240888334652,10,30.7357829444749,Could not find a solution that satisfies all constraints.  Relax the constraints to find a feasible solution.,NaN,NaN,1,0,,
newmap_full_alpha_rectangle_direct_db,direct_vinf_alpha_force_balance_v1,newmap_full_alpha_rectangle,FullAlphaRect_Tilt70_V5_A10,tilt_70_v_5_a_10,70,5,10,vinf_alpha_force_balance_v1,front_rear_free_flap_elevator,rect_Tilt60_V20_A10,,NaN,0,0,not_usable,12.9264602903182,22.938027031692,q_dot,22.938027031692,2203.3601779377,1236.7846228856,-4.11072213168494,0,-18.557372552378,0,40.7357829444749,4.92403876506104,0.868240888334652,10,30.7357829444749,Could not find a solution that satisfies all constraints.  Relax the constraints to find a feasible solution.,NaN,NaN,1,0,,
newmap_full_alpha_rectangle_direct_db,direct_vinf_alpha_force_balance_v1,newmap_full_alpha_rectangle,FullAlphaRect_Tilt20_V55_A0,tilt_20_v_55_a_0,20,55,0,vinf_alpha_force_balance_v1,front_rear_free_flap_elevator,rect_Tilt20_V65_A0,,NaN,1,1,exact_trim,1.56468012917899e-10,2.95427101903387e-10,q_dot,2.95427101903387e-10,944.381784708783,224.360348588761,6.44018436863283,0,-0.599453935861193,0,-1.66098222589153,55,-1.46056946760889e-23,-1.52153574872107e-23,-1.66098222589153,Operating point specifications were successfully met.,NaN,NaN,1,0,,
newmap_full_alpha_rectangle_direct_db,direct_vinf_alpha_force_balance_v1,newmap_full_alpha_rectangle,FullAlphaRect_Tilt0_V35_A0,tilt_0_v_35_a_0,0,35,0,vinf_alpha_force_balance_v1,front_rear_free_flap_elevator,rect_Tilt0_V40_A7p5,,NaN,1,1,exact_trim,2.65506721860491e-10,5.81046322167822e-10,w_dot,5.81046322167822e-10,1420.88746009388,847.077760943194,14.7985248229756,0,22.3958281388366,0,-4.47085207236413,35,1.68342745214301e-16,2.75580823212159e-16,-4.47085207236413,Operating point specifications were successfully met.,NaN,NaN,1,0,,
newmap_full_alpha_rectangle_direct_db,direct_vinf_alpha_force_balance_v1,newmap_full_alpha_rectangle,FullAlphaRect_Tilt0_V35_A5,tilt_0_v_35_a_5,0,35,5,vinf_alpha_force_balance_v1,prop_fixed_flap_elevator,rect_Tilt0_V35_A10,,NaN,0,1,quasi_trim_usable,2.7612364324936e-06,5.16107994244416e-06,q_dot,5.16107994244416e-06,1646.95233427516,1160.24440305093,-13.3775035127168,0,23.2439407558379,0,-0.855490653253405,34.4682713554273,6.07768621834256,10,-10.8554906532534,Could not find a solution that satisfies all constraints.  Relax the constraints to find a feasible solution.,NaN,NaN,1,0,,
newmap_full_alpha_rectangle_direct_db,direct_vinf_alpha_force_balance_v1,newmap_full_alpha_rectangle,FullAlphaRect_Tilt20_V55_A10,tilt_20_v_55_a_10,20,55,10,vinf_alpha_force_balance_v1,front_rear_free_flap_elevator,guide_V55_T20_F0_R0,,NaN,1,1,exact_trim,1.37478777237636e-07,2.56964844773403e-07,q_dot,2.56964844773403e-07,930.977008286971,396.931470305603,-10.3110465630194,0,-20.0617435282477,0,5.78686787594212,54.1644264156714,9.55064977168117,10,-4.21313212405788,Operating point specifications were successfully met.,NaN,NaN,1,0,,
newmap_full_alpha_rectangle_direct_db,direct_vinf_alpha_force_balance_v1,newmap_full_alpha_rectangle,FullAlphaRect_Tilt30_V75_A5,tilt_30_v_75_a_5,30,75,5,vinf_alpha_force_balance_v1,front_rear_free_flap_elevator,rect_Tilt30_V75_A0,,NaN,1,1,exact_trim,2.56394641103019e-08,4.70671351914506e-08,q_dot,4.70671351914506e-08,761.802865847678,529.169825188156,-9.41960662962467,0,-11.9527821376115,0,0.421442804225612,74.7146023569081,6.53668070607469,4.99999999999844,-4.57855719577283,Operating point specifications were successfully met.,NaN,NaN,1,0,,
newmap_full_alpha_rectangle_direct_db,direct_vinf_alpha_force_balance_v1,newmap_full_alpha_rectangle,FullAlphaRect_Tilt30_V75_A10,tilt_30_v_75_a_10,30,75,10,vinf_alpha_force_balance_v1,front_rear_free_flap_elevator,rect_Tilt30_V75_A0,,NaN,1,1,exact_trim,1.62994563795251e-13,3.5527136788005e-13,w_dot,3.5527136788005e-13,761.793755575951,529.171210036603,-17.8363278218378,0,-20.1640594735132,0,1.71019964094688,73.8605814759156,13.0236133250198,10,-8.28980035905312,Operating point specifications were successfully met.,NaN,NaN,1,0,,
newmap_full_alpha_rectangle_direct_db,direct_vinf_alpha_force_balance_v1,newmap_full_alpha_rectangle,FullAlphaRect_Tilt80_V10_A0,tilt_80_v_10_a_0,80,10,0,vinf_alpha_force_balance_v1,front_rear_free_flap_elevator,rect_Tilt60_V20_A10,,NaN,0,0,not_usable,29.269223150043,54.3803157724534,q_dot,54.3803157724534,2203.3601779377,1236.7846228856,-4.11072213168494,0,-18.557372552378,0,40.7357829444749,9.84807753012208,1.7364817766693,10,30.7357829444749,Could not find a solution that satisfies all constraints.  Relax the constraints to find a feasible solution.,NaN,NaN,1,0,,
newmap_full_alpha_rectangle_direct_db,direct_vinf_alpha_force_balance_v1,newmap_full_alpha_rectangle,FullAlphaRect_Tilt80_V10_A10,tilt_80_v_10_a_10,80,10,10,vinf_alpha_force_balance_v1,front_rear_free_flap_elevator,rect_Tilt60_V20_A10,,NaN,0,0,not_usable,29.269223150043,54.3803157724534,q_dot,54.3803157724534,2203.3601779377,1236.7846228856,-4.11072213168494,0,-18.557372552378,0,40.7357829444749,9.84807753012208,1.7364817766693,10,30.7357829444749,Could not find a solution that satisfies all constraints.  Relax the constraints to find a feasible solution.,NaN,NaN,1,0,,
newmap_full_alpha_rectangle_direct_db,direct_vinf_alpha_force_balance_v1,newmap_full_alpha_rectangle,FullAlphaRect_Tilt90_V15_A0,tilt_90_v_15_a_0,90,15,0,vinf_alpha_force_balance_v1,front_rear_free_flap_elevator,BridgeFrontier_Tilt82p5_V50_A0,,NaN,0,0,not_usable,31.2989481143201,54.225921469201,q_dot,54.225921469201,1558.43353370506,1086.60599993648,12.0932438937339,0,-23.3699940599053,0,12.9160663302198,15,2.07834539516004e-13,7.93869463420796e-13,12.916066330219,Could not find a solution that satisfies all constraints.  Relax the constraints to find a feasible solution.,NaN,NaN,1,0,,
newmap_full_alpha_rectangle_direct_db,direct_vinf_alpha_force_balance_v1,newmap_full_alpha_rectangle,FullAlphaRect_Tilt90_V15_A5,tilt_90_v_15_a_5,90,15,5,vinf_alpha_force_balance_v1,front_rear_free_flap_elevator,BridgeFrontier_Tilt82p5_V50_A0,,NaN,0,0,not_usable,31.2989481143201,54.225921469201,q_dot,54.225921469201,1558.43353370506,1086.60599993648,12.0932438937339,0,-23.3699940599053,0,12.9160663302198,15,2.07834539516004e-13,7.93869463420796e-13,12.916066330219,Could not find a solution that satisfies all constraints.  Relax the constraints to find a feasible solution.,NaN,NaN,1,0,,
newmap_full_alpha_rectangle_direct_db,direct_vinf_alpha_force_balance_v1,newmap_full_alpha_rectangle,FullAlphaRect_Tilt20_V60_A0,tilt_20_v_60_a_0,20,60,0,vinf_alpha_force_balance_v1,front_rear_free_flap_elevator,entry_FullAlphaRect_Tilt30_V60_A0,,NaN,1,1,exact_trim,8.03578661189158e-09,1.49833904465523e-08,q_dot,1.49833904465523e-08,761.802926811207,529.169828400726,4.68389717647385,0,-4.2138827013801,0,-2.87994387117784,60,1.06642668438519e-22,1.01836246959002e-22,-2.87994387117784,Operating point specifications were successfully met.,NaN,NaN,1,0,,
newmap_full_alpha_rectangle_direct_db,direct_vinf_alpha_force_balance_v1,newmap_full_alpha_rectangle,FullAlphaRect_Tilt20_V60_A10,tilt_20_v_60_a_10,20,60,10,vinf_alpha_force_balance_v1,front_rear_free_flap_elevator,entry_FullAlphaRect_Tilt20_V60_A0,,NaN,1,1,exact_trim,1.74913732849256e-07,3.65869759377802e-07,w_dot,3.65869759377802e-07,761.80284907798,529.169834350111,-12.1329173000664,0,-21.9344057844295,0,4.28040879816926,59.0884652016465,10.4188906612087,9.99999999765381,-5.71959119948455,Operating point specifications were successfully met.,NaN,NaN,1,0,,
newmap_full_alpha_rectangle_direct_db,direct_vinf_alpha_force_balance_v1,newmap_full_alpha_rectangle,FullAlphaRect_Tilt10_V45_A0,tilt_10_v_45_a_0,10,45,0,vinf_alpha_force_balance_v1,prop_fixed_flap_elevator,rect_Tilt10_V45_A7p5,,NaN,0,1,quasi_trim_usable,2.85321526461699e-09,5.35983394926024e-09,q_dot,5.35983394926024e-09,1046.76310475726,697.487627295033,16.1386512013875,0,-4.4224515633845,0,-8.94036098940687,44.6150187618215,5.87367864990232,7.5,-16.4403609894069,Could not find a solution that satisfies all constraints.  Relax the constraints to find a feasible solution.,NaN,NaN,1,0,,
newmap_full_alpha_rectangle_direct_db,direct_vinf_alpha_force_balance_v1,newmap_full_alpha_rectangle,FullAlphaRect_Tilt10_V45_A5,tilt_10_v_45_a_5,10,45,5,vinf_alpha_force_balance_v1,front_rear_free_flap_elevator,rect_Tilt0_V40_A7p5,,NaN,1,1,exact_trim,2.88119904057756e-06,5.43563370952072e-06,q_dot,5.43563370952072e-06,1749.99192819684,918.56399176422,-12.1254226708807,0,14.6293845215967,0,2.78336458459438,44.8287614141286,3.92200842364462,5,-2.21663541540562,Operating point specifications were successfully met.,NaN,NaN,1,0,,
newmap_full_alpha_rectangle_direct_db,direct_vinf_alpha_force_balance_v1,newmap_full_alpha_rectangle,FullAlphaRect_Tilt20_V65_A5,tilt_20_v_65_a_5,20,65,5,vinf_alpha_force_balance_v1,front_rear_free_flap_elevator,entry_FullAlphaRect_Tilt30_V65_A5,,NaN,1,1,exact_trim,8.57249645640296e-09,1.57424652431384e-08,q_dot,1.57424652431384e-08,761.802891076041,529.169818960342,-6.07591279939165,0,-12.2433940158254,0,0.834826278500498,64.7526553759635,5.66512327859778,5,-4.1651737214995,Operating point specifications were successfully met.,NaN,NaN,1,0,,
newmap_full_alpha_rectangle_direct_db,direct_vinf_alpha_force_balance_v1,newmap_full_alpha_rectangle,FullAlphaRect_Tilt20_V65_A10,tilt_20_v_65_a_10,20,65,10,vinf_alpha_force_balance_v1,front_rear_free_flap_elevator,entry_FullAlphaRect_Tilt20_V65_A5,,NaN,1,1,exact_trim,4.42225649233102e-09,6.88946098035132e-09,q_dot,6.88946098035132e-09,761.802896241454,529.169806033476,-14.5493258253808,0,-20.9502477639718,0,3.31594989513536,64.0125039458168,11.2871315483532,9.99999999999883,-6.68405010486347,Operating point specifications were successfully met.,NaN,NaN,1,0,,
newmap_full_alpha_rectangle_direct_db,direct_vinf_alpha_force_balance_v1,newmap_full_alpha_rectangle,FullAlphaRect_Tilt70_V0_A5,tilt_70_v_0_a_5,70,0,5,vinf_alpha_force_balance_v1,front_rear_free_flap_elevator,rect_Tilt60_V20_A10,,NaN,0,0,not_usable,12.7923866878066,22.5318080872148,q_dot,22.5318080872148,2203.3601779377,1236.7846228856,-4.11072213168494,0,-18.557372552378,0,40.7357829444749,0,0,0,40.7357829444749,Could not find a solution that satisfies all constraints.  Relax the constraints to find a feasible solution.,NaN,NaN,1,0,,
newmap_full_alpha_rectangle_direct_db,direct_vinf_alpha_force_balance_v1,newmap_full_alpha_rectangle,FullAlphaRect_Tilt70_V0_A10,tilt_70_v_0_a_10,70,0,10,vinf_alpha_force_balance_v1,front_rear_free_flap_elevator,rect_Tilt60_V20_A10,,NaN,0,0,not_usable,12.7923866878066,22.5318080872148,q_dot,22.5318080872148,2203.3601779377,1236.7846228856,-4.11072213168494,0,-18.557372552378,0,40.7357829444749,0,0,0,40.7357829444749,Could not find a solution that satisfies all constraints.  Relax the constraints to find a feasible solution.,NaN,NaN,1,0,,
newmap_full_alpha_rectangle_direct_db,direct_vinf_alpha_force_balance_v1,newmap_full_alpha_rectangle,FullAlphaRect_Tilt0_V40_A0,tilt_0_v_40_a_0,0,40,0,vinf_alpha_force_balance_v1,front_rear_free_flap_elevator,entry_FullAlphaRect_Tilt10_V40_A5,,NaN,1,1,exact_trim,1.23246374134741e-05,2.32230609505442e-05,q_dot,2.32230609505442e-05,1869.79004136315,1527.81882981602,-8.09319962722361,0,24.7981900044228,0,-3.61306668238867,40.0000000000179,8.20792788120209e-13,1.17569906535106e-12,-3.61306668238985,Operating point specifications were successfully met.,NaN,NaN,1,0,,
newmap_full_alpha_rectangle_direct_db,direct_vinf_alpha_force_balance_v1,newmap_full_alpha_rectangle,FullAlphaRect_Tilt0_V40_A5,tilt_0_v_40_a_5,0,40,5,vinf_alpha_force_balance_v1,front_rear_free_flap_elevator,entry_FullAlphaRect_Tilt10_V40_A5,,NaN,1,1,exact_trim,3.27867641350037e-09,6.16335200237133e-09,q_dot,6.16335200237133e-09,1658.80507369491,1194.96804218241,-9.33434502501327,0,25,0,-3.01778535575599,39.8477879236698,3.48622970990633,5,-8.01778535575599,Operating point specifications were successfully met.,NaN,NaN,1,0,,
newmap_full_alpha_rectangle_direct_db,direct_vinf_alpha_force_balance_v1,newmap_full_alpha_rectangle,FullAlphaRect_Tilt10_V50_A0,tilt_10_v_50_a_0,10,50,0,vinf_alpha_force_balance_v1,prop_fixed_flap_elevator,rect_Tilt10_V50_A5,,NaN,1,1,exact_trim,1.48535334745356e-08,2.79926358430996e-08,q_dot,2.79926358430996e-08,1199.43476210975,309.711307934211,6.33083925880719,0,6.21124873106896,0,-1.53981984165223,50.0000000000224,1.02978300257732e-12,1.18004439723927e-12,-1.53981984165341,Operating point specifications were successfully met.,NaN,NaN,1,0,,
newmap_full_alpha_rectangle_direct_db,direct_vinf_alpha_force_balance_v1,newmap_full_alpha_rectangle,FullAlphaRect_Tilt10_V50_A10,tilt_10_v_50_a_10,10,50,10,vinf_alpha_force_balance_v1,front_rear_free_flap_elevator,entry_FullAlphaRect_Tilt10_V50_A0,,NaN,1,1,exact_trim,1.49514125329872e-07,2.78694259926876e-07,q_dot,2.78694259926876e-07,1199.43461557261,309.711272269801,-10.2402246190636,0,-15.3224083579239,0,5.55990296161445,49.2403876680053,8.68240888432233,9.99999999763987,-4.44009703602542,Operating point specifications were successfully met.,NaN,NaN,1,0,,
newmap_full_alpha_rectangle_direct_db,direct_vinf_alpha_force_balance_v1,newmap_full_alpha_rectangle,FullAlphaRect_Tilt20_V70_A5,tilt_20_v_70_a_5,20,70,5,vinf_alpha_force_balance_v1,front_rear_free_flap_elevator,entry_FullAlphaRect_Tilt30_V70_A5,,NaN,1,1,exact_trim,6.59978269444704e-09,1.2116895961783e-08,q_dot,1.2116895961783e-08,761.802887759608,529.169820552627,-7.93073080466546,0,-11.8663665592708,0,0.262015864049181,69.7336288664222,6.10090199233607,5,-4.73798413595082,Operating point specifications were successfully met.,NaN,NaN,1,0,,
newmap_full_alpha_rectangle_direct_db,direct_vinf_alpha_force_balance_v1,newmap_full_alpha_rectangle,FullAlphaRect_Tilt20_V70_A10,tilt_20_v_70_a_10,20,70,10,vinf_alpha_force_balance_v1,front_rear_free_flap_elevator,entry_FullAlphaRect_Tilt20_V70_A5,,NaN,1,1,exact_trim,6.73996642341999e-09,1.10195055121531e-08,q_dot,1.10195055121531e-08,761.80288267901,529.169813612157,-16.4525169440732,0,-20.2463578568877,0,2.08752957942725,68.936542710881,12.1553724366883,9.99999999999883,-7.91247042057157,Operating point specifications were successfully met.,NaN,NaN,1,0,,
newmap_full_alpha_rectangle_direct_db,direct_vinf_alpha_force_balance_v1,newmap_full_alpha_rectangle,FullAlphaRect_Tilt80_V5_A0,tilt_80_v_5_a_0,80,5,0,vinf_alpha_force_balance_v1,front_rear_free_flap_elevator,rect_Tilt60_V20_A10,,NaN,0,0,not_usable,28.7648774931548,53.1616589390218,q_dot,53.1616589390218,2203.3601779377,1236.7846228856,-4.11072213168494,0,-18.557372552378,0,40.7357829444749,4.92403876506104,0.868240888334652,10,30.7357829444749,Could not find a solution that satisfies all constraints.  Relax the constraints to find a feasible solution.,NaN,NaN,1,0,,
newmap_full_alpha_rectangle_direct_db,direct_vinf_alpha_force_balance_v1,newmap_full_alpha_rectangle,FullAlphaRect_Tilt80_V5_A10,tilt_80_v_5_a_10,80,5,10,vinf_alpha_force_balance_v1,front_rear_free_flap_elevator,rect_Tilt60_V20_A10,,NaN,0,0,not_usable,28.7648774931548,53.1616589390218,q_dot,53.1616589390218,2203.3601779377,1236.7846228856,-4.11072213168494,0,-18.557372552378,0,40.7357829444749,4.92403876506104,0.868240888334652,10,30.7357829444749,Could not find a solution that satisfies all constraints.  Relax the constraints to find a feasible solution.,NaN,NaN,1,0,,
newmap_full_alpha_rectangle_direct_db,direct_vinf_alpha_force_balance_v1,newmap_full_alpha_rectangle,FullAlphaRect_Tilt10_V55_A0,tilt_10_v_55_a_0,10,55,0,vinf_alpha_force_balance_v1,front_rear_free_flap_elevator,master_rect_Tilt10_V55_A5,,NaN,0,0,near_trim_borderline,0.963186645704912,1.72791269543245,q_dot,1.72791269543245,1040.00643857178,358.791597570127,-2.68006103458627,0,-9.97791688816786,0,1.57123740274392,54.7907083950462,4.79356585111927,4.99999999999798,-3.42876259725406,Could not find a solution that satisfies all constraints.  Relax the constraints to find a feasible solution.,NaN,NaN,1,0,,
newmap_full_alpha_rectangle_direct_db,direct_vinf_alpha_force_balance_v1,newmap_full_alpha_rectangle,FullAlphaRect_Tilt10_V55_A10,tilt_10_v_55_a_10,10,55,10,vinf_alpha_force_balance_v1,front_rear_free_flap_elevator,entry_FullAlphaRect_Tilt20_V55_A10,,NaN,1,1,exact_trim,7.4385793673012e-08,1.34618307927279e-07,q_dot,1.34618307927279e-07,930.977007042492,396.931470193998,-10.5124106406037,0,-19.7202559226691,0,4.50246151873506,54.1644264156714,9.55064977168117,10,-5.49753848126494,Operating point specifications were successfully met.,NaN,NaN,1,0,,
newmap_full_alpha_rectangle_direct_db,direct_vinf_alpha_force_balance_v1,newmap_full_alpha_rectangle,FullAlphaRect_Tilt20_V75_A5,tilt_20_v_75_a_5,20,75,5,vinf_alpha_force_balance_v1,front_rear_free_flap_elevator,rect_Tilt20_V75_A0,,NaN,1,1,exact_trim,2.4959114857782e-08,4.56508068558306e-08,q_dot,4.56508068558306e-08,761.802864449375,529.169825360349,-9.63931463940918,0,-11.8570029226819,0,-0.434505415966858,74.7146023569081,6.53668070607469,4.99999999999844,-5.4345054159653,Operating point specifications were successfully met.,NaN,NaN,1,0,,
newmap_full_alpha_rectangle_direct_db,direct_vinf_alpha_force_balance_v1,newmap_full_alpha_rectangle,FullAlphaRect_Tilt20_V75_A10,tilt_20_v_75_a_10,20,75,10,vinf_alpha_force_balance_v1,front_rear_free_flap_elevator,rect_Tilt20_V75_A0,,NaN,1,1,exact_trim,2.15153900468663e-06,3.10243772525662e-06,q_dot,3.10243772525662e-06,761.800159207704,529.169751347986,-17.9617337020058,0,-19.9817361086444,0,0.854261713372246,73.8605815020043,13.0236133265029,9.99999999765496,-9.14573828428272,Operating point specifications were successfully met.,NaN,NaN,1,0,,
newmap_full_alpha_rectangle_direct_db,direct_vinf_alpha_force_balance_v1,newmap_full_alpha_rectangle,FullAlphaRect_Tilt90_V10_A0,tilt_90_v_10_a_0,90,10,0,vinf_alpha_force_balance_v1,front_rear_free_flap_elevator,rect_Tilt60_V20_A10,,NaN,0,0,not_usable,45.4185229656667,84.8779386529079,q_dot,84.8779386529079,2203.3601779377,1236.7846228856,-4.11072213168494,0,-18.557372552378,0,40.7357829444749,9.84807753012208,1.7364817766693,10,30.7357829444749,Could not find a solution that satisfies all constraints.  Relax the constraints to find a feasible solution.,NaN,NaN,1,0,,
newmap_full_alpha_rectangle_direct_db,direct_vinf_alpha_force_balance_v1,newmap_full_alpha_rectangle,FullAlphaRect_Tilt90_V10_A10,tilt_90_v_10_a_10,90,10,10,vinf_alpha_force_balance_v1,front_rear_free_flap_elevator,guide_V10_T90_Fm75_R250,,NaN,0,0,not_usable,34.0138149731561,62.7204312159271,q_dot,62.7204312159271,3847.84375344075,747.48968614341,231.621167533286,0,-115.815055493209,0,106.221715193141,9.84807753012208,1.7364817766693,10,96.2217151931408,Could not find a solution that satisfies all constraints.  Relax the constraints to find a feasible solution.,NaN,NaN,1,0,,
newmap_full_alpha_rectangle_direct_db,direct_vinf_alpha_force_balance_v1,newmap_full_alpha_rectangle,FullAlphaRect_Tilt10_V60_A0,tilt_10_v_60_a_0,10,60,0,vinf_alpha_force_balance_v1,front_rear_free_flap_elevator,rect_Tilt10_V60_A2p5,,NaN,1,1,exact_trim,4.71545767862116e-11,8.80283009758404e-11,q_dot,8.80283009758404e-11,685.073480677641,200.942826648502,5.2680348318055,0,-3.54969513587026,0,-4.06545715753405,60,6.31924271617861e-16,6.03443228926369e-16,-4.06545715753405,Operating point specifications were successfully met.,NaN,NaN,1,0,,
newmap_full_alpha_rectangle_direct_db,direct_vinf_alpha_force_balance_v1,newmap_full_alpha_rectangle,FullAlphaRect_Tilt10_V60_A10,tilt_10_v_60_a_10,10,60,10,vinf_alpha_force_balance_v1,front_rear_free_flap_elevator,rect_Tilt10_V60_A2p5,,NaN,1,1,exact_trim,2.79076009757558e-08,3.9938647944382e-08,q_dot,3.80626372016172e-08,685.07346079882,200.942826743207,-11.5042461489843,0,-21.153412544682,0,3.74088594107291,59.0884651819463,10.4188906601182,9.99999999989496,-6.25911405882205,Operating point specifications were successfully met.,NaN,NaN,1,0,,
newmap_full_alpha_rectangle_direct_db,direct_vinf_alpha_force_balance_v1,newmap_full_alpha_rectangle,FullAlphaRect_Tilt0_V45_A0,tilt_0_v_45_a_0,0,45,0,vinf_alpha_force_balance_v1,front_rear_free_flap_elevator,entry_FullAlphaRect_Tilt10_V50_A0,,NaN,1,1,exact_trim,2.70362399051298e-13,3.97903932025656e-13,q_dot,3.82244349866909e-13,1160.79565023621,311.250646596034,10.7350018742474,0,6.58100955582449,0,-4.08783820110492,45,-1.4015276281026e-25,-1.7844803991391e-25,-4.08783820110492,Operating point specifications were successfully met.,NaN,NaN,1,0,,
newmap_full_alpha_rectangle_direct_db,direct_vinf_alpha_force_balance_v1,newmap_full_alpha_rectangle,FullAlphaRect_Tilt0_V45_A5,tilt_0_v_45_a_5,0,45,5,vinf_alpha_force_balance_v1,front_rear_free_flap_elevator,rect_Tilt0_V50_A5,,NaN,1,1,exact_trim,1.10597200354989e-09,2.05421789044918e-09,q_dot,2.05421789044918e-09,1266.47352251648,295.194817026852,0.672422835881424,0,-0.0527609156091693,0,0.302965244442043,44.8287614141286,3.92200842364462,5,-4.69703475555796,Operating point specifications were successfully met.,NaN,NaN,1,0,,
newmap_full_alpha_rectangle_direct_db,direct_vinf_alpha_force_balance_v1,newmap_full_alpha_rectangle,FullAlphaRect_Tilt10_V65_A5,tilt_10_v_65_a_5,10,65,5,vinf_alpha_force_balance_v1,front_rear_free_flap_elevator,entry_FullAlphaRect_Tilt20_V65_A5,,NaN,1,1,exact_trim,1.07139153008449e-08,1.97289944798408e-08,q_dot,1.97289944798408e-08,761.802891044875,529.169818915348,-6.18666465797979,0,-12.0779346454688,0,-0.0221210017732231,64.7526553759635,5.66512327859778,5,-5.02212100177322,Operating point specifications were successfully met.,NaN,NaN,1,0,,
newmap_full_alpha_rectangle_direct_db,direct_vinf_alpha_force_balance_v1,newmap_full_alpha_rectangle,FullAlphaRect_Tilt10_V65_A10,tilt_10_v_65_a_10,10,65,10,vinf_alpha_force_balance_v1,front_rear_free_flap_elevator,entry_FullAlphaRect_Tilt10_V65_A5,,NaN,1,1,exact_trim,4.60206256116886e-09,7.46235429399741e-09,q_dot,7.46235429399741e-09,761.802898152881,529.169805999116,-14.6507969242752,0,-20.730396131367,0,2.43384156638841,64.0125039458168,11.2871315483532,9.99999999999883,-7.56615843361042,Operating point specifications were successfully met.,NaN,NaN,1,0,,
newmap_full_alpha_rectangle_direct_db,direct_vinf_alpha_force_balance_v1,newmap_full_alpha_rectangle,FullAlphaRect_Tilt80_V0_A5,tilt_80_v_0_a_5,80,0,5,vinf_alpha_force_balance_v1,front_rear_free_flap_elevator,rect_Tilt60_V20_A10,,NaN,0,0,not_usable,28.6000628850343,52.7554399945447,q_dot,52.7554399945447,2203.3601779377,1236.7846228856,-4.11072213168494,0,-18.557372552378,0,40.7357829444749,0,0,0,40.7357829444749,Could not find a solution that satisfies all constraints.  Relax the constraints to find a feasible solution.,NaN,NaN,1,0,,
newmap_full_alpha_rectangle_direct_db,direct_vinf_alpha_force_balance_v1,newmap_full_alpha_rectangle,FullAlphaRect_Tilt80_V0_A10,tilt_80_v_0_a_10,80,0,10,vinf_alpha_force_balance_v1,front_rear_free_flap_elevator,rect_Tilt60_V20_A10,,NaN,0,0,not_usable,28.6000628850343,52.7554399945447,q_dot,52.7554399945447,2203.3601779377,1236.7846228856,-4.11072213168494,0,-18.557372552378,0,40.7357829444749,0,0,0,40.7357829444749,Could not find a solution that satisfies all constraints.  Relax the constraints to find a feasible solution.,NaN,NaN,1,0,,
newmap_full_alpha_rectangle_direct_db,direct_vinf_alpha_force_balance_v1,newmap_full_alpha_rectangle,FullAlphaRect_Tilt0_V50_A0,tilt_0_v_50_a_0,0,50,0,vinf_alpha_force_balance_v1,front_rear_free_flap_elevator,entry_FullAlphaRect_Tilt0_V45_A0,,NaN,1,1,exact_trim,6.62302137242825e-08,1.17793543535478e-07,q_dot,1.17793543535478e-07,1167.95486515839,320.994227701056,6.5266187485237,0,5.82024296822869,0,-3.76288994670118,50,-3.65084092609683e-22,-4.18355553477963e-22,-3.76288994670118,Operating point specifications were successfully met.,NaN,NaN,1,0,,
newmap_full_alpha_rectangle_direct_db,direct_vinf_alpha_force_balance_v1,newmap_full_alpha_rectangle,FullAlphaRect_Tilt0_V50_A10,tilt_0_v_50_a_10,0,50,10,vinf_alpha_force_balance_v1,rear_fixed_flap_elevator,entry_FullAlphaRect_Tilt0_V50_A0,,NaN,1,1,exact_trim,1.41217020794356e-07,2.61077713118589e-07,q_dot,2.61077713118589e-07,1167.9547712902,320.994227701056,-9.88824383100285,0,-15.691802295384,0,3.42856617269414,49.2403876680053,8.6824088843218,9.99999999763926,-6.57143382494512,Operating point specifications were successfully met.,NaN,NaN,1,0,,
newmap_full_alpha_rectangle_direct_db,direct_vinf_alpha_force_balance_v1,newmap_full_alpha_rectangle,FullAlphaRect_Tilt10_V70_A5,tilt_10_v_70_a_5,10,70,5,vinf_alpha_force_balance_v1,front_rear_free_flap_elevator,entry_FullAlphaRect_Tilt20_V70_A5,,NaN,1,1,exact_trim,8.59306103961637e-09,1.58219169365141e-08,q_dot,1.58219169365141e-08,761.802887985583,529.169820467558,-8.02602288759917,0,-11.7395873244037,0,-0.590339168659029,69.7336288664222,6.10090199233607,5,-5.59033916865903,Operating point specifications were successfully met.,NaN,NaN,1,0,,
newmap_full_alpha_rectangle_direct_db,direct_vinf_alpha_force_balance_v1,newmap_full_alpha_rectangle,FullAlphaRect_Tilt10_V70_A10,tilt_10_v_70_a_10,10,70,10,vinf_alpha_force_balance_v1,front_rear_free_flap_elevator,entry_FullAlphaRect_Tilt10_V70_A5,,NaN,1,1,exact_trim,7.02874039716581e-09,1.11805957776369e-08,q_dot,1.11805957776369e-08,761.802889000689,529.169810779769,-16.5426523988624,0,-20.0776253758573,0,1.20704320439145,68.936542710881,12.1553724366883,9.99999999999883,-8.79295679560738,Operating point specifications were successfully met.,NaN,NaN,1,0,,
newmap_full_alpha_rectangle_direct_db,direct_vinf_alpha_force_balance_v1,newmap_full_alpha_rectangle,FullAlphaRect_Tilt90_V5_A0,tilt_90_v_5_a_0,90,5,0,vinf_alpha_force_balance_v1,front_rear_free_flap_elevator,rect_Tilt60_V20_A10,,NaN,0,0,not_usable,44.8937037906835,83.6592818194763,q_dot,83.6592818194763,2203.3601779377,1236.7846228856,-4.11072213168494,0,-18.557372552378,0,40.7357829444749,4.92403876506104,0.868240888334652,10,30.7357829444749,Could not find a solution that satisfies all constraints.  Relax the constraints to find a feasible solution.,NaN,NaN,1,0,,
newmap_full_alpha_rectangle_direct_db,direct_vinf_alpha_force_balance_v1,newmap_full_alpha_rectangle,FullAlphaRect_Tilt90_V5_A10,tilt_90_v_5_a_10,90,5,10,vinf_alpha_force_balance_v1,front_rear_free_flap_elevator,rect_Tilt60_V20_A10,,NaN,0,0,not_usable,44.8937037906835,83.6592818194763,q_dot,83.6592818194763,2203.3601779377,1236.7846228856,-4.11072213168494,0,-18.557372552378,0,40.7357829444749,4.92403876506104,0.868240888334652,10,30.7357829444749,Could not find a solution that satisfies all constraints.  Relax the constraints to find a feasible solution.,NaN,NaN,1,0,,
newmap_full_alpha_rectangle_direct_db,direct_vinf_alpha_force_balance_v1,newmap_full_alpha_rectangle,FullAlphaRect_Tilt0_V55_A0,tilt_0_v_55_a_0,0,55,0,vinf_alpha_force_balance_v1,front_rear_free_flap_elevator,entry_FullAlphaRect_Tilt0_V45_A0,,NaN,1,1,exact_trim,2.67439864249029e-08,4.80232174395589e-08,q_dot,4.80232174395589e-08,1089.64547997367,351.642153485213,4.33664151974854,0,3.23284884287977,0,-3.84463234824934,55,1.12196650067209e-22,1.16879900442859e-22,-3.84463234824934,Operating point specifications were successfully met.,NaN,NaN,1,0,,
newmap_full_alpha_rectangle_direct_db,direct_vinf_alpha_force_balance_v1,newmap_full_alpha_rectangle,FullAlphaRect_Tilt0_V55_A10,tilt_0_v_55_a_10,0,55,10,vinf_alpha_force_balance_v1,front_rear_free_flap_elevator,entry_FullAlphaRect_Tilt10_V55_A10,,NaN,1,1,exact_trim,7.97862798517808e-08,1.44296646655675e-07,q_dot,1.44296646655675e-07,930.97700565489,396.931469918778,-10.5836714523486,0,-19.5437116934519,0,3.19461621170827,54.1644264156714,9.55064977168117,10,-6.80538378829173,Operating point specifications were successfully met.,NaN,NaN,1,0,,
newmap_full_alpha_rectangle_direct_db,direct_vinf_alpha_force_balance_v1,newmap_full_alpha_rectangle,FullAlphaRect_Tilt10_V75_A5,tilt_10_v_75_a_5,10,75,5,vinf_alpha_force_balance_v1,front_rear_free_flap_elevator,rect_Tilt10_V75_A0,,NaN,1,1,exact_trim,2.63762654674885e-08,4.81441941008654e-08,q_dot,4.81441941008654e-08,761.802886234086,529.169825388329,-9.78700931536581,0,-11.7889661941995,0,-1.32463685355484,74.7146023568989,6.53668070607457,4.99999999999896,-6.32463685355379,Operating point specifications were successfully met.,NaN,NaN,1,0,,
newmap_full_alpha_rectangle_direct_db,direct_vinf_alpha_force_balance_v1,newmap_full_alpha_rectangle,FullAlphaRect_Tilt10_V75_A10,tilt_10_v_75_a_10,10,75,10,vinf_alpha_force_balance_v1,front_rear_free_flap_elevator,rect_Tilt10_V75_A0,,NaN,1,1,exact_trim,1.89294701544265e-06,2.84463384758737e-06,q_dot,2.51314996522759e-06,761.800047369645,529.169735700529,-18.0446586400599,0,-19.8656338672307,0,-0.0336825830419508,73.8605815020043,13.0236133265029,9.99999999765496,-10.0336825806969,Operating point specifications were successfully met.,NaN,NaN,1,0,,
newmap_full_alpha_rectangle_direct_db,direct_vinf_alpha_force_balance_v1,newmap_full_alpha_rectangle,FullAlphaRect_Tilt0_V60_A0,tilt_0_v_60_a_0,0,60,0,vinf_alpha_force_balance_v1,front_rear_free_flap_elevator,rect_Tilt0_V60_A2p5,,NaN,1,1,exact_trim,6.09623995334722e-11,1.14087074442729e-10,q_dot,1.14087074442729e-10,685.073476996168,200.942827195653,5.20299836320917,0,-3.4360355652701,0,-4.75937557265038,60,6.31923848101387e-16,6.03442824497927e-16,-4.75937557265038,Operating point specifications were successfully met.,NaN,NaN,1,0,,
newmap_full_alpha_rectangle_direct_db,direct_vinf_alpha_force_balance_v1,newmap_full_alpha_rectangle,FullAlphaRect_Tilt0_V60_A10,tilt_0_v_60_a_10,0,60,10,vinf_alpha_force_balance_v1,front_rear_free_flap_elevator,rect_Tilt0_V60_A2p5,,NaN,1,1,exact_trim,2.91568363251537e-08,4.38439258232393e-08,q_dot,3.80309017320121e-08,685.073515718916,200.94281647791,-11.5360803576103,0,-21.0459131426567,0,3.03079947746389,59.0884651819463,10.4188906601182,9.99999999989496,-6.96920052243107,Operating point specifications were successfully met.,NaN,NaN,1,0,,
newmap_full_alpha_rectangle_direct_db,direct_vinf_alpha_force_balance_v1,newmap_full_alpha_rectangle,FullAlphaRect_Tilt0_V65_A5,tilt_0_v_65_a_5,0,65,5,vinf_alpha_force_balance_v1,front_rear_free_flap_elevator,entry_FullAlphaRect_Tilt10_V65_A5,,NaN,1,1,exact_trim,1.18454735729836e-08,2.18121857569246e-08,q_dot,2.18121857569246e-08,761.802890655862,529.169818793836,-6.23729984812603,0,-11.989243170523,0,-0.901766809040919,64.7526553759635,5.66512327859778,5,-5.90176680904092,Operating point specifications were successfully met.,NaN,NaN,1,0,,
newmap_full_alpha_rectangle_direct_db,direct_vinf_alpha_force_balance_v1,newmap_full_alpha_rectangle,FullAlphaRect_Tilt0_V65_A10,tilt_0_v_65_a_10,0,65,10,vinf_alpha_force_balance_v1,front_rear_free_flap_elevator,entry_FullAlphaRect_Tilt0_V65_A5,,NaN,1,1,exact_trim,4.71680424766709e-09,7.45485274863127e-09,q_dot,7.45485274863127e-09,761.802899771362,529.169805905397,-14.6912624876966,0,-20.6152413180158,0,1.54835698321131,64.0125039458168,11.2871315483532,9.99999999999883,-8.45164301678752,Operating point specifications were successfully met.,NaN,NaN,1,0,,
newmap_full_alpha_rectangle_direct_db,direct_vinf_alpha_force_balance_v1,newmap_full_alpha_rectangle,FullAlphaRect_Tilt90_V0_A5,tilt_90_v_0_a_5,90,0,5,vinf_alpha_force_balance_v1,front_rear_free_flap_elevator,rect_Tilt60_V20_A10,,NaN,0,0,not_usable,44.7207701107874,83.2530628749991,q_dot,83.2530628749991,2203.3601779377,1236.7846228856,-4.11072213168494,0,-18.557372552378,0,40.7357829444749,0,0,0,40.7357829444749,Could not find a solution that satisfies all constraints.  Relax the constraints to find a feasible solution.,NaN,NaN,1,0,,
newmap_full_alpha_rectangle_direct_db,direct_vinf_alpha_force_balance_v1,newmap_full_alpha_rectangle,FullAlphaRect_Tilt90_V0_A10,tilt_90_v_0_a_10,90,0,10,vinf_alpha_force_balance_v1,front_rear_free_flap_elevator,rect_Tilt60_V20_A10,,NaN,0,0,not_usable,44.7207701107874,83.2530628749991,q_dot,83.2530628749991,2203.3601779377,1236.7846228856,-4.11072213168494,0,-18.557372552378,0,40.7357829444749,0,0,0,40.7357829444749,Could not find a solution that satisfies all constraints.  Relax the constraints to find a feasible solution.,NaN,NaN,1,0,,
newmap_full_alpha_rectangle_direct_db,direct_vinf_alpha_force_balance_v1,newmap_full_alpha_rectangle,FullAlphaRect_Tilt0_V70_A5,tilt_0_v_70_a_5,0,70,5,vinf_alpha_force_balance_v1,front_rear_free_flap_elevator,entry_FullAlphaRect_Tilt10_V70_A5,,NaN,1,1,exact_trim,9.65732622393238e-09,1.77753509585239e-08,q_dot,1.77753509585239e-08,761.802887765628,529.169820331239,-8.0706929863143,0,-11.6704643280776,0,-1.46821803848296,69.7336288664222,6.10090199233607,5,-6.46821803848296,Operating point specifications were successfully met.,NaN,NaN,1,0,,
newmap_full_alpha_rectangle_direct_db,direct_vinf_alpha_force_balance_v1,newmap_full_alpha_rectangle,FullAlphaRect_Tilt0_V70_A10,tilt_0_v_70_a_10,0,70,10,vinf_alpha_force_balance_v1,front_rear_free_flap_elevator,rect_Tilt0_V70_A0,,NaN,1,1,exact_trim,1.08229034140278e-06,1.75573556049358e-06,w_dot,1.75573556049358e-06,767.036130716634,535.698777772553,-16.6128877707558,0,-19.9996265734067,0,0.297207853953437,68.936542735152,12.1553724380421,9.99999999764036,-9.70279214368692,Operating point specifications were successfully met.,NaN,NaN,1,0,,
newmap_full_alpha_rectangle_direct_db,direct_vinf_alpha_force_balance_v1,newmap_full_alpha_rectangle,FullAlphaRect_Tilt0_V75_A5,tilt_0_v_75_a_5,0,75,5,vinf_alpha_force_balance_v1,rear_fixed_flap_elevator,rect_Tilt0_V75_A0,,NaN,1,1,exact_trim,2.67591578663672e-08,4.90092204154671e-08,q_dot,4.90092204154671e-08,663.875080344564,257.940376692729,-9.00174259640121,0,-11.3587056966415,0,-1.86778576666595,74.7146023569081,6.53668070607469,4.99999999999844,-6.86778576666439,Operating point specifications were successfully met.,NaN,NaN,1,0,,
newmap_full_alpha_rectangle_direct_db,direct_vinf_alpha_force_balance_v1,newmap_full_alpha_rectangle,FullAlphaRect_Tilt0_V75_A10,tilt_0_v_75_a_10,0,75,10,vinf_alpha_force_balance_v1,front_rear_free_flap_elevator,entry_FullAlphaRect_Tilt0_V75_A5,,NaN,1,1,exact_trim,1.25858021367977e-08,1.85286240944729e-08,q_dot,1.85286240944729e-08,663.875082098123,257.940372576988,-17.5347297513358,0,-19.6517982710485,0,-0.367895245440613,73.8605814759407,13.0236133250227,9.99999999999884,-10.3678952454394,Operating point specifications were successfully met.,NaN,NaN,1,0,,
newmap_straight_corridor_direct_db,direct_vinf_alpha_force_balance_v1,newmap_straight_corridor,StraightCorridor_Tilt0_V0_A2p5,tilt_0_v_0_a_2p5,0,0,2.5,vinf_alpha_force_balance_v1,front_rear_free_flap_elevator,MidbandGuide_Tilt0_V0_A0,,NaN,1,1,exact_trim,9.32714294011678e-06,1.77480164298376e-05,q_dot,1.77480164298376e-05,1865.74061945633,1756.3968576675,0,0,0,0,0,0,0,0,0,Operating point specifications were successfully met.,NaN,NaN,1,0,,
newmap_straight_corridor_direct_db,direct_vinf_alpha_force_balance_v1,newmap_straight_corridor,StraightCorridor_Tilt0_V0_A7p5,tilt_0_v_0_a_7p5,0,0,7.5,vinf_alpha_force_balance_v1,front_rear_free_flap_elevator,MidbandGuide_Tilt0_V0_A0,,NaN,1,1,exact_trim,9.32714294011678e-06,1.77480164298376e-05,q_dot,1.77480164298376e-05,1865.74061945633,1756.3968576675,0,0,0,0,0,0,0,0,0,Operating point specifications were successfully met.,NaN,NaN,1,0,,
newmap_straight_corridor_direct_db,direct_vinf_alpha_force_balance_v1,newmap_straight_corridor,StraightCorridor_Tilt10_V0_A2p5,tilt_10_v_0_a_2p5,10,0,2.5,vinf_alpha_force_balance_v1,front_rear_free_flap_elevator,rect_Tilt10_V0_A0,,NaN,0,1,quasi_trim_usable,0.512099228953484,0.899052066795986,q_dot,0.899052066795986,1878.42159392736,1729.19333678382,8.38857130582801,0,20.1416273465143,0,5.30001994534145,0,0,0,5.30001994534145,Could not find a solution that satisfies all constraints.  Relax the constraints to find a feasible solution.,NaN,NaN,1,0,,
newmap_straight_corridor_direct_db,direct_vinf_alpha_force_balance_v1,newmap_straight_corridor,StraightCorridor_Tilt10_V0_A7p5,tilt_10_v_0_a_7p5,10,0,7.5,vinf_alpha_force_balance_v1,front_rear_free_flap_elevator,rect_Tilt10_V0_A0,,NaN,0,1,quasi_trim_usable,0.512099228953484,0.899052066795986,q_dot,0.899052066795986,1878.42159392736,1729.19333678382,8.38857130582801,0,20.1416273465143,0,5.30001994534145,0,0,0,5.30001994534145,Could not find a solution that satisfies all constraints.  Relax the constraints to find a feasible solution.,NaN,NaN,1,0,,
newmap_straight_corridor_direct_db,direct_vinf_alpha_force_balance_v1,newmap_straight_corridor,StraightCorridor_Tilt2p5_V2p5_A2p5,tilt_2p5_v_2p5_a_2p5,2.5,2.5,2.5,vinf_alpha_force_balance_v1,front_rear_free_flap_elevator,rect_Tilt0_V5_A2p5,,NaN,1,1,exact_trim,1.43535952370061e-09,2.69649771344794e-09,q_dot,2.69649771344794e-09,1866.69784940609,1751.83304047691,24.2576545670419,0,-2.82159484016103,0,1.28045611756312,2.49762055395464,0.10904846841334,2.49999999999999,-1.21954388243687,Operating point specifications were successfully met.,NaN,NaN,1,0,,
newmap_straight_corridor_direct_db,direct_vinf_alpha_force_balance_v1,newmap_straight_corridor,StraightCorridor_Tilt2p5_V2p5_A5,tilt_2p5_v_2p5_a_5,2.5,2.5,5,vinf_alpha_force_balance_v1,front_rear_free_flap_elevator,rect_Tilt0_V5_A2p5,,NaN,1,1,exact_trim,2.38232358780732e-09,4.48815113766865e-09,q_dot,4.48815113766865e-09,1866.74089055718,1751.72431791988,19.7026865019688,0,-5.99873676956083,0,1.28844025343429,2.49048674522937,0.217889356869145,4.99999999999999,-3.71155974656569,Operating point specifications were successfully met.,NaN,NaN,1,0,,
newmap_straight_corridor_direct_db,direct_vinf_alpha_force_balance_v1,newmap_straight_corridor,StraightCorridor_Tilt2p5_V2p5_A7p5,tilt_2p5_v_2p5_a_7p5,2.5,2.5,7.5,vinf_alpha_force_balance_v1,front_rear_free_flap_elevator,rect_Tilt0_V5_A2p5,,NaN,1,1,exact_trim,2.94994965901966e-05,5.6157732787526e-05,q_dot,5.6157732787526e-05,1866.78729111358,1751.62084917233,14.602214796099,0,-11.4552214630519,0,1.29722492474479,2.47861200217665,0.326316998081078,7.50003493418437,-6.20281000943958,Operating point specifications were successfully met.,NaN,NaN,1,0,,
newmap_straight_corridor_direct_db,direct_vinf_alpha_force_balance_v1,newmap_straight_corridor,StraightCorridor_Tilt2p5_V2p5_A10,tilt_2p5_v_2p5_a_10,2.5,2.5,10,vinf_alpha_force_balance_v1,front_rear_free_flap_elevator,rect_Tilt0_V5_A2p5,,NaN,1,1,exact_trim,3.705496528036e-07,1.23874720370232e-06,u_dot,1.23874720370232e-06,1866.83003799743,1751.59130116172,10.8655181407363,0,-12.9787226819588,0,1.30201416909924,2.46201945381769,0.434119873501413,9.99998683629216,-8.69797266719292,Operating point specifications were successfully met.,NaN,NaN,1,0,,
newmap_straight_corridor_direct_db,direct_vinf_alpha_force_balance_v1,newmap_straight_corridor,StraightCorridor_Tilt12p5_V2p5_A2p5,tilt_12p5_v_2p5_a_2p5,12.5,2.5,2.5,vinf_alpha_force_balance_v1,front_rear_free_flap_elevator,BridgeFrontier_Tilt15_V5_A0,,NaN,1,1,exact_trim,7.86586151452293e-10,1.39985837645221e-09,q_dot,1.39985837645221e-09,1893.085283301,1736.22773013152,-6.47225539666627,0,-4.17759370247533,0,6.78075740406152,2.49762055395465,0.10904846841334,2.50000000000001,4.28075740406151,Operating point specifications were successfully met.,NaN,NaN,1,0,,
newmap_straight_corridor_direct_db,direct_vinf_alpha_force_balance_v1,newmap_straight_corridor,StraightCorridor_Tilt12p5_V2p5_A5,tilt_12p5_v_2p5_a_5,12.5,2.5,5,vinf_alpha_force_balance_v1,front_rear_free_flap_elevator,BridgeFrontier_Tilt15_V5_A0,,NaN,1,1,exact_trim,3.74221231416677e-11,6.1992699924092e-11,q_dot,6.1992699924092e-11,1893.13352010204,1736.35580157537,-11.3425587137006,0,-10.1087876656573,0,6.78203854599067,2.49048674523021,0.217889356869163,4.99999999999871,1.78203854599197,Operating point specifications were successfully met.,NaN,NaN,1,0,,
newmap_straight_corridor_direct_db,direct_vinf_alpha_force_balance_v1,newmap_straight_corridor,StraightCorridor_Tilt12p5_V2p5_A7p5,tilt_12p5_v_2p5_a_7p5,12.5,2.5,7.5,vinf_alpha_force_balance_v1,front_rear_free_flap_elevator,BridgeFrontier_Tilt15_V5_A0,,NaN,1,1,exact_trim,7.01482086056778e-10,1.31392436145888e-09,q_dot,1.31392436145888e-09,1893.30451506125,1736.67754382375,-17.4441868484792,0,-15.5187010429641,0,6.78154397243798,2.47861215348438,0.326315480552289,7.49999999989996,-0.71845602746198,Operating point specifications were successfully met.,NaN,NaN,1,0,,
newmap_straight_corridor_direct_db,direct_vinf_alpha_force_balance_v1,newmap_straight_corridor,StraightCorridor_Tilt12p5_V2p5_A10,tilt_12p5_v_2p5_a_10,12.5,2.5,10,vinf_alpha_force_balance_v1,front_rear_free_flap_elevator,BridgeFrontier_Tilt15_V5_A10,,NaN,1,1,exact_trim,2.69963112664581e-12,4.2703618419182e-12,w_dot,4.2703618419182e-12,1891.93824455489,1734.34619249109,6.76832012853715,0,-7.62346572343243,0,6.76891827582922,2.46201938253052,0.434120444167326,10,-3.23108172417078,Operating point specifications were successfully met.,NaN,NaN,1,0,,
newmap_straight_corridor_direct_db,direct_vinf_alpha_force_balance_v1,newmap_straight_corridor,StraightCorridor_Tilt17p5_V5_A2p5,tilt_17p5_v_5_a_2p5,17.5,5,2.5,vinf_alpha_force_balance_v1,front_rear_free_flap_elevator,BridgeFrontier_Tilt15_V5_A0,,NaN,1,1,exact_trim,8.17490876170629e-10,1.51942956043046e-09,q_dot,1.51942956043046e-09,1914.77705362033,1730.8791462758,-15.8620604343279,0,-21.2014006048926,0,9.62258746242778,4.9952411079093,0.21809693682668,2.5,7.12258746242778,Operating point specifications were successfully met.,NaN,NaN,1,0,,
newmap_straight_corridor_direct_db,direct_vinf_alpha_force_balance_v1,newmap_straight_corridor,StraightCorridor_Tilt17p5_V5_A5,tilt_17p5_v_5_a_5,17.5,5,5,vinf_alpha_force_balance_v1,front_rear_free_flap_elevator,rect_Tilt20_V5_A2p5,,NaN,1,1,exact_trim,1.99615373387568e-07,3.76116207301272e-07,q_dot,3.76116207301272e-07,1906.26885989353,1717.87733101388,23.2170211753368,0,-0.640127495192023,0,9.39036197763469,4.98097349045872,0.435778713738295,5.00000000000005,4.39036197763464,Operating point specifications were successfully met.,NaN,NaN,1,0,,
newmap_straight_corridor_direct_db,direct_vinf_alpha_force_balance_v1,newmap_straight_corridor,StraightCorridor_Tilt17p5_V5_A7p5,tilt_17p5_v_5_a_7p5,17.5,5,7.5,vinf_alpha_force_balance_v1,front_rear_free_flap_elevator,rect_Tilt20_V5_A2p5,,NaN,1,1,exact_trim,1.65202543202702e-10,3.76637387944356e-10,w_dot,2.90576451789093e-10,1906.42909644284,1716.32817321796,19.6116970819425,0,18.3312675453761,0,9.38359199851278,4.9572243068708,0.652630961100344,7.49999999999836,1.88359199851442,Operating point specifications were successfully met.,NaN,NaN,1,0,,
newmap_straight_corridor_direct_db,direct_vinf_alpha_force_balance_v1,newmap_straight_corridor,StraightCorridor_Tilt17p5_V5_A10,tilt_17p5_v_5_a_10,17.5,5,10,vinf_alpha_force_balance_v1,front_rear_free_flap_elevator,rect_Tilt20_V5_A2p5,,NaN,1,1,exact_trim,4.89435494686164e-09,8.13356187665723e-09,q_dot,8.13356187665723e-09,1905.75110771369,1716.27236421388,20.6505847833864,0,19.4667234220613,0,9.35575153754855,4.92403876516015,0.868240888343151,9.99999999989871,-0.644248462350161,Operating point specifications were successfully met.,NaN,NaN,1,0,,
newmap_straight_corridor_direct_db,direct_vinf_alpha_force_balance_v1,newmap_straight_corridor,StraightCorridor_Tilt10_V7p5_A2p5,tilt_10_v_7p5_a_2p5,10,7.5,2.5,vinf_alpha_force_balance_v1,front_rear_free_flap_elevator,MidbandGuide_Tilt10_V10_A10,,NaN,1,1,exact_trim,6.6931985510719e-09,1.16475469054049e-08,q_dot,1.16475469054049e-08,1889.4570373659,1746.83329703919,-17.0388253765076,0,-5.30950089722011,0,5.33078972040095,7.49286166201289,0.32714540525963,2.50000000010003,2.83078972030091,Operating point specifications were successfully met.,NaN,NaN,1,0,,
newmap_straight_corridor_direct_db,direct_vinf_alpha_force_balance_v1,newmap_straight_corridor,StraightCorridor_Tilt10_V7p5_A5,tilt_10_v_7p5_a_5,10,7.5,5,vinf_alpha_force_balance_v1,front_rear_free_flap_elevator,MidbandGuide_Tilt10_V10_A10,,NaN,1,1,exact_trim,3.88198806108778e-10,5.3976378922016e-10,q_dot,5.10452872124372e-10,1882.66113195442,1736.03309052441,-14.3285142385723,0,-7.67695509793425,0,5.3359668318773,7.47146023569059,0.653668070607865,5.0000000000016,0.335966831875696,Operating point specifications were successfully met.,NaN,NaN,1,0,,
newmap_straight_corridor_direct_db,direct_vinf_alpha_force_balance_v1,newmap_straight_corridor,StraightCorridor_Tilt10_V7p5_A7p5,tilt_10_v_7p5_a_7p5,10,7.5,7.5,vinf_alpha_force_balance_v1,front_rear_free_flap_elevator,MidbandGuide_Tilt10_V10_A10,,NaN,1,1,exact_trim,2.89440470207604e-12,5.27285865795975e-12,q_dot,5.27285865795975e-12,1876.50340742622,1728.52542407367,-11.1335271154882,0,-10.3671276133699,0,5.35871944686285,7.43583646030358,0.978946441650386,7.5,-2.14128055313715,Operating point specifications were successfully met.,NaN,NaN,1,0,,
newmap_straight_corridor_direct_db,direct_vinf_alpha_force_balance_v1,newmap_straight_corridor,StraightCorridor_Tilt10_V7p5_A10,tilt_10_v_7p5_a_10,10,7.5,10,vinf_alpha_force_balance_v1,front_rear_free_flap_elevator,MidbandGuide_Tilt10_V10_A10,,NaN,1,1,exact_trim,4.4001795026705e-07,8.30718838312605e-07,q_dot,8.30718838312605e-07,1871.85675567898,1720.51152408178,-8.55932178414859,0,-12.5121949231011,0,5.40919899950956,7.38605814759156,1.30236133250198,10,-4.59080100049044,Operating point specifications were successfully met.,NaN,NaN,1,0,,
newmap_straight_corridor_direct_db,direct_vinf_alpha_force_balance_v1,newmap_straight_corridor,StraightCorridor_Tilt0_V7p5_A2p5,tilt_0_v_7p5_a_2p5,-0,7.5,2.5,vinf_alpha_force_balance_v1,front_rear_free_flap_elevator,rect_Tilt0_V10_A5,,NaN,1,1,exact_trim,9.52394880416818e-09,1.79527371459906e-08,q_dot,1.79527371459906e-08,1849.76499243617,1727.66332718963,7.71043801444232,0,21.2312622483424,0,-0.12635593365862,7.49286166186393,0.32714540524002,2.5,-2.62635593365862,Operating point specifications were successfully met.,NaN,NaN,1,0,,
newmap_straight_corridor_direct_db,direct_vinf_alpha_force_balance_v1,newmap_straight_corridor,StraightCorridor_Tilt0_V7p5_A5,tilt_0_v_7p5_a_5,-0,7.5,5,vinf_alpha_force_balance_v1,front_rear_free_flap_elevator,BridgeFrontier_Tilt0_V12p5_A0,,NaN,1,1,exact_trim,4.24389123496002e-12,6.33551632772196e-12,q_dot,6.33551632772196e-12,1847.63109956264,1722.15678711924,8.31850961173683,0,16.3910867573932,0,-0.0631620130679712,7.47146023568849,0.653668070607714,5.00000000000185,-5.06316201306982,Operating point specifications were successfully met.,NaN,NaN,1,0,,
newmap_straight_corridor_direct_db,direct_vinf_alpha_force_balance_v1,newmap_straight_corridor,StraightCorridor_Tilt20_V7p5_A2p5,tilt_20_v_7p5_a_2p5,20,7.5,2.5,vinf_alpha_force_balance_v1,front_rear_free_flap_elevator,rect_Tilt20_V5_A2p5,,NaN,1,1,exact_trim,2.26756810841438e-07,4.224177745959e-07,q_dot,4.224177745959e-07,1907.74235550888,1710.50629437486,24.8872175508349,0,-12.8372326870776,0,10.4829335231117,7.49286166186393,0.32714540524002,2.5,7.98293352311168,Operating point specifications were successfully met.,NaN,NaN,1,0,,
newmap_straight_corridor_direct_db,direct_vinf_alpha_force_balance_v1,newmap_straight_corridor,StraightCorridor_Tilt0_V7p5_A7p5,tilt_0_v_7p5_a_7p5,-0,7.5,7.5,vinf_alpha_force_balance_v1,front_rear_free_flap_elevator,BridgeFrontier_Tilt0_V12p5_A10,,NaN,1,1,exact_trim,9.61137007063187e-07,1.71888802428735e-06,q_dot,1.71888802428735e-06,1842.25407230949,1747.34142291593,24.9858795151559,0,-20.5097472959169,0,-0.501148183395524,7.43583646030358,0.97894644165039,7.50000000000002,-8.00114818339555,Operating point specifications were successfully met.,NaN,NaN,1,0,,
newmap_straight_corridor_direct_db,direct_vinf_alpha_force_balance_v1,newmap_straight_corridor,StraightCorridor_Tilt20_V7p5_A5,tilt_20_v_7p5_a_5,20,7.5,5,vinf_alpha_force_balance_v1,front_rear_free_flap_elevator,rect_Tilt20_V5_A2p5,,NaN,1,1,exact_trim,6.42374772146607e-09,1.16320396782506e-08,q_dot,1.16320396782506e-08,1907.20664587845,1685.48384875991,10.9628695006524,0,24.3420987614181,0,10.7951643396098,7.47146023568809,0.653668070607437,5,5.7951643396098,Operating point specifications were successfully met.,NaN,NaN,1,0,,
newmap_straight_corridor_direct_db,direct_vinf_alpha_force_balance_v1,newmap_straight_corridor,StraightCorridor_Tilt0_V7p5_A10,tilt_0_v_7p5_a_10,-0,7.5,10,vinf_alpha_force_balance_v1,front_rear_free_flap_elevator,BridgeFrontier_Tilt0_V5_A10,,NaN,1,1,exact_trim,1.15658306666512e-08,2.54165684054897e-08,w_dot,2.54165684054897e-08,1848.0168913008,1739.27934195809,10.8764369059656,0,-16.5006472256253,0,-0.229346304620541,7.38605814759156,1.30236133250198,10,-10.2293463046205,Operating point specifications were successfully met.,NaN,NaN,1,0,,
newmap_straight_corridor_direct_db,direct_vinf_alpha_force_balance_v1,newmap_straight_corridor,StraightCorridor_Tilt20_V7p5_A7p5,tilt_20_v_7p5_a_7p5,20,7.5,7.5,vinf_alpha_force_balance_v1,front_rear_free_flap_elevator,rect_Tilt20_V5_A2p5,,NaN,1,1,exact_trim,1.9675487411509e-06,3.62683040470215e-06,q_dot,3.62683040470215e-06,1907.65412494575,1684.74259697476,8.49724350253683,0,23.7584039003199,0,10.8440023724841,7.43583646030601,0.978946441650559,7.49999999999888,3.3440023724852,Operating point specifications were successfully met.,NaN,NaN,1,0,,
newmap_straight_corridor_direct_db,direct_vinf_alpha_force_balance_v1,newmap_straight_corridor,StraightCorridor_Tilt20_V7p5_A10,tilt_20_v_7p5_a_10,20,7.5,10,vinf_alpha_force_balance_v1,front_rear_free_flap_elevator,rect_Tilt20_V5_A2p5,,NaN,1,1,exact_trim,3.27003508470443e-10,6.16641455145332e-10,q_dot,6.16641455145332e-10,1910.68136732828,1690.74195778679,7.74226674154293,0,25,0,10.7283411781083,7.38605814759156,1.30236133250198,10,0.728341178108254,Operating point specifications were successfully met.,NaN,NaN,1,0,,
newmap_straight_corridor_direct_db,direct_vinf_alpha_force_balance_v1,newmap_straight_corridor,StraightCorridor_Tilt12p5_V10_A2p5,tilt_12p5_v_10_a_2p5,12.5,10,2.5,vinf_alpha_force_balance_v1,front_rear_free_flap_elevator,MidbandGuide_Tilt10_V10_A0,,NaN,1,1,exact_trim,1.45897529140871e-09,2.73188704507795e-09,q_dot,2.73188704507795e-09,1883.39311152146,1740.32161430785,-9.2067715762511,0,-17.7569293832931,0,6.61713546994063,9.99048221581858,0.43619387365336,2.5,4.11713546994062,Operating point specifications were successfully met.,NaN,NaN,1,0,,
newmap_straight_corridor_direct_db,direct_vinf_alpha_force_balance_v1,newmap_straight_corridor,StraightCorridor_Tilt12p5_V10_A5,tilt_12p5_v_10_a_5,12.5,10,5,vinf_alpha_force_balance_v1,front_rear_free_flap_elevator,MidbandGuide_Tilt10_V10_A10,,NaN,1,1,exact_trim,1.25433696186502e-07,2.29549992791789e-07,w_dot,1.82554437344606e-07,1902.4943791673,1745.274904358,-22.237875215341,0,-6.24901046352697,0,6.62970515374649,9.9619469809203,0.871557427477013,5.00000000000104,1.62970515374545,Operating point specifications were successfully met.,NaN,NaN,1,0,,
newmap_straight_corridor_direct_db,direct_vinf_alpha_force_balance_v1,newmap_straight_corridor,StraightCorridor_Tilt12p5_V10_A7p5,tilt_12p5_v_10_a_7p5,12.5,10,7.5,vinf_alpha_force_balance_v1,front_rear_free_flap_elevator,MidbandGuide_Tilt10_V10_A10,,NaN,1,1,exact_trim,2.44923363212618e-09,4.5619112734773e-09,q_dot,4.5619112734773e-09,1895.4821849405,1727.76863803543,-21.7389234572111,0,-4.69419746367763,0,6.66123529659398,9.9144486137381,1.30526192220052,7.50000000000003,-0.838764703406054,Operating point specifications were successfully met.,NaN,NaN,1,0,,
newmap_straight_corridor_direct_db,direct_vinf_alpha_force_balance_v1,newmap_straight_corridor,StraightCorridor_Tilt12p5_V10_A10,tilt_12p5_v_10_a_10,12.5,10,10,vinf_alpha_force_balance_v1,front_rear_free_flap_elevator,MidbandGuide_Tilt10_V10_A10,,NaN,1,1,exact_trim,3.70002071266416e-13,8.10018718766514e-13,w_dot,8.10018718766514e-13,1869.86526990826,1699.76335426811,-9.01849717440369,0,-13.1124543058276,0,6.77524158200864,9.84807753012208,1.7364817766693,10,-3.22475841799136,Operating point specifications were successfully met.,NaN,NaN,1,0,,
newmap_straight_corridor_direct_db,direct_vinf_alpha_force_balance_v1,newmap_straight_corridor,StraightCorridor_Tilt2p5_V10_A2p5,tilt_2p5_v_10_a_2p5,2.5,10,2.5,vinf_alpha_force_balance_v1,front_rear_free_flap_elevator,MidbandGuide_Tilt5_V10_A0,,NaN,1,1,exact_trim,1.22750954627418e-06,2.63215025597674e-06,w_dot,2.63215025597674e-06,1878.86662512649,1787.83735205259,-23.1501860761509,0,-25,0,1.03129029078258,9.99048221581858,0.436193873653359,2.49999999999999,-1.46870970921742,Operating point specifications were successfully met.,NaN,NaN,1,0,,
newmap_straight_corridor_direct_db,direct_vinf_alpha_force_balance_v1,newmap_straight_corridor,StraightCorridor_Tilt2p5_V10_A5,tilt_2p5_v_10_a_5,2.5,10,5,vinf_alpha_force_balance_v1,front_rear_free_flap_elevator,MidbandGuide_Tilt5_V10_A7p5,,NaN,1,1,exact_trim,1.04141288994599e-09,1.9362918330888e-09,q_dot,1.9362918330888e-09,1839.68193977675,1694.61492607472,5.48360265208089,0,9.39002948554379,0,1.28167426635799,9.96194698091743,0.871557427476581,5.00000000000001,-3.71832573364201,Operating point specifications were successfully met.,NaN,NaN,1,0,,
newmap_straight_corridor_direct_db,direct_vinf_alpha_force_balance_v1,newmap_straight_corridor,StraightCorridor_Tilt2p5_V10_A7p5,tilt_2p5_v_10_a_7p5,2.5,10,7.5,vinf_alpha_force_balance_v1,front_rear_free_flap_elevator,MidbandGuide_Tilt5_V10_A7p5,,NaN,1,1,exact_trim,1.75698336599675e-13,3.76587649952853e-13,w_dot,3.76587649952853e-13,1840.76716589141,1698.61729455774,0.193199493661723,0,1.36952181369579,0,1.40779194642369,9.9144486137381,1.30526192220052,7.5,-6.09220805357631,Operating point specifications were successfully met.,NaN,NaN,1,0,,
newmap_straight_corridor_direct_db,direct_vinf_alpha_force_balance_v1,newmap_straight_corridor,StraightCorridor_Tilt2p5_V10_A10,tilt_2p5_v_10_a_10,2.5,10,10,vinf_alpha_force_balance_v1,front_rear_free_flap_elevator,MidbandGuide_Tilt5_V10_A7p5,,NaN,1,1,exact_trim,2.42522446623538e-13,3.64786074272026e-13,q_dot,3.64786074272026e-13,1841.2418899847,1702.81837784671,-4.76284611603711,0,-6.72248098875698,0,1.50575437458185,9.84807753012209,1.7364817766693,9.99999999999999,-8.49424562541814,Operating point specifications were successfully met.,NaN,NaN,1,0,,
newmap_straight_corridor_direct_db,direct_vinf_alpha_force_balance_v1,newmap_straight_corridor,StraightCorridor_Tilt15_V12p5_A2p5,tilt_15_v_12p5_a_2p5,15,12.5,2.5,vinf_alpha_force_balance_v1,front_rear_free_flap_elevator,BridgeFrontier_Tilt15_V12p5_A0,,NaN,1,1,exact_trim,8.03390288936453e-12,1.50471958495685e-11,q_dot,1.50471958495685e-11,1913.28668133324,1717.94617447758,-15.1353455732894,0,9.19542828239059,0,8.08337014304749,12.4881027697732,0.545242342066699,2.5,5.58337014304749,Operating point specifications were successfully met.,NaN,NaN,1,0,,
newmap_straight_corridor_direct_db,direct_vinf_alpha_force_balance_v1,newmap_straight_corridor,StraightCorridor_Tilt15_V12p5_A5,tilt_15_v_12p5_a_5,15,12.5,5,vinf_alpha_force_balance_v1,front_rear_free_flap_elevator,BridgeFrontier_Tilt15_V12p5_A0,,NaN,1,1,exact_trim,9.40771626028595e-10,1.74655575335191e-09,q_dot,1.74655575335191e-09,1912.14024481381,1718.40259006708,-19.2074666393407,0,3.68406639787764,0,8.04482140519386,12.4524337261517,1.08944678434593,4.99999999999896,3.0448214051949,Operating point specifications were successfully met.,NaN,NaN,1,0,,
newmap_straight_corridor_direct_db,direct_vinf_alpha_force_balance_v1,newmap_straight_corridor,StraightCorridor_Tilt15_V12p5_A7p5,tilt_15_v_12p5_a_7p5,15,12.5,7.5,vinf_alpha_force_balance_v1,front_rear_free_flap_elevator,BridgeFrontier_Tilt15_V12p5_A0,,NaN,1,1,exact_trim,8.44332275338875e-07,1.58062559076947e-06,q_dot,1.58062559076947e-06,1907.66752693348,1716.59373990249,-22.1878887921878,0,-3.375332336986,0,8.0137697621696,12.3930607674232,1.63157740276112,7.4999999998977,0.513769762271897,Operating point specifications were successfully met.,NaN,NaN,1,0,,
newmap_straight_corridor_direct_db,direct_vinf_alpha_force_balance_v1,newmap_straight_corridor,StraightCorridor_Tilt25_V12p5_A2p5,tilt_25_v_12p5_a_2p5,25,12.5,2.5,vinf_alpha_force_balance_v1,front_rear_free_flap_elevator,MidbandGuide_Tilt25_V15_A2p5,,NaN,1,1,exact_trim,5.64178839119079e-11,8.64730509420042e-11,w_dot,8.64730509420042e-11,1898.49552085421,1630.25836365424,18.3787790331693,0,-1.60108547060031,0,12.9134515705122,12.4881027697732,0.5452423420667,2.5,10.4134515705122,Operating point specifications were successfully met.,NaN,NaN,1,0,,
newmap_straight_corridor_direct_db,direct_vinf_alpha_force_balance_v1,newmap_straight_corridor,StraightCorridor_Tilt25_V12p5_A5,tilt_25_v_12p5_a_5,25,12.5,5,vinf_alpha_force_balance_v1,front_rear_free_flap_elevator,MidbandGuide_Tilt25_V15_A5,,NaN,1,1,exact_trim,5.68484579065186e-08,1.07342524041239e-07,q_dot,1.07342524041239e-07,1955.31874818403,1673.78784042862,-15.5515256530094,0,4.08684657820059,0,14.1020358928547,12.4524337261468,1.08944678434573,5,9.10203589285473,Operating point specifications were successfully met.,NaN,NaN,1,0,,
newmap_straight_corridor_direct_db,direct_vinf_alpha_force_balance_v1,newmap_straight_corridor,StraightCorridor_Tilt25_V12p5_A7p5,tilt_25_v_12p5_a_7p5,25,12.5,7.5,vinf_alpha_force_balance_v1,front_rear_free_flap_elevator,entry_StraightCorridor_Tilt25_V12p5_A2p5,,NaN,1,1,exact_trim,9.41494229856193e-08,1.71494971388898e-07,q_dot,1.71494971388898e-07,1899.14332969597,1630.30523003567,9.26357113306371,0,-13.0447591335976,0,13.3550881320445,12.3930607671772,1.63157740275083,7.49999999999814,5.85508813204633,Operating point specifications were successfully met.,NaN,NaN,1,0,,
newmap_straight_corridor_direct_db,direct_vinf_alpha_force_balance_v1,newmap_straight_corridor,StraightCorridor_Tilt25_V12p5_A10,tilt_25_v_12p5_a_10,25,12.5,10,vinf_alpha_force_balance_v1,front_rear_free_flap_elevator,entry_StraightCorridor_Tilt25_V12p5_A2p5,,NaN,1,1,exact_trim,1.12164083983299e-08,2.38349446846087e-08,q_dot,1.4852315321385e-08,1897.88337128633,1636.77182801949,4.53581968815348,0,-20.2283751332214,0,13.5152169234956,12.3100969129024,2.17060222085907,9.99999999990249,3.51521692359311,Operating point specifications were successfully met.,NaN,NaN,1,0,,
newmap_straight_corridor_direct_db,direct_vinf_alpha_force_balance_v1,newmap_straight_corridor,StraightCorridor_Tilt5_V12p5_A2p5,tilt_5_v_12p5_a_2p5,5,12.5,2.5,vinf_alpha_force_balance_v1,front_rear_free_flap_elevator,MidbandGuide_Tilt5_V10_A2p5,,NaN,1,1,exact_trim,2.97245161919261e-09,5.56342041411183e-09,q_dot,5.56342041411183e-09,1876.16252008111,1729.80653263545,-13.1185599590113,0,21.7815294593747,0,2.31616558568512,12.4881027697732,0.5452423420667,2.5,-0.183834414314881,Operating point specifications were successfully met.,NaN,NaN,1,0,,
newmap_straight_corridor_direct_db,direct_vinf_alpha_force_balance_v1,newmap_straight_corridor,StraightCorridor_Tilt5_V12p5_A5,tilt_5_v_12p5_a_5,5,12.5,5,vinf_alpha_force_balance_v1,front_rear_free_flap_elevator,MidbandGuide_Tilt5_V10_A7p5,,NaN,1,1,exact_trim,6.95436617476031e-12,1.29953890388646e-11,q_dot,1.29953890388646e-11,1827.9452331785,1679.3096013139,3.22224683640641,0,-2.25043522924958,0,2.55535421994873,12.4524337261468,1.08944678434573,5,-2.44464578005127,Operating point specifications were successfully met.,NaN,NaN,1,0,,
newmap_straight_corridor_direct_db,direct_vinf_alpha_force_balance_v1,newmap_straight_corridor,StraightCorridor_Tilt5_V12p5_A7p5,tilt_5_v_12p5_a_7p5,5,12.5,7.5,vinf_alpha_force_balance_v1,front_rear_free_flap_elevator,MidbandGuide_Tilt5_V10_A7p5,,NaN,1,1,exact_trim,8.06452857575904e-08,1.35845872792884e-07,q_dot,1.35845872792884e-07,1826.90810390833,1661.36921487659,1.29210810491986,0,0.939935942484189,0,2.72402641362574,12.3930607671726,1.63157740275064,7.5,-4.77597358637425,Operating point specifications were successfully met.,NaN,NaN,1,0,,
newmap_straight_corridor_direct_db,direct_vinf_alpha_force_balance_v1,newmap_straight_corridor,StraightCorridor_Tilt5_V12p5_A10,tilt_5_v_12p5_a_10,5,12.5,10,vinf_alpha_force_balance_v1,front_rear_free_flap_elevator,MidbandGuide_Tilt5_V10_A15,,NaN,1,1,exact_trim,2.57316774343453e-07,4.85866937593491e-07,q_dot,4.85866937593491e-07,1872.70631733273,1716.55879770322,-24.4692877127509,0,13.4812803684559,0,2.3124240321539,12.3100969126566,2.17060222083754,10.0000000000009,-7.68757596784699,Operating point specifications were successfully met.,NaN,NaN,1,0,,
newmap_straight_corridor_direct_db,direct_vinf_alpha_force_balance_v1,newmap_straight_corridor,StraightCorridor_Tilt22p5_V17p5_A2p5,tilt_22p5_v_17p5_a_2p5,22.5,17.5,2.5,vinf_alpha_force_balance_v1,front_rear_free_flap_elevator,MidbandGuide_Tilt25_V20_A10,,NaN,1,1,exact_trim,9.92090698509244e-06,1.87342300425974e-05,q_dot,1.87342300425974e-05,1942.31106946979,1666.34279312961,-12.0578286980093,0,25,0,11.9208260505719,17.4833438780169,0.763339278939712,2.50000000010379,9.42082605046807,Operating point specifications were successfully met.,NaN,NaN,1,0,,
newmap_straight_corridor_direct_db,direct_vinf_alpha_force_balance_v1,newmap_straight_corridor,StraightCorridor_Tilt22p5_V17p5_A5,tilt_22p5_v_17p5_a_5,22.5,17.5,5,vinf_alpha_force_balance_v1,front_rear_free_flap_elevator,MidbandGuide_Tilt20_V15_A7p5,,NaN,1,1,exact_trim,1.92992684511309e-12,3.61156590661511e-12,q_dot,3.61156590661511e-12,1840.76973179041,1606.83599035356,16.8850726509556,0,-8.85469801506448,0,9.92483354177505,17.4334072166055,1.52522549808402,5,4.92483354177505,Operating point specifications were successfully met.,NaN,NaN,1,0,,
newmap_straight_corridor_direct_db,direct_vinf_alpha_force_balance_v1,newmap_straight_corridor,StraightCorridor_Tilt22p5_V17p5_A7p5,tilt_22p5_v_17p5_a_7p5,22.5,17.5,7.5,vinf_alpha_force_balance_v1,front_rear_free_flap_elevator,MidbandGuide_Tilt20_V15_A7p5,,NaN,1,1,exact_trim,1.63123514659566e-06,2.56980682737252e-06,q_dot,2.56980682737252e-06,1833.72134059506,1631.36596910291,19.4102313926724,0,-10.177944565077,0,9.27203717818427,17.3502850740417,2.2842083638509,7.5,1.77203717818427,Operating point specifications were successfully met.,NaN,NaN,1,0,,
newmap_straight_corridor_direct_db,direct_vinf_alpha_force_balance_v1,newmap_straight_corridor,StraightCorridor_Tilt22p5_V17p5_A10,tilt_22p5_v_17p5_a_10,22.5,17.5,10,vinf_alpha_force_balance_v1,front_rear_free_flap_elevator,MidbandGuide_Tilt25_V20_A10,,NaN,1,1,exact_trim,2.44693247396632e-12,4.56120421331571e-12,q_dot,4.56120421331571e-12,1939.65581449707,1638.68579843351,-23.9262834050105,0,-0.808089299320682,0,12.3961616582559,17.2341356777136,3.03884310917128,10,2.39616165825585,Operating point specifications were successfully met.,NaN,NaN,1,0,,
newmap_straight_corridor_direct_db,direct_vinf_alpha_force_balance_v1,newmap_straight_corridor,StraightCorridor_Tilt12p5_V17p5_A2p5,tilt_12p5_v_17p5_a_2p5,12.5,17.5,2.5,vinf_alpha_force_balance_v1,rear_fixed_flap_elevator,entry_StraightCorridor_Tilt12p5_V10_A2p5,,NaN,1,1,exact_trim,2.65398733553462e-08,4.94391387217005e-08,q_dot,4.94391387217005e-08,1853.46429950255,1740.32161430785,-8.03501387766109,0,-18.8075986994512,0,6.21120315524143,17.4833438776825,0.76333927889338,2.5,3.71120315524143,Operating point specifications were successfully met.,NaN,NaN,1,0,,
newmap_straight_corridor_direct_db,direct_vinf_alpha_force_balance_v1,newmap_straight_corridor,StraightCorridor_Tilt32p5_V17p5_A2p5,tilt_32p5_v_17p5_a_2p5,32.5,17.5,2.5,vinf_alpha_force_balance_v1,front_rear_free_flap_elevator,MidbandGuide_Tilt30_V20_A15,,NaN,1,1,exact_trim,5.87117129041211e-08,1.24539049295436e-07,w_dot,1.24539049295436e-07,1992.60280102454,1595.87435140469,-8.52872222181604,0,23.2496340099714,0,18.2804708444441,17.4833438776247,0.763339278354364,2.49999999824517,15.7804708461989,Operating point specifications were successfully met.,NaN,NaN,1,0,,
newmap_straight_corridor_direct_db,direct_vinf_alpha_force_balance_v1,newmap_straight_corridor,StraightCorridor_Tilt12p5_V17p5_A5,tilt_12p5_v_17p5_a_5,12.5,17.5,5,vinf_alpha_force_balance_v1,front_rear_free_flap_elevator,entry_StraightCorridor_Tilt12p5_V17p5_A2p5,,NaN,1,1,exact_trim,8.21585519995161e-12,1.51510266465275e-11,q_dot,1.51510266465275e-11,1853.46474316547,1740.32087976339,-12.3985734492258,0,-23.9327546241236,0,6.18318050967867,17.4334072166055,1.52522549808402,4.99999999999999,1.18318050967868,Operating point specifications were successfully met.,NaN,NaN,1,0,,
newmap_straight_corridor_direct_db,direct_vinf_alpha_force_balance_v1,newmap_straight_corridor,StraightCorridor_Tilt32p5_V17p5_A5,tilt_32p5_v_17p5_a_5,32.5,17.5,5,vinf_alpha_force_balance_v1,front_rear_free_flap_elevator,MidbandGuide_Tilt30_V20_A5,,NaN,1,1,exact_trim,5.12548021552225e-12,1.10560449684272e-11,w_dot,1.10560449684272e-11,2030.46059618767,1639.52011148546,-19.2469681306446,0,21.8030925378239,0,18.7437720594746,17.4334072166055,1.52522549808402,5,13.7437720594746,Operating point specifications were successfully met.,NaN,NaN,1,0,,
newmap_straight_corridor_direct_db,direct_vinf_alpha_force_balance_v1,newmap_straight_corridor,StraightCorridor_Tilt12p5_V17p5_A7p5,tilt_12p5_v_17p5_a_7p5,12.5,17.5,7.5,vinf_alpha_force_balance_v1,front_rear_free_flap_elevator,rect_Tilt10_V15_A7p5,,NaN,1,1,exact_trim,2.95417582924368e-10,5.17709542203877e-10,q_dot,5.17709542203877e-10,1843.78193223002,1719.42971549212,-13.639951412772,0,-23.6766349557033,0,6.26330054962475,17.3502850740417,2.2842083638509,7.5,-1.23669945037525,Operating point specifications were successfully met.,NaN,NaN,1,0,,
newmap_straight_corridor_direct_db,direct_vinf_alpha_force_balance_v1,newmap_straight_corridor,StraightCorridor_Tilt32p5_V17p5_A7p5,tilt_32p5_v_17p5_a_7p5,32.5,17.5,7.5,vinf_alpha_force_balance_v1,front_rear_free_flap_elevator,MidbandGuide_Tilt35_V20_A15,,NaN,1,1,exact_trim,3.9502417805295e-11,7.2666856165564e-11,q_dot,7.2666856165564e-11,1933.94318412249,1516.43452004758,-3.4563645144119,0,24.9999573169666,0,17.563978995947,17.3502850740417,2.28420836385091,7.50000000000002,10.063978995947,Operating point specifications were successfully met.,NaN,NaN,1,0,,
newmap_straight_corridor_direct_db,direct_vinf_alpha_force_balance_v1,newmap_straight_corridor,StraightCorridor_Tilt12p5_V17p5_A10,tilt_12p5_v_17p5_a_10,12.5,17.5,10,vinf_alpha_force_balance_v1,front_rear_free_flap_elevator,MidbandGuide_Tilt15_V15_A12p5,,NaN,1,1,exact_trim,1.53769050902396e-08,2.78794327087159e-08,q_dot,2.78794327087159e-08,1796.48016576424,1541.22551939452,-1.00272185061647,0,16.1595470335331,0,6.38934621379079,17.2341356777136,3.03884310917128,10,-3.61065378620922,Operating point specifications were successfully met.,NaN,NaN,1,0,,
newmap_straight_corridor_direct_db,direct_vinf_alpha_force_balance_v1,newmap_straight_corridor,StraightCorridor_Tilt32p5_V17p5_A10,tilt_32p5_v_17p5_a_10,32.5,17.5,10,vinf_alpha_force_balance_v1,front_rear_free_flap_elevator,MidbandGuide_Tilt35_V20_A15,,NaN,1,1,exact_trim,2.56197070166981e-12,5.59907675778959e-12,w_dot,5.59907675778959e-12,1911.30983882211,1463.6504966579,-0.179007944246283,0,1.5006328646496,0,18.1622027472241,17.2341356777136,3.03884310917128,10,8.1622027472241,Operating point specifications were successfully met.,NaN,NaN,1,0,,
newmap_straight_corridor_direct_db,direct_vinf_alpha_force_balance_v1,newmap_straight_corridor,StraightCorridor_Tilt15_V20_A2p5,tilt_15_v_20_a_2p5,15,20,2.5,vinf_alpha_force_balance_v1,front_rear_free_flap_elevator,MidbandGuide_Tilt15_V15_A2p5,,NaN,1,1,exact_trim,6.51329867880417e-06,1.20442080840159e-05,q_dot,1.20442080840159e-05,1895.97376597117,1765.6012064784,-13.2112294049567,0,-12.9660492008273,0,7.67305616570734,19.9809644316372,0.87238774730672,2.5,5.17305616570734,Operating point specifications were successfully met.,NaN,NaN,1,0,,
newmap_straight_corridor_direct_db,direct_vinf_alpha_force_balance_v1,newmap_straight_corridor,StraightCorridor_Tilt15_V20_A5,tilt_15_v_20_a_5,15,20,5,vinf_alpha_force_balance_v1,front_rear_free_flap_elevator,MidbandGuide_Tilt15_V15_A10,,NaN,1,1,exact_trim,1.70405018624888e-09,2.81952712913596e-09,q_dot,2.81952712913596e-09,1797.48700012532,1673.69721810134,-2.63082792679257,0,-22.2455065230771,0,7.15301245208148,19.9238939618349,1.74311485495316,5,2.15301245208148,Operating point specifications were successfully met.,NaN,NaN,1,0,,
newmap_straight_corridor_direct_db,direct_vinf_alpha_force_balance_v1,newmap_straight_corridor,StraightCorridor_Tilt15_V20_A7p5,tilt_15_v_20_a_7p5,15,20,7.5,vinf_alpha_force_balance_v1,front_rear_free_flap_elevator,MidbandGuide_Tilt15_V15_A10,,NaN,1,1,exact_trim,4.0267390199222e-07,7.46717474441474e-07,q_dot,7.46717474441474e-07,1751.63015091907,1601.40677336801,10.7283956633066,0,-21.0868858760105,0,6.05919922779346,19.8288972274762,2.61052384440103,7.5,-1.44080077220654,Operating point specifications were successfully met.,NaN,NaN,1,0,,
newmap_straight_corridor_direct_db,direct_vinf_alpha_force_balance_v1,newmap_straight_corridor,StraightCorridor_Tilt15_V20_A10,tilt_15_v_20_a_10,15,20,10,vinf_alpha_force_balance_v1,front_rear_free_flap_elevator,MidbandGuide_Tilt15_V15_A12p5,,NaN,1,1,exact_trim,6.57534265561191e-07,1.43599424706764e-06,q_dot,7.61374996066625e-07,1775.30697498068,1472.06987948265,-1.43792243268614,0,24.2370286035576,0,7.2791069429317,19.6961550602445,3.47296355333841,9.99999999999926,-2.72089305706756,Operating point specifications were successfully met.,NaN,NaN,1,0,,
newmap_straight_corridor_direct_db,direct_vinf_alpha_force_balance_v1,newmap_straight_corridor,StraightCorridor_Tilt30_V22p5_A2p5,tilt_30_v_22p5_a_2p5,30,22.5,2.5,vinf_alpha_force_balance_v1,front_rear_free_flap_elevator,MidbandGuide_Tilt30_V20_A15,,NaN,1,1,exact_trim,5.79960201133708e-11,1.23648646876973e-10,w_dot,1.23648646876973e-10,1824.72850105684,1397.54362051979,10.2369788538393,0,24.9997605430295,0,13.2092680861216,22.4785849855919,0.981436215720227,2.50000000000042,10.7092680861211,Operating point specifications were successfully met.,NaN,NaN,1,0,,
newmap_straight_corridor_direct_db,direct_vinf_alpha_force_balance_v1,newmap_straight_corridor,StraightCorridor_Tilt30_V22p5_A5,tilt_30_v_22p5_a_5,30,22.5,5,vinf_alpha_force_balance_v1,front_rear_free_flap_elevator,MidbandGuide_Tilt30_V20_A15,,NaN,1,1,exact_trim,1.46886835596355e-08,3.01884064413116e-08,q_dot,2.31510553991565e-08,1815.13307727703,1371.11266348858,8.06252388020274,0,24.0324910557693,0,13.5749750611992,22.4143807070672,1.96100421173445,4.99999999977648,8.57497506142268,Operating point specifications were successfully met.,NaN,NaN,1,0,,
newmap_straight_corridor_direct_db,direct_vinf_alpha_force_balance_v1,newmap_straight_corridor,StraightCorridor_Tilt30_V22p5_A7p5,tilt_30_v_22p5_a_7p5,30,22.5,7.5,vinf_alpha_force_balance_v1,front_rear_free_flap_elevator,MidbandGuide_Tilt30_V20_A15,,NaN,1,1,exact_trim,2.14031569681013e-12,3.05533376376843e-12,q_dot,2.86315719756079e-12,1811.69435974532,1350.57948458739,5.33259744897515,0,22.998099690902,0,14.0770435430752,22.3075093809107,2.93683932495116,7.5,6.57704354307524,Operating point specifications were successfully met.,NaN,NaN,1,0,,
newmap_straight_corridor_direct_db,direct_vinf_alpha_force_balance_v1,newmap_straight_corridor,StraightCorridor_Tilt30_V22p5_A10,tilt_30_v_22p5_a_10,30,22.5,10,vinf_alpha_force_balance_v1,front_rear_free_flap_elevator,MidbandGuide_Tilt30_V20_A15,,NaN,1,1,exact_trim,1.2202080171415e-09,2.06244717025064e-09,q_dot,2.06244717025064e-09,1812.49130829884,1335.20684969282,3.24571712747628,0,24.9660492365026,0,14.450990335748,22.1581744427815,3.90708399750768,10.0000000000014,4.4509903357466,Operating point specifications were successfully met.,NaN,NaN,1,0,,
newmap_straight_corridor_direct_db,direct_vinf_alpha_force_balance_v1,newmap_straight_corridor,StraightCorridor_Tilt20_V22p5_A2p5,tilt_20_v_22p5_a_2p5,20,22.5,2.5,vinf_alpha_force_balance_v1,front_rear_free_flap_elevator,entry_StraightCorridor_Tilt22p5_V17p5_A2p5,,NaN,1,1,exact_trim,2.83151988255339e-13,4.76063632959267e-13,w_dot,4.76063632959267e-13,1931.2184645717,1646.9415683504,-12.3021915577184,0,24.1085795539831,0,9.94699731849859,22.4785849855918,0.98143621572006,2.5,7.44699731849859,Operating point specifications were successfully met.,NaN,NaN,1,0,,
newmap_straight_corridor_direct_db,direct_vinf_alpha_force_balance_v1,newmap_straight_corridor,StraightCorridor_Tilt20_V22p5_A5,tilt_20_v_22p5_a_5,20,22.5,5,vinf_alpha_force_balance_v1,front_rear_free_flap_elevator,FullAlphaRect_Tilt20_V25_A5,,NaN,1,1,exact_trim,2.65157852102528e-08,4.76467324829251e-08,q_dot,4.76467324829251e-08,1893.31491442199,1588.99381203739,-12.9054219911458,0,24.9864019673268,0,9.63292783048897,22.4143807070643,1.96100421182231,5,4.63292783048897,Operating point specifications were successfully met.,NaN,NaN,1,0,,
newmap_straight_corridor_direct_db,direct_vinf_alpha_force_balance_v1,newmap_straight_corridor,StraightCorridor_Tilt20_V22p5_A7p5,tilt_20_v_22p5_a_7p5,20,22.5,7.5,vinf_alpha_force_balance_v1,front_rear_free_flap_elevator,MidbandGuide_Tilt25_V20_A10,,NaN,1,1,exact_trim,1.03069589062155e-07,1.54815037176005e-07,q_dot,1.54815037176005e-07,1925.28017049314,1617.05029330482,-20.0661405189126,0,19.5186307137661,0,9.87312093194851,22.3075093809107,2.93683932495118,7.50000000000006,2.37312093194846,Operating point specifications were successfully met.,NaN,NaN,1,0,,
newmap_straight_corridor_direct_db,direct_vinf_alpha_force_balance_v1,newmap_straight_corridor,StraightCorridor_Tilt20_V22p5_A10,tilt_20_v_22p5_a_10,20,22.5,10,vinf_alpha_force_balance_v1,front_rear_free_flap_elevator,FullAlphaRect_Tilt20_V25_A5,,NaN,1,1,exact_trim,1.71307811942138e-10,3.2239738112765e-10,q_dot,3.2239738112765e-10,1766.18397101972,1381.34328546809,-1.72284294185197,0,13.131114551546,0,9.94904232737437,22.1581744427747,3.90708399750593,10,-0.0509576726256284,Operating point specifications were successfully met.,NaN,NaN,1,0,,
newmap_straight_corridor_direct_db,direct_vinf_alpha_force_balance_v1,newmap_straight_corridor,StraightCorridor_Tilt32p5_V25_A2p5,tilt_32p5_v_25_a_2p5,32.5,25,2.5,vinf_alpha_force_balance_v1,front_rear_free_flap_elevator,MidbandGuide_Tilt35_V25_A2p5,,NaN,1,1,exact_trim,3.60317337441397e-08,7.87410314728731e-08,w_dot,7.87410314728731e-08,2024.74949164454,1610.60784679179,-13.1532728903139,0,4.23522579346234,0,18.9194937566287,24.9762055395464,1.0904846841334,2.5,16.4194937566287,Operating point specifications were successfully met.,NaN,NaN,1,0,,
newmap_straight_corridor_direct_db,direct_vinf_alpha_force_balance_v1,newmap_straight_corridor,StraightCorridor_Tilt32p5_V25_A5,tilt_32p5_v_25_a_5,32.5,25,5,vinf_alpha_force_balance_v1,front_rear_free_flap_elevator,MidbandGuide_Tilt35_V25_A5,,NaN,1,1,exact_trim,5.01011359995613e-09,9.17366959920444e-09,q_dot,9.17366959920444e-09,2001.04006856037,1772.86474830335,-18.2188978132429,0,-24.983839714472,0,17.832183632904,24.9048674522936,2.17889356869145,5,12.832183632904,Operating point specifications were successfully met.,NaN,NaN,1,0,,
newmap_straight_corridor_direct_db,direct_vinf_alpha_force_balance_v1,newmap_straight_corridor,StraightCorridor_Tilt32p5_V25_A7p5,tilt_32p5_v_25_a_7p5,32.5,25,7.5,vinf_alpha_force_balance_v1,front_rear_free_flap_elevator,MidbandGuide_Tilt35_V25_A7p5,,NaN,1,1,exact_trim,7.62522017332769e-06,1.43385490229206e-05,q_dot,1.43385490229206e-05,1784.4109379069,1502.12479661065,-0.3281363417018,0,-24.9999999999984,0,15.3574939632062,24.7861215343453,3.2631548055013,7.50000000000002,7.85749396320615,Operating point specifications were successfully met.,NaN,NaN,1,0,,
newmap_straight_corridor_direct_db,direct_vinf_alpha_force_balance_v1,newmap_straight_corridor,StraightCorridor_Tilt32p5_V25_A10,tilt_32p5_v_25_a_10,32.5,25,10,vinf_alpha_force_balance_v1,front_rear_free_flap_elevator,MidbandGuide_Tilt35_V25_A12p5,,NaN,1,1,exact_trim,3.57943311819481e-08,6.7903613760785e-08,q_dot,6.7903613760785e-08,1854.94278633056,1350.81642518245,-8.37455599223543,0,-4.19134200503135,0,17.5722685228301,24.6201938252941,4.34120444177977,10.0000000002448,7.57226852258531,Operating point specifications were successfully met.,NaN,NaN,1,0,,
newmap_straight_corridor_direct_db,direct_vinf_alpha_force_balance_v1,newmap_straight_corridor,StraightCorridor_Tilt22p5_V25_A2p5,tilt_22p5_v_25_a_2p5,22.5,25,2.5,vinf_alpha_force_balance_v1,front_rear_free_flap_elevator,entry_StraightCorridor_Tilt20_V22p5_A2p5,,NaN,1,1,exact_trim,1.61787197541794e-13,3.5527136788005e-13,w_dot,3.5527136788005e-13,1948.20151904982,1624.09610975521,-12.4480736370314,0,24.1754483285369,0,11.2098152600434,24.9762055395464,1.0904846841334,2.5,8.70981526004338,Operating point specifications were successfully met.,NaN,NaN,1,0,,
newmap_straight_corridor_direct_db,direct_vinf_alpha_force_balance_v1,newmap_straight_corridor,StraightCorridor_Tilt22p5_V25_A5,tilt_22p5_v_25_a_5,22.5,25,5,vinf_alpha_force_balance_v1,front_rear_free_flap_elevator,FullAlphaRect_Tilt20_V25_A5,,NaN,1,1,exact_trim,1.14324355185411e-12,2.13174733579622e-12,q_dot,2.13174733579622e-12,1908.73662914492,1558.97705419715,-13.5297842417236,0,23.5230660084537,0,10.8687577893409,24.9048674522936,2.17889356869145,5,5.86875778934087,Operating point specifications were successfully met.,NaN,NaN,1,0,,
newmap_straight_corridor_direct_db,direct_vinf_alpha_force_balance_v1,newmap_straight_corridor,StraightCorridor_Tilt42p5_V25_A2p5,tilt_42p5_v_25_a_2p5,42.5,25,2.5,vinf_alpha_force_balance_v1,front_rear_free_flap_elevator,entry_StraightCorridor_Tilt32p5_V25_A2p5,,NaN,0,1,quasi_trim_usable,0.546007773768707,0.914375607720487,q_dot,0.914375607720487,2117.73757763406,1489.55322967305,-10.9883331001588,0,10.0787678386245,0,26.5322249803765,24.9762055395464,1.0904846841334,2.5,24.0322249803765,Could not find a solution that satisfies all constraints.  Relax the constraints to find a feasible solution.,NaN,NaN,1,0,,
newmap_straight_corridor_direct_db,direct_vinf_alpha_force_balance_v1,newmap_straight_corridor,StraightCorridor_Tilt22p5_V25_A7p5,tilt_22p5_v_25_a_7p5,22.5,25,7.5,vinf_alpha_force_balance_v1,front_rear_free_flap_elevator,entry_StraightCorridor_Tilt22p5_V25_A2p5,,NaN,1,1,exact_trim,3.58763642617694e-08,5.99860505512134e-08,q_dot,5.99860505512134e-08,1959.46064276629,1616.06160203022,-21.9694527169976,0,24.7887604329199,0,10.841955538025,24.7861215343543,3.26315480550196,7.49999999999881,3.34195553802622,Operating point specifications were successfully met.,NaN,NaN,1,0,,
newmap_straight_corridor_direct_db,direct_vinf_alpha_force_balance_v1,newmap_straight_corridor,StraightCorridor_Tilt42p5_V25_A5,tilt_42p5_v_25_a_5,42.5,25,5,vinf_alpha_force_balance_v1,front_rear_free_flap_elevator,MidbandGuide_Tilt40_V25_A5,,NaN,1,1,exact_trim,1.88544337752894e-06,3.68203033218606e-06,w_dot,3.68203033218606e-06,2148.88950714739,1537.53492398246,-19.1262812400922,0,21.3015877659459,0,26.3040463314642,24.9048674522936,2.17889356869145,5,21.3040463314642,Operating point specifications were successfully met.,NaN,NaN,1,0,,
newmap_straight_corridor_direct_db,direct_vinf_alpha_force_balance_v1,newmap_straight_corridor,StraightCorridor_Tilt22p5_V25_A10,tilt_22p5_v_25_a_10,22.5,25,10,vinf_alpha_force_balance_v1,front_rear_free_flap_elevator,rect_Tilt20_V25_A10,,NaN,1,1,exact_trim,3.33939215574511e-07,6.258597958775e-07,q_dot,6.258597958775e-07,1929.9326045688,1557.24009365539,-23.5839558779418,0,21.9275073989005,0,10.8737566918355,24.6201938253052,4.34120444167326,10,0.873756691835455,Operating point specifications were successfully met.,NaN,NaN,1,0,,
newmap_straight_corridor_direct_db,direct_vinf_alpha_force_balance_v1,newmap_straight_corridor,StraightCorridor_Tilt42p5_V25_A7p5,tilt_42p5_v_25_a_7p5,42.5,25,7.5,vinf_alpha_force_balance_v1,front_rear_free_flap_elevator,MidbandGuide_Tilt45_V25_A7p5,,NaN,1,1,exact_trim,2.75771596939557e-12,6.00408611717285e-12,w_dot,6.00408611717285e-12,1901.37658503681,1204.52027073692,2.25305998140639,0,17.2315144310398,0,21.741118469673,24.7861215343453,3.26315480550129,7.5,14.241118469673,Operating point specifications were successfully met.,NaN,NaN,1,0,,
newmap_straight_corridor_direct_db,direct_vinf_alpha_force_balance_v1,newmap_straight_corridor,StraightCorridor_Tilt42p5_V25_A10,tilt_42p5_v_25_a_10,42.5,25,10,vinf_alpha_force_balance_v1,front_rear_free_flap_elevator,MidbandGuide_Tilt40_V25_A7p5,,NaN,1,1,exact_trim,8.23378586202396e-11,1.43046463563223e-10,w_dot,1.43046463563223e-10,1944.50142124431,1486.18866807056,-11.0754551765227,0,-24.452533919062,0,23.3948969812069,24.6201938253052,4.34120444167326,10,13.3948969812069,Operating point specifications were successfully met.,NaN,NaN,1,0,,
newmap_straight_corridor_direct_db,direct_vinf_alpha_force_balance_v1,newmap_straight_corridor,StraightCorridor_Tilt35_V27p5_A2p5,tilt_35_v_27p5_a_2p5,35,27.5,2.5,vinf_alpha_force_balance_v1,front_rear_free_flap_elevator,guide_V27p5_T35_F0_R250,,NaN,1,1,exact_trim,6.91303372917721e-10,1.30471574202865e-09,q_dot,1.30471574202865e-09,1876.69575579158,1538.50932402984,-1.52765848857942,0,-9.46169026944138,0,17.4000437872673,27.4738260935011,1.19953315254674,2.5,14.9000437872673,Operating point specifications were successfully met.,NaN,NaN,1,0,,
newmap_straight_corridor_direct_db,direct_vinf_alpha_force_balance_v1,newmap_straight_corridor,StraightCorridor_Tilt35_V27p5_A5,tilt_35_v_27p5_a_5,35,27.5,5,vinf_alpha_force_balance_v1,front_rear_free_flap_elevator,entry_StraightCorridor_Tilt35_V27p5_A2p5,,NaN,1,1,exact_trim,2.89308580056277e-10,5.38925941334711e-10,q_dot,5.38925941334711e-10,1876.69559064658,1538.5093618651,-5.89354424077069,0,-13.6902314971037,0,17.7202698770782,27.395354197523,2.39678292556061,5.00000000000001,12.7202698770782,Operating point specifications were successfully met.,NaN,NaN,1,0,,
newmap_straight_corridor_direct_db,direct_vinf_alpha_force_balance_v1,newmap_straight_corridor,StraightCorridor_Tilt35_V27p5_A7p5,tilt_35_v_27p5_a_7p5,35,27.5,7.5,vinf_alpha_force_balance_v1,front_rear_free_flap_elevator,entry_StraightCorridor_Tilt35_V27p5_A2p5,,NaN,1,1,exact_trim,1.18467759574675e-10,2.20549476733545e-10,q_dot,2.20549476733545e-10,1876.69392978871,1538.51068622736,-10.2346397017363,0,-18.2356182570936,0,17.9659588765255,27.2647336877881,3.58947028605194,7.49999999999882,10.4659588765267,Operating point specifications were successfully met.,NaN,NaN,1,0,,
newmap_straight_corridor_direct_db,direct_vinf_alpha_force_balance_v1,newmap_straight_corridor,StraightCorridor_Tilt35_V27p5_A10,tilt_35_v_27p5_a_10,35,27.5,10,vinf_alpha_force_balance_v1,front_rear_free_flap_elevator,entry_StraightCorridor_Tilt35_V27p5_A7p5,,NaN,1,1,exact_trim,1.78844417036167e-12,2.8563817977556e-12,w_dot,2.8563817977556e-12,1876.69398784616,1538.51054584185,-14.5570854557948,0,-22.8948988984808,0,18.137705505886,27.0822132078357,4.77532488584058,10,8.13770550588603,Operating point specifications were successfully met.,NaN,NaN,1,0,,
newmap_straight_corridor_direct_db,direct_vinf_alpha_force_balance_v1,newmap_straight_corridor,StraightCorridor_Tilt45_V27p5_A2p5,tilt_45_v_27p5_a_2p5,45,27.5,2.5,vinf_alpha_force_balance_v1,front_rear_free_flap_elevator,guide_V27p5_T45_F75_R0,,NaN,0,1,quasi_trim_usable,0.425522417579576,0.808249965981777,q_dot,0.808249965981777,1889.94755833791,1052.9734040208,11.3725713707447,0,17.1245533481566,0,21.2055753149839,27.4738260935011,1.19953315254661,2.49999999999972,18.7055753149841,Could not find a solution that satisfies all constraints.  Relax the constraints to find a feasible solution.,NaN,NaN,1,0,,
newmap_straight_corridor_direct_db,direct_vinf_alpha_force_balance_v1,newmap_straight_corridor,StraightCorridor_Tilt45_V27p5_A5,tilt_45_v_27p5_a_5,45,27.5,5,vinf_alpha_force_balance_v1,front_rear_free_flap_elevator,entry_StraightCorridor_Tilt42p5_V25_A7p5,,NaN,1,1,exact_trim,5.80644664600706e-07,1.07408135824466e-06,q_dot,1.07408135824466e-06,2091.74429930735,1383.6532002864,-12.7992128990272,0,24.4916534958678,0,26.2938482550693,27.3953541975231,2.3967829255606,4.99999999999999,21.2938482550693,Operating point specifications were successfully met.,NaN,NaN,1,0,,
newmap_straight_corridor_direct_db,direct_vinf_alpha_force_balance_v1,newmap_straight_corridor,StraightCorridor_Tilt25_V27p5_A2p5,tilt_25_v_27p5_a_2p5,25,27.5,2.5,vinf_alpha_force_balance_v1,front_rear_free_flap_elevator,MidbandGuide_Tilt25_V20_A10,,NaN,1,1,exact_trim,8.51936067290082e-11,1.46928847406534e-10,q_dot,1.46928847406534e-10,2010.06706195611,1866.27897266291,-18.4941332734622,0,-14.0723359115018,0,13.5878146003177,27.4738260935011,1.19953315254674,2.5,11.0878146003177,Operating point specifications were successfully met.,NaN,NaN,1,0,,
newmap_straight_corridor_direct_db,direct_vinf_alpha_force_balance_v1,newmap_straight_corridor,StraightCorridor_Tilt45_V27p5_A7p5,tilt_45_v_27p5_a_7p5,45,27.5,7.5,vinf_alpha_force_balance_v1,front_rear_free_flap_elevator,guide_V27p5_T45_Fm75_R0,,NaN,1,1,exact_trim,2.68052500767056e-06,4.84518025583595e-06,q_dot,4.84518025583595e-06,2129.54133970387,1406.23228347502,-19.2246224474297,0,24.8003838404308,0,26.9884826681103,27.2647336877798,3.58947028605142,7.5,19.4884826681103,Operating point specifications were successfully met.,NaN,NaN,1,0,,
newmap_straight_corridor_direct_db,direct_vinf_alpha_force_balance_v1,newmap_straight_corridor,StraightCorridor_Tilt25_V27p5_A5,tilt_25_v_27p5_a_5,25,27.5,5,vinf_alpha_force_balance_v1,front_rear_free_flap_elevator,entry_StraightCorridor_Tilt22p5_V25_A5,,NaN,1,1,exact_trim,2.69843418750785e-07,4.95750640774279e-07,q_dot,4.95750640774279e-07,1929.4160689965,1533.40879643346,-14.2649271007183,0,24.2617070311191,0,12.0605464376956,27.395354197523,2.3967829255606,5,7.06054643769563,Operating point specifications were successfully met.,NaN,NaN,1,0,,
newmap_straight_corridor_direct_db,direct_vinf_alpha_force_balance_v1,newmap_straight_corridor,StraightCorridor_Tilt45_V27p5_A10,tilt_45_v_27p5_a_10,45,27.5,10,vinf_alpha_force_balance_v1,front_rear_free_flap_elevator,entry_StraightCorridor_Tilt42p5_V25_A10,,NaN,1,1,exact_trim,1.60017290802922e-07,2.26806531895317e-07,q_dot,2.26806531895317e-07,1947.71906824576,1462.46542142615,-12.1021851773047,0,-24.9924014281366,0,24.5712480588703,27.0822132078357,4.77532488584058,10,14.5712480588703,Operating point specifications were successfully met.,NaN,NaN,1,0,,
newmap_straight_corridor_direct_db,direct_vinf_alpha_force_balance_v1,newmap_straight_corridor,StraightCorridor_Tilt25_V27p5_A7p5,tilt_25_v_27p5_a_7p5,25,27.5,7.5,vinf_alpha_force_balance_v1,front_rear_free_flap_elevator,MidbandGuide_Tilt25_V20_A10,,NaN,1,1,exact_trim,1.74568718837922e-06,3.24340727206708e-06,q_dot,3.24340727206708e-06,1966.54810260342,1614.06883734338,-21.2970839930456,0,-3.84370613357377,0,13.4171575739315,27.2647336877798,3.58947028605142,7.5,5.91715757393145,Operating point specifications were successfully met.,NaN,NaN,1,0,,
newmap_straight_corridor_direct_db,direct_vinf_alpha_force_balance_v1,newmap_straight_corridor,StraightCorridor_Tilt25_V27p5_A10,tilt_25_v_27p5_a_10,25,27.5,10,vinf_alpha_force_balance_v1,front_rear_free_flap_elevator,rect_Tilt20_V25_A10,,NaN,1,1,exact_trim,5.17303215688068e-07,9.55534087410115e-07,w_dot,7.90621655255563e-07,1945.38762484374,1517.2778437288,-23.6935129369594,0,21.0950010237448,0,12.0933350263919,27.0822132078357,4.77532488584058,10,2.09333502639185,Operating point specifications were successfully met.,NaN,NaN,1,0,,
newmap_straight_corridor_direct_db,direct_vinf_alpha_force_balance_v1,newmap_straight_corridor,StraightCorridor_Tilt37p5_V30_A2p5,tilt_37p5_v_30_a_2p5,37.5,30,2.5,vinf_alpha_force_balance_v1,front_rear_free_flap_elevator,guide_V30_T37p5_F0_Rm250,,NaN,1,1,exact_trim,3.40159847589868e-09,6.24285882714365e-09,q_dot,6.24285882714365e-09,2005.33458259774,1773.18267176552,-11.7467647529778,0,-24.9997914704142,0,20.433560794086,29.9714466474557,1.30858162096009,2.50000000000002,17.933560794086,Operating point specifications were successfully met.,NaN,NaN,1,0,,
newmap_straight_corridor_direct_db,direct_vinf_alpha_force_balance_v1,newmap_straight_corridor,StraightCorridor_Tilt37p5_V30_A5,tilt_37p5_v_30_a_5,37.5,30,5,vinf_alpha_force_balance_v1,front_rear_free_flap_elevator,guide_V30_T37p5_F75_R0,,NaN,0,1,quasi_trim_usable,0.149573049161836,0.24919778841662,q_dot,0.24919778841662,1743.99495979304,1130.57959791147,5.88221111026396,0,-1.04834298682612,0,16.5516605420723,29.8858409427663,2.61467228242308,4.99999999998499,11.5516605420873,Could not find a solution that satisfies all constraints.  Relax the constraints to find a feasible solution.,NaN,NaN,1,0,,
newmap_straight_corridor_direct_db,direct_vinf_alpha_force_balance_v1,newmap_straight_corridor,StraightCorridor_Tilt37p5_V30_A7p5,tilt_37p5_v_30_a_7p5,37.5,30,7.5,vinf_alpha_force_balance_v1,front_rear_free_flap_elevator,guide_V30_T37p5_F75_R0,,NaN,1,1,exact_trim,2.39992137406674e-10,4.51831198674891e-10,q_dot,4.51831198674891e-10,1653.18266689691,1321.25816614877,6.50062894399816,0,-23.9425731292617,0,14.7784322458605,29.7433458412143,3.91578576660155,7.5,7.27843224586049,Operating point specifications were successfully met.,NaN,NaN,1,0,,
newmap_straight_corridor_direct_db,direct_vinf_alpha_force_balance_v1,newmap_straight_corridor,StraightCorridor_Tilt37p5_V30_A10,tilt_37p5_v_30_a_10,37.5,30,10,vinf_alpha_force_balance_v1,front_rear_free_flap_elevator,rect_Tilt40_V30_A10,,NaN,1,1,exact_trim,1.59136185877312e-12,2.64998246398117e-12,q_dot,2.64998246398117e-12,2002.5389189439,1466.45764241909,-22.2367364193717,0,-10.3147554486831,0,21.302320379511,29.5442325903662,5.20944533000791,10,11.302320379511,Operating point specifications were successfully met.,NaN,NaN,1,0,,
newmap_straight_corridor_direct_db,direct_vinf_alpha_force_balance_v1,newmap_straight_corridor,StraightCorridor_Tilt47p5_V30_A2p5,tilt_47p5_v_30_a_2p5,47.5,30,2.5,vinf_alpha_force_balance_v1,front_rear_free_flap_elevator,entry_StraightCorridor_Tilt45_V27p5_A2p5,,NaN,1,1,exact_trim,1.34989732519146e-10,2.95109714443242e-10,w_dot,2.95109714443242e-10,1896.36057578904,988.691195209305,8.57993099861986,0,18.2154062241953,0,22.022442526952,29.9714466474557,1.30858162096008,2.5,19.522442526952,Operating point specifications were successfully met.,NaN,NaN,1,0,,
newmap_straight_corridor_direct_db,direct_vinf_alpha_force_balance_v1,newmap_straight_corridor,StraightCorridor_Tilt47p5_V30_A5,tilt_47p5_v_30_a_5,47.5,30,5,vinf_alpha_force_balance_v1,rear_fixed_flap_elevator,entry_StraightCorridor_Tilt47p5_V30_A2p5,,NaN,1,1,exact_trim,9.2759914145428e-11,1.73274304135823e-10,q_dot,1.73274304135823e-10,1896.3606015056,988.691195209305,3.92626271601372,0,16.7646248469512,0,22.9364945142105,29.8858409427524,2.61467228242974,4.99999999999999,17.9364945142105,Operating point specifications were successfully met.,NaN,NaN,1,0,,
newmap_straight_corridor_direct_db,direct_vinf_alpha_force_balance_v1,newmap_straight_corridor,StraightCorridor_Tilt47p5_V30_A7p5,tilt_47p5_v_30_a_7p5,47.5,30,7.5,vinf_alpha_force_balance_v1,front_rear_free_flap_elevator,guide_V30_T47p5_F75_Rm250,,NaN,1,1,exact_trim,7.85401967449484e-09,1.14656811483919e-08,q_dot,1.14656811483919e-08,1856.58194061336,1323.30173959727,19.9958323556015,0,-3.81610765818279,0,16.5158284420204,29.7433458412143,3.91578576660155,7.5,9.01582844202039,Operating point specifications were successfully met.,NaN,NaN,1,0,,
newmap_straight_corridor_direct_db,direct_vinf_alpha_force_balance_v1,newmap_straight_corridor,StraightCorridor_Tilt47p5_V30_A10,tilt_47p5_v_30_a_10,47.5,30,10,vinf_alpha_force_balance_v1,front_rear_free_flap_elevator,entry_StraightCorridor_Tilt47p5_V30_A2p5,,NaN,1,1,exact_trim,4.4461959055332e-07,8.01993839064294e-07,q_dot,8.01993839064294e-07,1917.59616727568,977.750393188229,-6.59366569196723,0,12.3562316447464,0,25.3460032644984,29.5442325909644,5.20944533005954,9.99999999989874,15.3460032645997,Operating point specifications were successfully met.,NaN,NaN,1,0,,
newmap_straight_corridor_direct_db,direct_vinf_alpha_force_balance_v1,newmap_straight_corridor,StraightCorridor_Tilt27p5_V30_A2p5,tilt_27p5_v_30_a_2p5,27.5,30,2.5,vinf_alpha_force_balance_v1,front_rear_free_flap_elevator,rect_Tilt20_V30_A10,,NaN,1,1,exact_trim,5.62025369987663e-10,1.04806255136489e-09,q_dot,1.04806255136489e-09,2013.50887889099,1916.27180253784,-17.5854063939117,0,-21.0248824922678,0,14.7227106734964,29.9714466474557,1.30858162096008,2.5,12.2227106734964,Operating point specifications were successfully met.,NaN,NaN,1,0,,
newmap_straight_corridor_direct_db,direct_vinf_alpha_force_balance_v1,newmap_straight_corridor,StraightCorridor_Tilt27p5_V30_A5,tilt_27p5_v_30_a_5,27.5,30,5,vinf_alpha_force_balance_v1,front_rear_free_flap_elevator,FullAlphaRect_Tilt20_V30_A5,,NaN,1,1,exact_trim,1.57034740012089e-11,3.2606806144031e-11,w_dot,3.2606806144031e-11,1910.80448355903,1451.30593834586,-12.545976712424,0,3.64731183610269,0,14.4411216513986,29.8858409427524,2.61467228242975,5,9.44112165139857,Operating point specifications were successfully met.,NaN,NaN,1,0,,
newmap_straight_corridor_direct_db,direct_vinf_alpha_force_balance_v1,newmap_straight_corridor,StraightCorridor_Tilt27p5_V30_A7p5,tilt_27p5_v_30_a_7p5,27.5,30,7.5,vinf_alpha_force_balance_v1,front_rear_free_flap_elevator,FullAlphaRect_Tilt20_V30_A5,,NaN,1,1,exact_trim,1.55148263944192e-12,2.8521309182377e-12,q_dot,2.8521309182377e-12,1818.56401083476,1212.81318565789,-8.30056351676402,0,9.90596694605046,0,14.0478978226053,29.7433458412143,3.91578576660153,7.49999999999996,6.54789782260529,Operating point specifications were successfully met.,NaN,NaN,1,0,,
newmap_straight_corridor_direct_db,direct_vinf_alpha_force_balance_v1,newmap_straight_corridor,StraightCorridor_Tilt27p5_V30_A10,tilt_27p5_v_30_a_10,27.5,30,10,vinf_alpha_force_balance_v1,front_rear_free_flap_elevator,rect_Tilt30_V30_A10,,NaN,1,1,exact_trim,5.71335959810842e-12,1.0776350325094e-11,q_dot,1.0776350325094e-11,1642.63318723098,990.94509691861,1.6226055399028,0,24.570579811111,0,11.1133862991443,29.5442325903662,5.20944533000791,10,1.11338629914431,Operating point specifications were successfully met.,NaN,NaN,1,0,,
newmap_straight_corridor_direct_db,direct_vinf_alpha_force_balance_v1,newmap_straight_corridor,StraightCorridor_Tilt42p5_V32p5_A2p5,tilt_42p5_v_32p5_a_2p5,42.5,32.5,2.5,vinf_alpha_force_balance_v1,front_rear_free_flap_elevator,entry_StraightCorridor_Tilt45_V27p5_A10,,NaN,0,1,quasi_trim_usable,0.352314866143551,0.629209229984012,q_dot,0.629209229984012,2283.16092762968,1656.22880643722,-21.9522097737589,0,6.60303162322985,0,30.072954829264,32.4690851880472,1.41742549890356,2.49963827807398,27.57331655119,Could not find a solution that satisfies all constraints.  Relax the constraints to find a feasible solution.,NaN,NaN,1,0,,
newmap_straight_corridor_direct_db,direct_vinf_alpha_force_balance_v1,newmap_straight_corridor,StraightCorridor_Tilt42p5_V32p5_A5,tilt_42p5_v_32p5_a_5,42.5,32.5,5,vinf_alpha_force_balance_v1,front_rear_free_flap_elevator,entry_StraightCorridor_Tilt45_V27p5_A2p5,,NaN,1,1,exact_trim,1.44810293866737e-10,3.13050918521185e-10,w_dot,3.13050918521185e-10,1770.37582830521,897.093481276459,4.47700382308884,0,17.9616302058021,0,17.6150063883047,32.3763276879817,2.83256163929889,5,12.6150063883047,Operating point specifications were successfully met.,NaN,NaN,1,0,,
newmap_straight_corridor_direct_db,direct_vinf_alpha_force_balance_v1,newmap_straight_corridor,StraightCorridor_Tilt42p5_V32p5_A7p5,tilt_42p5_v_32p5_a_7p5,42.5,32.5,7.5,vinf_alpha_force_balance_v1,front_rear_free_flap_elevator,entry_StraightCorridor_Tilt42p5_V32p5_A5,,NaN,1,1,exact_trim,2.31580472527221e-09,4.07330605497501e-09,q_dot,4.07330605497501e-09,1777.04460632107,893.710851574892,-0.38780301441504,0,17.7110611398746,0,18.7637475121302,32.2219579946488,4.24210124715167,7.5,11.2637475121302,Operating point specifications were successfully met.,NaN,NaN,1,0,,
newmap_straight_corridor_direct_db,direct_vinf_alpha_force_balance_v1,newmap_straight_corridor,StraightCorridor_Tilt42p5_V32p5_A10,tilt_42p5_v_32p5_a_10,42.5,32.5,10,vinf_alpha_force_balance_v1,prop_fixed_flap_elevator,entry_StraightCorridor_Tilt42p5_V32p5_A7p5,,NaN,0,1,quasi_trim_usable,2.31574617207762e-09,4.07316638877025e-09,q_dot,4.07316638877025e-09,1777.04460632107,893.710851574892,-0.38780301441504,0,17.7110611398746,0,18.7637475121302,32.2219579946488,4.24210124715168,7.5,11.2637475121302,Could not find a solution that satisfies all constraints.  Relax the constraints to find a feasible solution.,NaN,NaN,1,0,,
newmap_straight_corridor_direct_db,direct_vinf_alpha_force_balance_v1,newmap_straight_corridor,StraightCorridor_Tilt32p5_V32p5_A2p5,tilt_32p5_v_32p5_a_2p5,32.5,32.5,2.5,vinf_alpha_force_balance_v1,front_rear_free_flap_elevator,rect_Tilt30_V40_A7p5,,NaN,1,1,exact_trim,3.76154126258477e-07,6.93550701683864e-07,q_dot,6.93550701683864e-07,1562.45128820669,1124.65790623559,18.2164750469336,0,-4.34982432798328,0,8.26979183474511,32.4690672014101,1.41763008937351,2.50000000000018,5.76979183474494,Operating point specifications were successfully met.,NaN,NaN,1,0,,
newmap_straight_corridor_direct_db,direct_vinf_alpha_force_balance_v1,newmap_straight_corridor,StraightCorridor_Tilt32p5_V32p5_A5,tilt_32p5_v_32p5_a_5,32.5,32.5,5,vinf_alpha_force_balance_v1,front_rear_free_flap_elevator,guide_V32p5_T32p5_Fm75_R0,,NaN,1,1,exact_trim,2.10982450511493e-07,3.83285664335328e-07,q_dot,3.83285664335328e-07,1601.68638082011,842.473032515474,11.2318744109821,0,5.67537249002341,0,11.4321274138781,32.3763276879817,2.83256163929889,4.99999999999999,6.43212741387814,Operating point specifications were successfully met.,NaN,NaN,1,0,,
newmap_straight_corridor_direct_db,direct_vinf_alpha_force_balance_v1,newmap_straight_corridor,StraightCorridor_Tilt32p5_V32p5_A7p5,tilt_32p5_v_32p5_a_7p5,32.5,32.5,7.5,vinf_alpha_force_balance_v1,front_rear_free_flap_elevator,rect_Tilt30_V30_A10,,NaN,1,1,exact_trim,1.2085850794182e-07,2.08236210087871e-07,q_dot,2.08236210087871e-07,1600.18442638898,826.395806330205,6.68065215272822,0,24.9562367510161,0,10.9402108894081,32.2219579946488,4.24210124715133,7.49999999999939,3.44021088940869,Operating point specifications were successfully met.,NaN,NaN,1,0,,
newmap_straight_corridor_direct_db,direct_vinf_alpha_force_balance_v1,newmap_straight_corridor,StraightCorridor_Tilt52p5_V32p5_A2p5,tilt_52p5_v_32p5_a_2p5,52.5,32.5,2.5,vinf_alpha_force_balance_v1,front_rear_free_flap_elevator,guide_V32p5_T52p5_F75_R250,,NaN,0,0,near_trim_borderline,0.641452762276869,1.13817342159334,q_dot,1.13817342159334,1843.53074907903,1294.46724933715,9.07707225805856,0,-16.3374294642717,0,21.9849059222459,32.4690672014104,1.41763008937342,2.5,19.4849059222459,Could not find a solution that satisfies all constraints.  Relax the constraints to find a feasible solution.,NaN,NaN,1,0,,
newmap_straight_corridor_direct_db,direct_vinf_alpha_force_balance_v1,newmap_straight_corridor,StraightCorridor_Tilt32p5_V32p5_A10,tilt_32p5_v_32p5_a_10,32.5,32.5,10,vinf_alpha_force_balance_v1,prop_fixed_flap_elevator,entry_StraightCorridor_Tilt32p5_V32p5_A7p5,,NaN,0,1,quasi_trim_usable,1.20858448264588e-07,2.08236063070813e-07,q_dot,2.08236063070813e-07,1600.18442638898,826.395806330205,6.68065215272822,0,24.9562367510161,0,10.9402108894081,32.2219579946489,4.24210124715133,7.49999999999939,3.4402108894087,Could not find a solution that satisfies all constraints.  Relax the constraints to find a feasible solution.,NaN,NaN,1,0,,
newmap_straight_corridor_direct_db,direct_vinf_alpha_force_balance_v1,newmap_straight_corridor,StraightCorridor_Tilt52p5_V32p5_A5,tilt_52p5_v_32p5_a_5,52.5,32.5,5,vinf_alpha_force_balance_v1,front_rear_free_flap_elevator,MidbandGuide_Tilt50_V30_A5,,NaN,1,1,exact_trim,2.44180245972283e-12,4.53915165466954e-12,q_dot,4.53915165466954e-12,1770.87783733602,1261.16822547785,7.19079553442042,0,-23.1006353329442,0,21.4813852250714,32.3763276879817,2.83256163929889,5,16.4813852250714,Operating point specifications were successfully met.,NaN,NaN,1,0,,
newmap_straight_corridor_direct_db,direct_vinf_alpha_force_balance_v1,newmap_straight_corridor,StraightCorridor_Tilt52p5_V32p5_A7p5,tilt_52p5_v_32p5_a_7p5,52.5,32.5,7.5,vinf_alpha_force_balance_v1,front_rear_free_flap_elevator,entry_StraightCorridor_Tilt52p5_V32p5_A5,,NaN,1,1,exact_trim,3.24362133332023e-11,5.88582790266219e-11,q_dot,5.88582790266219e-11,1795.43183883851,1236.47395093072,1.48107853757569,0,-24.999951838003,0,23.389468345745,32.2219579946488,4.24210124715167,7.5,15.889468345745,Operating point specifications were successfully met.,NaN,NaN,1,0,,
newmap_straight_corridor_direct_db,direct_vinf_alpha_force_balance_v1,newmap_straight_corridor,StraightCorridor_Tilt52p5_V32p5_A10,tilt_52p5_v_32p5_a_10,52.5,32.5,10,vinf_alpha_force_balance_v1,front_rear_free_flap_elevator,MidbandGuide_Tilt50_V30_A15,,NaN,1,1,exact_trim,6.34365846438568e-06,1.19191444789847e-05,q_dot,1.19191444789847e-05,1930.1468907332,953.96893901361,8.90468980655953,0,13.1940518090667,0,22.1781205589124,32.0062519729074,5.64356577417791,10.0000000000014,12.178120558911,Operating point specifications were successfully met.,NaN,NaN,1,0,,
newmap_straight_corridor_direct_db,direct_vinf_alpha_force_balance_v1,newmap_straight_corridor,StraightCorridor_Tilt45_V35_A2p5,tilt_45_v_35_a_2p5,45,35,2.5,vinf_alpha_force_balance_v1,front_rear_free_flap_elevator,guide_V35_T45_F75_R250,,NaN,0,0,near_trim_borderline,0.975313683099409,1.39280470167286,q_dot,1.39280470167286,1465.8802188949,1199.16149172064,15.134272700314,0,-20.2058029361633,0,12.131896265133,34.966687755365,1.52667855778676,2.5,9.63189626513297,Could not find a solution that satisfies all constraints.  Relax the constraints to find a feasible solution.,NaN,NaN,1,0,,
newmap_straight_corridor_direct_db,direct_vinf_alpha_force_balance_v1,newmap_straight_corridor,StraightCorridor_Tilt45_V35_A5,tilt_45_v_35_a_5,45,35,5,vinf_alpha_force_balance_v1,front_rear_free_flap_elevator,FullAlphaRect_Tilt40_V35_A5,,NaN,1,1,exact_trim,4.00128360612256e-13,8.73967564984923e-13,w_dot,8.73967564984923e-13,1586.04615286016,1088.43094310705,8.78161812993854,0,-14.7364872585377,0,15.0365890281342,34.8668144332111,3.05045099616804,5,10.0365890281342,Operating point specifications were successfully met.,NaN,NaN,1,0,,
newmap_straight_corridor_direct_db,direct_vinf_alpha_force_balance_v1,newmap_straight_corridor,StraightCorridor_Tilt45_V35_A7p5,tilt_45_v_35_a_7p5,45,35,7.5,vinf_alpha_force_balance_v1,front_rear_free_flap_elevator,entry_StraightCorridor_Tilt45_V35_A5,,NaN,1,1,exact_trim,4.75377380055979e-12,8.1870123973898e-12,q_dot,8.1870123973898e-12,1586.04611287573,1088.43088165989,4.39949639350698,0,-19.6555744007422,0,16.4010753598882,34.7005701480834,4.5684167277018,7.5,8.90107535988817,Operating point specifications were successfully met.,NaN,NaN,1,0,,
newmap_straight_corridor_direct_db,direct_vinf_alpha_force_balance_v1,newmap_straight_corridor,StraightCorridor_Tilt45_V35_A10,tilt_45_v_35_a_10,45,35,10,vinf_alpha_force_balance_v1,front_rear_free_flap_elevator,entry_StraightCorridor_Tilt45_V35_A5,,NaN,1,1,exact_trim,2.07461318461501e-06,3.65218230177877e-06,q_dot,3.65218230177877e-06,1586.04608227787,1088.43082083168,0.130920477820614,0,-24.6620239730988,0,17.6074694329088,34.4682713554405,6.07768621834417,9.99999999999883,7.60746943290995,Operating point specifications were successfully met.,NaN,NaN,1,0,,
newmap_straight_corridor_direct_db,direct_vinf_alpha_force_balance_v1,newmap_straight_corridor,StraightCorridor_Tilt35_V35_A2p5,tilt_35_v_35_a_2p5,35,35,2.5,vinf_alpha_force_balance_v1,front_rear_free_flap_elevator,guide_V35_T35_Fm75_R250,,NaN,0,1,quasi_trim_usable,0.496492608795009,0.70129685077238,q_dot,0.698330795292318,1406.57859956834,1293.66288748224,13.3804931308263,0,-24.9999999999999,0,8.25616287916646,34.9666877553403,1.52667855765008,2.49999999977823,5.75616287938823,Could not find a solution that satisfies all constraints.  Relax the constraints to find a feasible solution.,NaN,NaN,1,0,,
newmap_straight_corridor_direct_db,direct_vinf_alpha_force_balance_v1,newmap_straight_corridor,StraightCorridor_Tilt55_V35_A2p5,tilt_55_v_35_a_2p5,55,35,2.5,vinf_alpha_force_balance_v1,front_rear_free_flap_elevator,guide_V35_T55_F0_R250,,NaN,1,1,exact_trim,4.91770203795724e-10,9.13060462759492e-10,q_dot,9.13060462759492e-10,1908.70267438476,1236.19470560415,3.59242564000085,0,-10.3453322227082,0,25.9230603052904,34.9666877553651,1.52667855778668,2.49999999999986,23.4230603052905,Operating point specifications were successfully met.,NaN,NaN,1,0,,
newmap_straight_corridor_direct_db,direct_vinf_alpha_force_balance_v1,newmap_straight_corridor,StraightCorridor_Tilt35_V35_A5,tilt_35_v_35_a_5,35,35,5,vinf_alpha_force_balance_v1,front_rear_free_flap_elevator,guide_V35_T35_Fm75_R0,,NaN,1,1,exact_trim,8.99257444389184e-09,1.69523788732604e-08,q_dot,1.69523788732604e-08,1591.00185182313,1020.76566506573,4.62818037410455,0,-5.67215695226689,0,12.7730848624941,34.8668144332111,3.05045099616804,5,7.77308486249406,Operating point specifications were successfully met.,NaN,NaN,1,0,,
newmap_straight_corridor_direct_db,direct_vinf_alpha_force_balance_v1,newmap_straight_corridor,StraightCorridor_Tilt55_V35_A5,tilt_55_v_35_a_5,55,35,5,vinf_alpha_force_balance_v1,front_rear_free_flap_elevator,MidbandGuide_Tilt57p5_V35_A5,,NaN,1,1,exact_trim,1.16957305497063e-13,2.55795384873636e-13,w_dot,2.55795384873636e-13,1780.96021076855,778.145640988568,7.46236700192227,0,-4.69894661655045,0,23.0853918432146,34.8668144332111,3.05045099616804,5,18.0853918432146,Operating point specifications were successfully met.,NaN,NaN,1,0,,
newmap_straight_corridor_direct_db,direct_vinf_alpha_force_balance_v1,newmap_straight_corridor,StraightCorridor_Tilt35_V35_A7p5,tilt_35_v_35_a_7p5,35,35,7.5,vinf_alpha_force_balance_v1,front_rear_free_flap_elevator,rect_Tilt40_V35_A10,,NaN,1,1,exact_trim,1.10466850679518e-10,1.5922907437016e-10,q_dot,1.54687672623544e-10,1504.43515374343,1238.70234587343,2.23822189003383,0,-24.0904722186705,0,11.9398776318958,34.7005701480834,4.5684167277018,7.49999999999999,4.43987763189581,Operating point specifications were successfully met.,NaN,NaN,1,0,,
newmap_straight_corridor_direct_db,direct_vinf_alpha_force_balance_v1,newmap_straight_corridor,StraightCorridor_Tilt55_V35_A7p5,tilt_55_v_35_a_7p5,55,35,7.5,vinf_alpha_force_balance_v1,front_rear_free_flap_elevator,guide_V35_T55_Fm75_R250,,NaN,1,1,exact_trim,1.533570961541e-07,2.79040029344742e-07,q_dot,2.79040029344742e-07,1739.02312366109,1164.52779568682,10.5321137498218,0,-21.8855099677249,0,19.5548777414808,34.7005701480834,4.5684167277018,7.49999999999999,12.0548777414808,Operating point specifications were successfully met.,NaN,NaN,1,0,,
newmap_straight_corridor_direct_db,direct_vinf_alpha_force_balance_v1,newmap_straight_corridor,StraightCorridor_Tilt35_V35_A10,tilt_35_v_35_a_10,35,35,10,vinf_alpha_force_balance_v1,front_rear_free_flap_elevator,rect_Tilt40_V35_A10,,NaN,1,1,exact_trim,1.28792554156506e-13,2.38902718666818e-13,q_dot,2.38902718666818e-13,1518.70467338389,1142.73155026588,-1.62354846127177,0,-23.8887801305279,0,13.5576683451538,34.4682713554273,6.07768621834256,10,3.55766834515379,Operating point specifications were successfully met.,NaN,NaN,1,0,,
newmap_straight_corridor_direct_db,direct_vinf_alpha_force_balance_v1,newmap_straight_corridor,StraightCorridor_Tilt55_V35_A10,tilt_55_v_35_a_10,55,35,10,vinf_alpha_force_balance_v1,front_rear_free_flap_elevator,entry_StraightCorridor_Tilt55_V35_A5,,NaN,1,1,exact_trim,1.86587833207344e-09,2.9770366104096e-09,q_dot,2.9770366104096e-09,1780.9601443688,778.145547570872,-1.67404725689857,0,-16.0581786651935,0,25.9831900543642,34.4682713554405,6.07768621834417,9.99999999999883,15.9831900543653,Operating point specifications were successfully met.,NaN,NaN,1,0,,
newmap_straight_corridor_direct_db,direct_vinf_alpha_force_balance_v1,newmap_straight_corridor,StraightCorridor_Tilt47p5_V37p5_A2p5,tilt_47p5_v_37p5_a_2p5,47.5,37.5,2.5,vinf_alpha_force_balance_v1,front_rear_free_flap_elevator,entry_StraightCorridor_Tilt42p5_V32p5_A5,,NaN,1,1,exact_trim,3.19366843190673e-08,5.76993068069726e-08,q_dot,5.76993068069726e-08,1874.01814713324,946.129366189275,0.798202331311235,0,24.9999999959279,0,19.929485343263,37.4643083093197,1.6357270262001,2.50000000000001,17.429485343263,Operating point specifications were successfully met.,NaN,NaN,1,0,,
newmap_straight_corridor_direct_db,direct_vinf_alpha_force_balance_v1,newmap_straight_corridor,StraightCorridor_Tilt47p5_V37p5_A5,tilt_47p5_v_37p5_a_5,47.5,37.5,5,vinf_alpha_force_balance_v1,front_rear_free_flap_elevator,guide_V37p5_T47p5_F0_R0,,NaN,0,0,not_usable,1.21783128100311,2.28512905969923,q_dot,2.28512905969923,1631.87899317601,762.269302531477,6.33291594517338,0,-6.3783516095008,0,16.9701262141379,37.3573011784405,3.26834035303718,5,11.9701262141379,Could not find a solution that satisfies all constraints.  Relax the constraints to find a feasible solution.,NaN,NaN,1,0,,
newmap_straight_corridor_direct_db,direct_vinf_alpha_force_balance_v1,newmap_straight_corridor,StraightCorridor_Tilt47p5_V37p5_A7p5,tilt_47p5_v_37p5_a_7p5,47.5,37.5,7.5,vinf_alpha_force_balance_v1,front_rear_free_flap_elevator,master_rectExtraAlpha_Tilt50_V40_A12p5,,NaN,0,1,quasi_trim_usable,0.453158399852069,0.720488979967548,w_dot,0.720488979967548,1560.46323562418,837.195664325014,3.99038858380572,0,-15.2086998293804,0,18.1378500494986,37.3186937454112,4.92140845133252,7.5125395140102,10.6253105354884,Could not find a solution that satisfies all constraints.  Relax the constraints to find a feasible solution.,NaN,NaN,1,0,,
newmap_straight_corridor_direct_db,direct_vinf_alpha_force_balance_v1,newmap_straight_corridor,StraightCorridor_Tilt47p5_V37p5_A10,tilt_47p5_v_37p5_a_10,47.5,37.5,10,vinf_alpha_force_balance_v1,front_rear_free_flap_elevator,entry_StraightCorridor_Tilt45_V35_A10,,NaN,1,1,exact_trim,4.72869668646875e-10,8.48273720883491e-10,q_dot,8.48273720883491e-10,1528.77555705547,1005.89772525224,-1.01992870344555,0,-25.0000000000001,0,17.3780133963383,36.9302907379578,6.51180666250989,10,7.37801339633827,Operating point specifications were successfully met.,NaN,NaN,1,0,,
newmap_straight_corridor_direct_db,direct_vinf_alpha_force_balance_v1,newmap_straight_corridor,StraightCorridor_Tilt57p5_V37p5_A2p5,tilt_57p5_v_37p5_a_2p5,57.5,37.5,2.5,vinf_alpha_force_balance_v1,front_rear_free_flap_elevator,guide_V37p5_T57p5_F0_R250,,NaN,0,1,quasi_trim_usable,0.340278538120262,0.511199449341987,q_dot,0.463981649806544,1631.31421205994,1157.44272824609,13.4431424870154,0,-20.0815308380755,0,16.4524991667996,37.4643083093197,1.6357270262001,2.5,13.9524991667996,Could not find a solution that satisfies all constraints.  Relax the constraints to find a feasible solution.,NaN,NaN,1,0,,
newmap_straight_corridor_direct_db,direct_vinf_alpha_force_balance_v1,newmap_straight_corridor,StraightCorridor_Tilt57p5_V37p5_A5,tilt_57p5_v_37p5_a_5,57.5,37.5,5,vinf_alpha_force_balance_v1,front_rear_free_flap_elevator,MidbandGuide_Tilt57p5_V35_A5,,NaN,1,1,exact_trim,2.35253476650264e-10,4.9048054506784e-10,w_dot,4.9048054506784e-10,1709.39999482722,702.127377621468,7.85105081788283,0,-9.68297564339708,0,21.5992113682492,37.3573011784405,3.26834035303718,5,16.5992113682492,Operating point specifications were successfully met.,NaN,NaN,1,0,,
newmap_straight_corridor_direct_db,direct_vinf_alpha_force_balance_v1,newmap_straight_corridor,StraightCorridor_Tilt57p5_V37p5_A7p5,tilt_57p5_v_37p5_a_7p5,57.5,37.5,7.5,vinf_alpha_force_balance_v1,front_rear_free_flap_elevator,entry_StraightCorridor_Tilt57p5_V37p5_A5,,NaN,1,1,exact_trim,3.51159483524759e-11,6.25741351585012e-11,q_dot,6.25741351585012e-11,1709.39994561661,702.127341748762,3.1807327632036,0,-14.1387812002106,0,23.3195899336746,37.1791823015179,4.89473220825193,7.49999999999997,15.8195899336746,Operating point specifications were successfully met.,NaN,NaN,1,0,,
newmap_straight_corridor_direct_db,direct_vinf_alpha_force_balance_v1,newmap_straight_corridor,StraightCorridor_Tilt37p5_V37p5_A2p5,tilt_37p5_v_37p5_a_2p5,37.5,37.5,2.5,vinf_alpha_force_balance_v1,front_rear_free_flap_elevator,guide_V37p5_T37p5_F75_R250,,NaN,0,0,near_trim_borderline,0.799259481681484,1.50842563075288,q_dot,1.50842563075288,1528.19051920694,945.799827814231,8.91924602266399,0,-2.26372041435448,0,10.8453105322105,37.4643083093179,1.6357270262014,2.5000000000021,8.3453105322084,Could not find a solution that satisfies all constraints.  Relax the constraints to find a feasible solution.,NaN,NaN,1,0,,
newmap_straight_corridor_direct_db,direct_vinf_alpha_force_balance_v1,newmap_straight_corridor,StraightCorridor_Tilt57p5_V37p5_A10,tilt_57p5_v_37p5_a_10,57.5,37.5,10,vinf_alpha_force_balance_v1,front_rear_free_flap_elevator,rectExtraAlpha_Tilt60_V40_A12p5,,NaN,1,1,exact_trim,5.68549125824024e-11,1.0350735943223e-10,q_dot,1.0350735943223e-10,1744.44373009034,452.279568537275,-2.03917071870907,0,-12.5615559075981,0,26.26289006729,36.9302907379578,6.51180666250989,10,16.26289006729,Operating point specifications were successfully met.,NaN,NaN,1,0,,
newmap_straight_corridor_direct_db,direct_vinf_alpha_force_balance_v1,newmap_straight_corridor,StraightCorridor_Tilt37p5_V37p5_A5,tilt_37p5_v_37p5_a_5,37.5,37.5,5,vinf_alpha_force_balance_v1,front_rear_free_flap_elevator,guide_V37p5_T37p5_Fm75_Rm250,,NaN,1,1,exact_trim,3.64847109088656e-06,6.31130158920907e-06,q_dot,6.31130158920907e-06,1333.54773809889,1185.9267262088,10.4780058988109,0,-24.9845613666524,0,7.86713000105618,37.3573012128998,3.26834036972385,5.00000002080958,2.8671299802466,Operating point specifications were successfully met.,NaN,NaN,1,0,,
newmap_straight_corridor_direct_db,direct_vinf_alpha_force_balance_v1,newmap_straight_corridor,StraightCorridor_Tilt37p5_V37p5_A7p5,tilt_37p5_v_37p5_a_7p5,37.5,37.5,7.5,vinf_alpha_force_balance_v1,front_rear_free_flap_elevator,guide_V37p5_T37p5_F0_Rm250,,NaN,1,1,exact_trim,3.71806294273039e-11,6.64664117595498e-11,q_dot,6.64664117595498e-11,1455.5079193018,487.886101910575,7.2373870878165,0,-4.97221248342226,0,12.2820729152559,37.1791823015179,4.89473220825193,7.5,4.78207291525586,Operating point specifications were successfully met.,NaN,NaN,1,0,,
newmap_straight_corridor_direct_db,direct_vinf_alpha_force_balance_v1,newmap_straight_corridor,StraightCorridor_Tilt37p5_V37p5_A10,tilt_37p5_v_37p5_a_10,37.5,37.5,10,vinf_alpha_force_balance_v1,rear_fixed_flap_elevator,entry_StraightCorridor_Tilt37p5_V37p5_A7p5,,NaN,1,1,exact_trim,1.86301276322453e-08,3.45264046730506e-08,q_dot,3.45264046730506e-08,1461.77233508805,487.886101910575,3.61882341837212,0,-9.60834540995808,0,14.0042709537247,36.9302907379578,6.51180666250989,10,4.00427095372475,Operating point specifications were successfully met.,NaN,NaN,1,0,,
newmap_straight_corridor_direct_db,direct_vinf_alpha_force_balance_v1,newmap_straight_corridor,StraightCorridor_Tilt52p5_V40_A2p5,tilt_52p5_v_40_a_2p5,52.5,40,2.5,vinf_alpha_force_balance_v1,front_rear_free_flap_elevator,guide_V40_T52p5_F0_R250,,NaN,0,1,quasi_trim_usable,0.466615621460939,0.809198866440482,w_dot,0.809198866440482,1695.90552387814,873.035353221872,7.18372472963509,0,-5.77170770073854,0,17.6508065208661,39.9619288632743,1.74477549461344,2.5,15.1508065208661,Could not find a solution that satisfies all constraints.  Relax the constraints to find a feasible solution.,NaN,NaN,1,0,,
newmap_straight_corridor_direct_db,direct_vinf_alpha_force_balance_v1,newmap_straight_corridor,StraightCorridor_Tilt52p5_V40_A5,tilt_52p5_v_40_a_5,52.5,40,5,vinf_alpha_force_balance_v1,front_rear_free_flap_elevator,guide_V40_T52p5_F75_Rm250,,NaN,1,1,exact_trim,4.08473766523308e-09,7.64580952937488e-09,q_dot,7.64580952937488e-09,1524.65144733271,503.788618294254,7.81809726244414,0,-8.58757595242186,0,15.8743538705758,39.8477879236698,3.48622970990633,5,10.8743538705758,Operating point specifications were successfully met.,NaN,NaN,1,0,,
newmap_straight_corridor_direct_db,direct_vinf_alpha_force_balance_v1,newmap_straight_corridor,StraightCorridor_Tilt52p5_V40_A7p5,tilt_52p5_v_40_a_7p5,52.5,40,7.5,vinf_alpha_force_balance_v1,front_rear_free_flap_elevator,entry_StraightCorridor_Tilt52p5_V40_A5,,NaN,1,1,exact_trim,9.55445547215191e-12,1.59145964896511e-11,q_dot,1.59145964896511e-11,1524.65141450389,503.788595427021,3.40745442364316,0,-13.322012728567,0,17.7600323243079,39.6577944549524,5.22104768880206,7.5,10.2600323243079,Operating point specifications were successfully met.,NaN,NaN,1,0,,
newmap_straight_corridor_direct_db,direct_vinf_alpha_force_balance_v1,newmap_straight_corridor,StraightCorridor_Tilt52p5_V40_A10,tilt_52p5_v_40_a_10,52.5,40,10,vinf_alpha_force_balance_v1,front_rear_free_flap_elevator,entry_StraightCorridor_Tilt52p5_V40_A7p5,,NaN,1,1,exact_trim,6.18277007521004e-12,1.02287117853808e-11,q_dot,1.02287117853808e-11,1524.65137357835,503.788577516146,-0.977396342398808,0,-17.6702516062871,0,19.4782128672827,39.3923101204883,6.94592710667721,10,9.47821286728265,Operating point specifications were successfully met.,NaN,NaN,1,0,,
newmap_straight_corridor_direct_db,direct_vinf_alpha_force_balance_v1,newmap_straight_corridor,StraightCorridor_Tilt42p5_V40_A2p5,tilt_42p5_v_40_a_2p5,42.5,40,2.5,vinf_alpha_force_balance_v1,front_rear_free_flap_elevator,guide_V40_T42p5_F75_R250,,NaN,0,1,quasi_trim_usable,0.238437788580645,0.370613893401839,q_dot,0.370613893401839,1289.83340488962,861.992911503826,16.547996992082,0,-10.1185753020188,0,5.86616747799372,39.9619288632743,1.74477549461344,2.5,3.36616747799372,Could not find a solution that satisfies all constraints.  Relax the constraints to find a feasible solution.,NaN,NaN,1,0,,
newmap_straight_corridor_direct_db,direct_vinf_alpha_force_balance_v1,newmap_straight_corridor,StraightCorridor_Tilt42p5_V40_A5,tilt_42p5_v_40_a_5,42.5,40,5,vinf_alpha_force_balance_v1,front_rear_free_flap_elevator,entry_StraightCorridor_Tilt42p5_V40_A2p5,,NaN,0,1,quasi_trim_usable,0.238437788580647,0.370613893401843,q_dot,0.370613893401843,1289.83340488962,861.992911503826,16.547996992082,0,-10.1185753020188,0,5.86616747799372,39.9619288632743,1.74477549461344,2.5,3.36616747799372,Could not find a solution that satisfies all constraints.  Relax the constraints to find a feasible solution.,NaN,NaN,1,0,,
newmap_straight_corridor_direct_db,direct_vinf_alpha_force_balance_v1,newmap_straight_corridor,StraightCorridor_Tilt42p5_V40_A7p5,tilt_42p5_v_40_a_7p5,42.5,40,7.5,vinf_alpha_force_balance_v1,front_rear_free_flap_elevator,entry_StraightCorridor_Tilt42p5_V40_A2p5,,NaN,0,1,quasi_trim_usable,0.238437788580647,0.370613893401843,q_dot,0.370613893401843,1289.83340488962,861.992911503826,16.547996992082,0,-10.1185753020188,0,5.86616747799372,39.9619288632743,1.74477549461344,2.5,3.36616747799372,Could not find a solution that satisfies all constraints.  Relax the constraints to find a feasible solution.,NaN,NaN,1,0,,
newmap_straight_corridor_direct_db,direct_vinf_alpha_force_balance_v1,newmap_straight_corridor,StraightCorridor_Tilt42p5_V40_A10,tilt_42p5_v_40_a_10,42.5,40,10,vinf_alpha_force_balance_v1,front_rear_free_flap_elevator,guide_V40_T42p5_Fm75_R250,,NaN,1,1,exact_trim,2.487394811267e-09,5.32159560862056e-09,w_dot,5.32159560862056e-09,1375.63969549658,930.004094248851,-1.71631138214581,0,-24.8186712349554,0,13.6689570775301,39.3923101204883,6.94592710667721,10,3.66895707753008,Operating point specifications were successfully met.,NaN,NaN,1,0,,
newmap_straight_corridor_direct_db,direct_vinf_alpha_force_balance_v1,newmap_straight_corridor,StraightCorridor_Tilt62p5_V40_A2p5,tilt_62p5_v_40_a_2p5,62.5,40,2.5,vinf_alpha_force_balance_v1,front_rear_free_flap_elevator,MidbandGuide_Tilt65_V45_A5,,NaN,1,1,exact_trim,7.6188568937283e-08,1.33036926297615e-07,q_dot,1.33036926297615e-07,1575.91729196714,1057.28760767188,12.4100185862005,0,-19.2174500718354,0,16.5055310724547,39.9619288632743,1.74477549461343,2.49999999999998,14.0055310724547,Operating point specifications were successfully met.,NaN,NaN,1,0,,
newmap_straight_corridor_direct_db,direct_vinf_alpha_force_balance_v1,newmap_straight_corridor,StraightCorridor_Tilt62p5_V40_A5,tilt_62p5_v_40_a_5,62.5,40,5,vinf_alpha_force_balance_v1,front_rear_free_flap_elevator,entry_StraightCorridor_Tilt62p5_V40_A2p5,,NaN,1,1,exact_trim,8.21765325064403e-09,1.56465986833609e-08,w_dot,1.56465986833609e-08,1589.20993325158,1053.73869579101,7.45915744357578,0,-25,0,18.6029549016789,39.8477879236699,3.48622970990633,4.99999999999999,13.6029549016789,Operating point specifications were successfully met.,NaN,NaN,1,0,,
newmap_straight_corridor_direct_db,direct_vinf_alpha_force_balance_v1,newmap_straight_corridor,StraightCorridor_Tilt62p5_V40_A7p5,tilt_62p5_v_40_a_7p5,62.5,40,7.5,vinf_alpha_force_balance_v1,front_rear_free_flap_elevator,MidbandGuide_Tilt65_V45_A5,,NaN,1,1,exact_trim,4.19246339955256e-09,6.66241610623987e-09,q_dot,6.66241610623987e-09,1647.18301272583,972.57381046605,1.7969224438313,0,-24.9998972030138,0,22.1870090380127,39.6577944549524,5.22104768880206,7.5,14.6870090380127,Operating point specifications were successfully met.,NaN,NaN,1,0,,
newmap_straight_corridor_direct_db,direct_vinf_alpha_force_balance_v1,newmap_straight_corridor,StraightCorridor_Tilt62p5_V40_A10,tilt_62p5_v_40_a_10,62.5,40,10,vinf_alpha_force_balance_v1,front_rear_free_flap_elevator,entry_StraightCorridor_Tilt62p5_V40_A7p5,,NaN,1,1,exact_trim,9.09972466682843e-10,1.41222380314194e-09,q_dot,1.41222380314194e-09,1726.78763916734,885.403718670694,-4.4545022772958,0,-24.9996602106745,0,26.18214434107,39.3923101204883,6.94592710667721,10,16.18214434107,Operating point specifications were successfully met.,NaN,NaN,1,0,,
newmap_straight_corridor_direct_db,direct_vinf_alpha_force_balance_v1,newmap_straight_corridor,StraightCorridor_Tilt55_V42p5_A2p5,tilt_55_v_42p5_a_2p5,55,42.5,2.5,vinf_alpha_force_balance_v1,front_rear_free_flap_elevator,entry_StraightCorridor_Tilt52p5_V40_A10,,NaN,0,0,near_trim_borderline,0.841956921404437,1.54566389542947,q_dot,1.54566389542947,1677.12784289131,469.698811431352,-3.60067187760304,0,-12.261489241574,0,22.1924836655161,42.0958409952591,6.010367818386,8.12566889229273,14.0668147732234,Could not find a solution that satisfies all constraints.  Relax the constraints to find a feasible solution.,NaN,NaN,1,0,,
newmap_straight_corridor_direct_db,direct_vinf_alpha_force_balance_v1,newmap_straight_corridor,StraightCorridor_Tilt55_V42p5_A5,tilt_55_v_42p5_a_5,55,42.5,5,vinf_alpha_force_balance_v1,front_rear_free_flap_elevator,guide_V42p5_T55_F0_R250,,NaN,0,1,quasi_trim_usable,0.334501297351551,0.613763692370224,q_dot,0.613763692370224,1447.38981985631,999.622791263039,25,0,-0.377916499052324,0,-0.272948271108664,42.338274668902,3.70411906677282,4.99999999999612,-5.27294827110478,Could not find a solution that satisfies all constraints.  Relax the constraints to find a feasible solution.,NaN,NaN,1,0,,
newmap_straight_corridor_direct_db,direct_vinf_alpha_force_balance_v1,newmap_straight_corridor,StraightCorridor_Tilt55_V42p5_A7p5,tilt_55_v_42p5_a_7p5,55,42.5,7.5,vinf_alpha_force_balance_v1,front_rear_free_flap_elevator,entry_StraightCorridor_Tilt52p5_V40_A10,,NaN,0,1,quasi_trim_usable,0.141423596838544,0.22433666621378,w_dot,0.22433666621378,1606.80239870065,484.997309441527,-3.44656806703397,0,-14.7959379787285,0,21.078088943536,42.0153371645123,6.46692772920552,8.75019825978062,12.3278906837554,Could not find a solution that satisfies all constraints.  Relax the constraints to find a feasible solution.,NaN,NaN,1,0,,
newmap_straight_corridor_direct_db,direct_vinf_alpha_force_balance_v1,newmap_straight_corridor,StraightCorridor_Tilt55_V42p5_A10,tilt_55_v_42p5_a_10,55,42.5,10,vinf_alpha_force_balance_v1,front_rear_free_flap_elevator,entry_StraightCorridor_Tilt55_V42p5_A7p5,,NaN,0,1,quasi_trim_usable,0.14329902424777,0.211690144997306,q_dot,0.19653809645084,1606.80239870065,484.997309441527,-3.44656806703397,0,-14.7959379787285,0,21.078088943536,42.0053418230357,6.46538926360414,8.75019825978062,12.3278906837554,Could not find a solution that satisfies all constraints.  Relax the constraints to find a feasible solution.,NaN,NaN,1,0,,
newmap_straight_corridor_direct_db,direct_vinf_alpha_force_balance_v1,newmap_straight_corridor,StraightCorridor_Tilt45_V42p5_A2p5,tilt_45_v_42p5_a_2p5,45,42.5,2.5,vinf_alpha_force_balance_v1,front_rear_free_flap_elevator,rectExtraAlpha_Tilt40_V45_A12p5,,NaN,0,0,not_usable,1.81020546012361,3.76107214373083,w_dot,3.76107214373083,1273.01710034115,591.718901343175,3.63272627267009,0,-19.428280874646,0,5.72392068171408,41.4925803025972,9.19868359236937,12.5,-6.77607931828592,Could not find a solution that satisfies all constraints.  Relax the constraints to find a feasible solution.,NaN,NaN,1,0,,
newmap_straight_corridor_direct_db,direct_vinf_alpha_force_balance_v1,newmap_straight_corridor,StraightCorridor_Tilt45_V42p5_A5,tilt_45_v_42p5_a_5,45,42.5,5,vinf_alpha_force_balance_v1,front_rear_free_flap_elevator,guide_V42p5_T45_Fm75_R250,,NaN,1,1,exact_trim,1.83189751135829e-08,3.64439429745289e-08,w_dot,3.64439429745289e-08,1300.89730441347,931.626431744956,24.9420839799128,0,2.15939693576079,0,-3.98710300633729,42.3382746688992,3.70411906677547,5,-8.98710300633729,Operating point specifications were successfully met.,NaN,NaN,1,0,,
newmap_straight_corridor_direct_db,direct_vinf_alpha_force_balance_v1,newmap_straight_corridor,StraightCorridor_Tilt65_V42p5_A2p5,tilt_65_v_42p5_a_2p5,65,42.5,2.5,vinf_alpha_force_balance_v1,front_rear_free_flap_elevator,master_MidbandGuide_Tilt65_V45_A12p5,,NaN,0,0,near_trim_borderline,1.12724822140773,1.95254207078359,w_dot,1.8782966993946,1288.16882733337,943.606464289544,20.9731551386436,0,-15.6423746726157,0,-6.22327338045147,41.4925803026007,9.19868359235344,12.499999999978,-18.7232733804295,Could not find a solution that satisfies all constraints.  Relax the constraints to find a feasible solution.,NaN,NaN,1,0,,
newmap_straight_corridor_direct_db,direct_vinf_alpha_force_balance_v1,newmap_straight_corridor,StraightCorridor_Tilt45_V42p5_A7p5,tilt_45_v_42p5_a_7p5,45,42.5,7.5,vinf_alpha_force_balance_v1,front_rear_free_flap_elevator,guide_V42p5_T45_blend,,NaN,0,0,near_trim_borderline,1.11295546101542,1.81070520474063,q_dot,1.81070520474063,1229.45570241486,683.666794462308,22.4499237715326,0,3.26018272743146,0,-3.65860853390309,42.1364066083869,5.54736316935219,7.5,-11.1586085339031,Could not find a solution that satisfies all constraints.  Relax the constraints to find a feasible solution.,NaN,NaN,1,0,,
newmap_straight_corridor_direct_db,direct_vinf_alpha_force_balance_v1,newmap_straight_corridor,StraightCorridor_Tilt65_V42p5_A5,tilt_65_v_42p5_a_5,65,42.5,5,vinf_alpha_force_balance_v1,front_rear_free_flap_elevator,guide_V42p5_T65_F0_R250,,NaN,0,0,near_trim_borderline,0.872389781095975,1.79130195158413,w_dot,1.79130195158413,1208.41440018716,880.35583360626,11.2714998808587,0,-25,0,10.4275322391173,42.3382746689021,3.70411906677593,5.00000000000027,5.42753223911703,Could not find a solution that satisfies all constraints.  Relax the constraints to find a feasible solution.,NaN,NaN,1,0,,
newmap_straight_corridor_direct_db,direct_vinf_alpha_force_balance_v1,newmap_straight_corridor,StraightCorridor_Tilt45_V42p5_A10,tilt_45_v_42p5_a_10,45,42.5,10,vinf_alpha_force_balance_v1,front_rear_free_flap_elevator,guide_V42p5_T45_Fm75_R0,,NaN,0,0,near_trim_borderline,0.712016969233191,1.35478455785766,q_dot,1.35478455785766,1270.63789746748,758.8950917775,20.728993322958,0,-2.46046214204278,0,-2.71901550594154,41.8543295030188,7.38004755084454,10,-12.7190155059415,Could not find a solution that satisfies all constraints.  Relax the constraints to find a feasible solution.,NaN,NaN,1,0,,
newmap_straight_corridor_direct_db,direct_vinf_alpha_force_balance_v1,newmap_straight_corridor,StraightCorridor_Tilt65_V42p5_A7p5,tilt_65_v_42p5_a_7p5,65,42.5,7.5,vinf_alpha_force_balance_v1,front_rear_free_flap_elevator,guide_V42p5_T65_F0_R250,,NaN,0,0,near_trim_borderline,0.809302506338741,1.49944967063533,q_dot,1.49944967063533,1546.86271115897,891.583414262492,2.33969236750047,0,-25,0,19.1010887227838,42.1364066083776,5.54736316935946,7.50000000001136,11.6010887227725,Could not find a solution that satisfies all constraints.  Relax the constraints to find a feasible solution.,NaN,NaN,1,0,,
newmap_straight_corridor_direct_db,direct_vinf_alpha_force_balance_v1,newmap_straight_corridor,StraightCorridor_Tilt65_V42p5_A10,tilt_65_v_42p5_a_10,65,42.5,10,vinf_alpha_force_balance_v1,front_rear_free_flap_elevator,guide_V42p5_T65_F0_R250,,NaN,0,1,quasi_trim_usable,0.585386127804204,0.972464639998743,q_dot,0.972464639998743,1739.9326822892,858.084933344335,-5.47726155788324,0,-25,0,24.8057286611971,41.8543295029828,7.3800475507476,9.99999999987974,14.8057286613174,Could not find a solution that satisfies all constraints.  Relax the constraints to find a feasible solution.,NaN,NaN,1,0,,
newmap_straight_corridor_direct_db,direct_vinf_alpha_force_balance_v1,newmap_straight_corridor,StraightCorridor_Tilt57p5_V45_A2p5,tilt_57p5_v_45_a_2p5,57.5,45,2.5,vinf_alpha_force_balance_v1,front_rear_free_flap_elevator,guide_V45_T57p5_blend,,NaN,1,1,exact_trim,1.03566411200438e-09,1.61343686136924e-09,q_dot,1.61343686136924e-09,1372.22123069856,681.119623411294,20.8301572988419,0,-5.7497492719483,0,2.51733368391195,44.9571699711836,1.96287243144012,2.5,0.0173336839119469,Operating point specifications were successfully met.,NaN,NaN,1,0,,
newmap_straight_corridor_direct_db,direct_vinf_alpha_force_balance_v1,newmap_straight_corridor,StraightCorridor_Tilt57p5_V45_A5,tilt_57p5_v_45_a_5,57.5,45,5,vinf_alpha_force_balance_v1,front_rear_free_flap_elevator,entry_StraightCorridor_Tilt57p5_V45_A2p5,,NaN,1,1,exact_trim,9.54731683364114e-11,1.43963063692354e-10,q_dot,1.30130310857816e-10,1372.22125739608,681.119620720713,16.1873095092614,0,-10.6807109743095,0,5.27493676219952,44.8287614141285,3.92200842364461,4.99999999999999,0.274936762199524,Operating point specifications were successfully met.,NaN,NaN,1,0,,
newmap_straight_corridor_direct_db,direct_vinf_alpha_force_balance_v1,newmap_straight_corridor,StraightCorridor_Tilt57p5_V45_A7p5,tilt_57p5_v_45_a_7p5,57.5,45,7.5,vinf_alpha_force_balance_v1,prop_fixed_flap_elevator,entry_StraightCorridor_Tilt57p5_V45_A2p5,,NaN,1,1,exact_trim,1.53213942698039e-08,2.74683102929885e-08,w_dot,2.74683102929885e-08,1372.22123069856,681.119623411294,11.5511641601573,0,-15.2901208245384,0,7.80299898511851,44.615018761838,5.87367864990356,7.49999999999881,0.302998985119695,Operating point specifications were successfully met.,NaN,NaN,1,0,,
newmap_straight_corridor_direct_db,direct_vinf_alpha_force_balance_v1,newmap_straight_corridor,StraightCorridor_Tilt57p5_V45_A10,tilt_57p5_v_45_a_10,57.5,45,10,vinf_alpha_force_balance_v1,front_rear_free_flap_elevator,entry_StraightCorridor_Tilt57p5_V45_A5,,NaN,1,1,exact_trim,7.22017568366625e-09,1.57795696509311e-08,w_dot,1.57795696509311e-08,1372.22151805463,681.119623236011,6.91419349588055,0,-19.8899002972301,0,10.1171113081546,44.3163488855644,7.81416799501359,9.99999999999883,0.117111308155765,Operating point specifications were successfully met.,NaN,NaN,1,0,,
newmap_straight_corridor_direct_db,direct_vinf_alpha_force_balance_v1,newmap_straight_corridor,StraightCorridor_Tilt67p5_V45_A2p5,tilt_67p5_v_45_a_2p5,67.5,45,2.5,vinf_alpha_force_balance_v1,front_rear_free_flap_elevator,master_MidbandGuide_Tilt65_V45_A0,,NaN,0,1,quasi_trim_usable,0.444588556937929,0.667710810705938,q_dot,0.667710810705938,1140.80354866836,747.019915420215,20.7806034471866,0,-10.946087265402,0,1.04822539118384,45,5.65902055480962e-12,7.20528875485273e-12,1.04822539117663,Could not find a solution that satisfies all constraints.  Relax the constraints to find a feasible solution.,NaN,NaN,1,0,,
newmap_straight_corridor_direct_db,direct_vinf_alpha_force_balance_v1,newmap_straight_corridor,StraightCorridor_Tilt67p5_V45_A5,tilt_67p5_v_45_a_5,67.5,45,5,vinf_alpha_force_balance_v1,front_rear_free_flap_elevator,guide_V45_T67p5_Fm75_R250,,NaN,1,1,exact_trim,1.81701971133594e-09,3.35424195062586e-09,q_dot,3.35424195062586e-09,1213.45843450421,864.970115452423,8.7227976035978,0,-24.9945963829832,0,10.0867567655975,44.8287614141286,3.92200842364462,5,5.08675676559746,Operating point specifications were successfully met.,NaN,NaN,1,0,,
newmap_straight_corridor_direct_db,direct_vinf_alpha_force_balance_v1,newmap_straight_corridor,StraightCorridor_Tilt47p5_V45_A2p5,tilt_47p5_v_45_a_2p5,47.5,45,2.5,vinf_alpha_force_balance_v1,front_rear_free_flap_elevator,guide_V45_T47p5_Fm75_R250,,NaN,1,1,exact_trim,1.75552648895901e-09,3.53828966126457e-09,w_dot,3.53828966126457e-09,1209.4586422135,886.968580755337,21.809144357341,0,-7.0328631111471,0,-3.16165951254542,44.9571699711836,1.96287243144012,2.5,-5.66165951254542,Operating point specifications were successfully met.,NaN,NaN,1,0,,
newmap_straight_corridor_direct_db,direct_vinf_alpha_force_balance_v1,newmap_straight_corridor,StraightCorridor_Tilt67p5_V45_A7p5,tilt_67p5_v_45_a_7p5,67.5,45,7.5,vinf_alpha_force_balance_v1,prop_fixed_flap_elevator,entry_StraightCorridor_Tilt67p5_V45_A5,,NaN,0,1,quasi_trim_usable,1.81701971133594e-09,3.35424195062586e-09,q_dot,3.35424195062586e-09,1213.45843450421,864.970115452423,8.7227976035978,0,-24.9945963829832,0,10.0867567655975,44.8287614141286,3.92200842364462,5,5.08675676559746,Could not find a solution that satisfies all constraints.  Relax the constraints to find a feasible solution.,NaN,NaN,1,0,,
newmap_straight_corridor_direct_db,direct_vinf_alpha_force_balance_v1,newmap_straight_corridor,StraightCorridor_Tilt47p5_V45_A5,tilt_47p5_v_45_a_5,47.5,45,5,vinf_alpha_force_balance_v1,front_rear_free_flap_elevator,entry_StraightCorridor_Tilt47p5_V45_A2p5,,NaN,1,1,exact_trim,3.17613152319276e-10,5.51935386283731e-10,w_dot,5.51935386283731e-10,1209.45874516734,886.968589051706,16.7338963791838,0,-12.2023953071573,0,-0.14136967916296,44.8287614141285,3.92200842364461,4.99999999999999,-5.14136967916295,Operating point specifications were successfully met.,NaN,NaN,1,0,,
newmap_straight_corridor_direct_db,direct_vinf_alpha_force_balance_v1,newmap_straight_corridor,StraightCorridor_Tilt67p5_V45_A10,tilt_67p5_v_45_a_10,67.5,45,10,vinf_alpha_force_balance_v1,prop_fixed_flap_elevator,entry_StraightCorridor_Tilt67p5_V45_A5,,NaN,0,1,quasi_trim_usable,1.81701971133594e-09,3.35424195062586e-09,q_dot,3.35424195062586e-09,1213.45843450421,864.970115452423,8.7227976035978,0,-24.9945963829832,0,10.0867567655975,44.8287614141286,3.92200842364462,5,5.08675676559746,Could not find a solution that satisfies all constraints.  Relax the constraints to find a feasible solution.,NaN,NaN,1,0,,
newmap_straight_corridor_direct_db,direct_vinf_alpha_force_balance_v1,newmap_straight_corridor,StraightCorridor_Tilt47p5_V45_A7p5,tilt_47p5_v_45_a_7p5,47.5,45,7.5,vinf_alpha_force_balance_v1,front_rear_free_flap_elevator,entry_StraightCorridor_Tilt47p5_V45_A2p5,,NaN,1,1,exact_trim,3.8750750710946e-08,7.97719152956233e-08,w_dot,7.97719152956233e-08,1209.45885922893,886.968510710323,11.7785724149988,0,-17.3242485544001,0,2.55707820620475,44.615018761838,5.87367864990356,7.49999999999881,-4.94292179379406,Operating point specifications were successfully met.,NaN,NaN,1,0,,
newmap_straight_corridor_direct_db,direct_vinf_alpha_force_balance_v1,newmap_straight_corridor,StraightCorridor_Tilt47p5_V45_A10,tilt_47p5_v_45_a_10,47.5,45,10,vinf_alpha_force_balance_v1,rear_fixed_flap_elevator,entry_StraightCorridor_Tilt47p5_V45_A2p5,,NaN,1,1,exact_trim,1.28205509784331e-06,2.66123759473658e-06,w_dot,2.66123759473658e-06,1209.45704103837,886.968580755337,7.08224441543848,0,-22.5956654938301,0,4.88823500158858,44.3163488864501,7.81416799509302,9.99999999990262,-5.11176499831404,Operating point specifications were successfully met.,NaN,NaN,1,0,,
newmap_straight_corridor_direct_db,direct_vinf_alpha_force_balance_v1,newmap_straight_corridor,StraightCorridor_Tilt60_V47p5_A2p5,tilt_60_v_47p5_a_2p5,60,47.5,2.5,vinf_alpha_force_balance_v1,front_rear_free_flap_elevator,rectExtraAlpha_Tilt60_V55_A10,,NaN,0,0,not_usable,1.29472899675139,2.38133907779191,q_dot,2.38133907779191,971.174751637804,573.54678903691,10.0114431282676,0,-13.6489970521586,0,7.430481813478,47.8580665771126,2.12501431875958,2.54240171252304,4.88808010095495,Could not find a solution that satisfies all constraints.  Relax the constraints to find a feasible solution.,NaN,NaN,1,0,,
newmap_straight_corridor_direct_db,direct_vinf_alpha_force_balance_v1,newmap_straight_corridor,StraightCorridor_Tilt60_V47p5_A5,tilt_60_v_47p5_a_5,60,47.5,5,vinf_alpha_force_balance_v1,front_rear_free_flap_elevator,rectExtraAlpha_Tilt60_V55_A10,,NaN,0,0,not_usable,1.25366836398134,2.25168299610831,q_dot,2.25168299610831,971.174755551771,573.546769829006,5.72960871521803,0,-18.6030484602948,0,8.47942782157279,47.4981671407684,4.16610569223279,5.01263469350372,3.46679312806907,Could not find a solution that satisfies all constraints.  Relax the constraints to find a feasible solution.,NaN,NaN,1,0,,
newmap_straight_corridor_direct_db,direct_vinf_alpha_force_balance_v1,newmap_straight_corridor,StraightCorridor_Tilt60_V47p5_A7p5,tilt_60_v_47p5_a_7p5,60,47.5,7.5,vinf_alpha_force_balance_v1,front_rear_free_flap_elevator,guide_V47p5_T60_F75_R0,,NaN,0,1,quasi_trim_usable,0.488746964645311,0.883199106799502,w_dot,0.883199106799502,1075.84645619905,680.297819657905,0.473786818158852,0,-23.4768716681345,0,10.1069600811258,47.093630915256,6.19999413045245,7.5,2.60696008112582,Could not find a solution that satisfies all constraints.  Relax the constraints to find a feasible solution.,NaN,NaN,1,0,,
newmap_straight_corridor_direct_db,direct_vinf_alpha_force_balance_v1,newmap_straight_corridor,StraightCorridor_Tilt60_V47p5_A10,tilt_60_v_47p5_a_10,60,47.5,10,vinf_alpha_force_balance_v1,front_rear_free_flap_elevator,rectExtraAlpha_Tilt60_V55_A10,,NaN,1,1,exact_trim,1.05937677475799e-08,1.70048792824673e-08,w_dot,1.70048792824673e-08,1135.2662246833,411.458270909105,-2.97521367143214,0,-24.916874668008,0,13.1510811229502,46.7783682680799,8.24828843917919,10,3.15108112295019,Operating point specifications were successfully met.,NaN,NaN,1,0,,
newmap_straight_corridor_direct_db,direct_vinf_alpha_force_balance_v1,newmap_straight_corridor,StraightCorridor_Tilt70_V47p5_A2p5,tilt_70_v_47p5_a_2p5,70,47.5,2.5,vinf_alpha_force_balance_v1,front_rear_free_flap_elevator,guide_V47p5_T70_F0_Rm250,,NaN,1,1,exact_trim,2.58778375171444e-07,5.66252232658826e-07,w_dot,5.66252232658826e-07,818.506379209038,450.512873153277,14.055443997337,0,-14.2638675508925,0,1.12447333328239,47.4547905251382,2.07192089985346,2.5,-1.37552666671761,Operating point specifications were successfully met.,NaN,NaN,1,0,,
newmap_straight_corridor_direct_db,direct_vinf_alpha_force_balance_v1,newmap_straight_corridor,StraightCorridor_Tilt70_V47p5_A5,tilt_70_v_47p5_a_5,70,47.5,5,vinf_alpha_force_balance_v1,front_rear_free_flap_elevator,entry_StraightCorridor_Tilt70_V47p5_A2p5,,NaN,1,1,exact_trim,3.55412888825234e-11,6.37557847592917e-11,q_dot,6.37557847592917e-11,818.506363175657,450.512854452666,10.3855881190391,0,-19.3602372666395,0,3.46793849114056,47.3192481593579,4.13989778051376,4.99999999999999,-1.53206150885944,Operating point specifications were successfully met.,NaN,NaN,1,0,,
newmap_straight_corridor_direct_db,direct_vinf_alpha_force_balance_v1,newmap_straight_corridor,StraightCorridor_Tilt70_V47p5_A7p5,tilt_70_v_47p5_a_7p5,70,47.5,7.5,vinf_alpha_force_balance_v1,front_rear_free_flap_elevator,entry_StraightCorridor_Tilt70_V47p5_A2p5,,NaN,0,1,quasi_trim_usable,0.196496504609779,0.336400597964509,q_dot,0.336400597964509,818.506344196459,450.512831266794,6.73181060838108,0,-24.4407670120028,0,5.96539041461776,47.2739813571723,6.21313261254983,7.48736529463183,-1.52197488001407,Could not find a solution that satisfies all constraints.  Relax the constraints to find a feasible solution.,NaN,NaN,1,0,,
newmap_straight_corridor_direct_db,direct_vinf_alpha_force_balance_v1,newmap_straight_corridor,StraightCorridor_Tilt70_V47p5_A10,tilt_70_v_47p5_a_10,70,47.5,10,vinf_alpha_force_balance_v1,prop_fixed_flap_elevator,entry_StraightCorridor_Tilt70_V47p5_A5,,NaN,0,1,quasi_trim_usable,3.55347957851707e-11,6.37410830535276e-11,q_dot,6.37410830535276e-11,818.506363175657,450.512854452666,10.3855881190391,0,-19.3602372666395,0,3.46793849114056,47.3192481593579,4.13989778051376,5,-1.53206150885944,Could not find a solution that satisfies all constraints.  Relax the constraints to find a feasible solution.,NaN,NaN,1,0,,
newmap_straight_corridor_direct_db,direct_vinf_alpha_force_balance_v1,newmap_straight_corridor,StraightCorridor_Tilt50_V47p5_A2p5,tilt_50_v_47p5_a_2p5,50,47.5,2.5,vinf_alpha_force_balance_v1,prop_fixed_flap_elevator,rect_Tilt50_V50_A5,,NaN,1,1,exact_trim,1.47628145723915e-06,2.72888686246953e-06,q_dot,2.72888686246953e-06,761.802932048823,529.169818028641,11.9639891045194,0,-13.3907157598949,0,0.212743840124367,47.4547905251382,2.07192089985346,2.5,-2.28725615987563,Operating point specifications were successfully met.,NaN,NaN,1,0,,
newmap_straight_corridor_direct_db,direct_vinf_alpha_force_balance_v1,newmap_straight_corridor,StraightCorridor_Tilt50_V47p5_A5,tilt_50_v_47p5_a_5,50,47.5,5,vinf_alpha_force_balance_v1,front_rear_free_flap_elevator,entry_StraightCorridor_Tilt50_V47p5_A2p5,,NaN,1,1,exact_trim,2.26179754262385e-11,4.14202182771647e-11,q_dot,4.14202182771647e-11,761.802923624266,529.169797394374,8.0309229215012,0,-18.4755578721668,0,2.5640146630505,47.3192481593579,4.13989778051377,5.00000000000001,-2.43598533694952,Operating point specifications were successfully met.,NaN,NaN,1,0,,
newmap_straight_corridor_direct_db,direct_vinf_alpha_force_balance_v1,newmap_straight_corridor,StraightCorridor_Tilt50_V47p5_A7p5,tilt_50_v_47p5_a_7p5,50,47.5,7.5,vinf_alpha_force_balance_v1,front_rear_free_flap_elevator,entry_StraightCorridor_Tilt50_V47p5_A2p5,,NaN,1,1,exact_trim,4.5279030049733e-09,8.20420787999415e-09,q_dot,8.20420787999415e-09,761.802912975589,529.16980631948,4.09009332038142,0,-23.6756118824981,0,4.72021106552972,47.0936309152749,6.19999413045337,7.49999999999813,-2.77978893446841,Operating point specifications were successfully met.,NaN,NaN,1,0,,
newmap_straight_corridor_direct_db,direct_vinf_alpha_force_balance_v1,newmap_straight_corridor,StraightCorridor_Tilt50_V47p5_A10,tilt_50_v_47p5_a_10,50,47.5,10,vinf_alpha_force_balance_v1,front_rear_free_flap_elevator,rect_Tilt50_V50_A5,,NaN,1,1,exact_trim,1.20273322996521e-08,1.87498976302153e-08,q_dot,1.87498976302153e-08,956.616143353483,358.295859061941,-2.00861766574708,0,-24.8517383039172,0,9.51036283083381,46.7783682680966,8.24828843918115,9.99999999999883,-0.489637169165011,Operating point specifications were successfully met.,NaN,NaN,1,0,,
newmap_straight_corridor_direct_db,direct_vinf_alpha_force_balance_v1,newmap_straight_corridor,StraightCorridor_Tilt55_V50_A2p5,tilt_55_v_50_a_2p5,55,50,2.5,vinf_alpha_force_balance_v1,front_rear_free_flap_elevator,rect_Tilt60_V50_A5,,NaN,0,0,near_trim_borderline,0.542091017093429,1.02265437920213,q_dot,1.02265437920213,600.007221209128,802.761669981469,5.22499701119959,0,-23.9199461335005,0,1.26473727202285,49.8097349045873,4.35778713738291,5,-3.73526272797715,Could not find a solution that satisfies all constraints.  Relax the constraints to find a feasible solution.,NaN,NaN,1,0,,
newmap_straight_corridor_direct_db,direct_vinf_alpha_force_balance_v1,newmap_straight_corridor,StraightCorridor_Tilt55_V50_A5,tilt_55_v_50_a_5,55,50,5,vinf_alpha_force_balance_v1,front_rear_free_flap_elevator,rect_Tilt60_V50_A5,,NaN,1,1,exact_trim,2.48743549990115e-10,5.46350520380656e-10,w_dot,5.46350520380656e-10,600.00721898586,802.761674140414,5.05278700482569,0,-23.331864704534,0,1.19286140099684,49.8097349045873,4.35778713738291,5,-3.80713859900316,Operating point specifications were successfully met.,NaN,NaN,1,0,,
newmap_straight_corridor_direct_db,direct_vinf_alpha_force_balance_v1,newmap_straight_corridor,StraightCorridor_Tilt55_V50_A7p5,tilt_55_v_50_a_7p5,55,50,7.5,vinf_alpha_force_balance_v1,prop_fixed_flap_elevator,entry_StraightCorridor_Tilt55_V50_A5,,NaN,0,1,quasi_trim_usable,2.48743550310764e-10,5.46350520380656e-10,w_dot,5.46350520380656e-10,600.00721898586,802.761674140414,5.05278700482569,0,-23.331864704534,0,1.19286140099684,49.8097349045873,4.35778713738291,5,-3.80713859900316,Could not find a solution that satisfies all constraints.  Relax the constraints to find a feasible solution.,NaN,NaN,1,0,,
newmap_straight_corridor_direct_db,direct_vinf_alpha_force_balance_v1,newmap_straight_corridor,StraightCorridor_Tilt55_V50_A10,tilt_55_v_50_a_10,55,50,10,vinf_alpha_force_balance_v1,front_rear_free_flap_elevator,rectExtraAlpha_Tilt50_V55_A10,,NaN,1,1,exact_trim,2.25492914291635e-08,4.20602937918697e-08,q_dot,4.20602937918697e-08,859.792577072977,123.042749572312,-3.66896454764417,0,-24.8182918632577,0,8.94015784334244,49.2403876506104,8.68240888334652,10,-1.05984215665756,Operating point specifications were successfully met.,NaN,NaN,1,0,,
newmap_straight_corridor_direct_db,direct_vinf_alpha_force_balance_v1,newmap_straight_corridor,StraightCorridor_Tilt67p5_V52p5_A2p5,tilt_67p5_v_52p5_a_2p5,67.5,52.5,2.5,vinf_alpha_force_balance_v1,front_rear_free_flap_elevator,MidbandGuide_Tilt72p5_V55_A0,,NaN,0,0,not_usable,1.6930178239432,3.07431914660407,w_dot,3.07431914660407,756.306167020643,274.356762922087,9.93347879104391,0,-6.40448550037772,0,-0.813545226055917,52.5,-2.17630760353531e-23,-2.3751093448534e-23,-0.813545226055917,Could not find a solution that satisfies all constraints.  Relax the constraints to find a feasible solution.,NaN,NaN,1,0,,
newmap_straight_corridor_direct_db,direct_vinf_alpha_force_balance_v1,newmap_straight_corridor,StraightCorridor_Tilt67p5_V52p5_A5,tilt_67p5_v_52p5_a_5,67.5,52.5,5,vinf_alpha_force_balance_v1,front_rear_free_flap_elevator,guide_V52p5_T67p5_F0_R0,,NaN,0,0,not_usable,1.20822823785426,2.01510739310145,q_dot,2.01510739310145,704.190477264452,941.418515291021,1.51918538629869,0,-24.6718535065761,0,2.26102132471651,52.3002216498166,4.57567649425205,5,-2.73897867528349,Could not find a solution that satisfies all constraints.  Relax the constraints to find a feasible solution.,NaN,NaN,1,0,,
newmap_straight_corridor_direct_db,direct_vinf_alpha_force_balance_v1,newmap_straight_corridor,StraightCorridor_Tilt67p5_V52p5_A7p5,tilt_67p5_v_52p5_a_7p5,67.5,52.5,7.5,vinf_alpha_force_balance_v1,front_rear_free_flap_elevator,guide_V52p5_T67p5_Fm75_Rm250,,NaN,1,1,exact_trim,9.07931776816279e-09,1.64812810891817e-08,q_dot,1.64812810891817e-08,924.572681119199,412.775606611099,-1.63838690776352,0,-21.1694463717981,0,8.42008320114268,52.050855222125,6.85262509155271,7.5,0.920083201142682,Operating point specifications were successfully met.,NaN,NaN,1,0,,
newmap_straight_corridor_direct_db,direct_vinf_alpha_force_balance_v1,newmap_straight_corridor,StraightCorridor_Tilt67p5_V52p5_A10,tilt_67p5_v_52p5_a_10,67.5,52.5,10,vinf_alpha_force_balance_v1,front_rear_free_flap_elevator,entry_StraightCorridor_Tilt67p5_V52p5_A7p5,,NaN,1,1,exact_trim,2.71194206247371e-07,5.02253859459652e-07,q_dot,5.02253859459652e-07,1023.95177403335,306.550138138044,-6.30823495970188,0,-24.8719119001123,0,11.9463039644761,51.702407033141,9.11652932751386,10,1.94630396447608,Operating point specifications were successfully met.,NaN,NaN,1,0,,
newmap_straight_corridor_direct_db,direct_vinf_alpha_force_balance_v1,newmap_straight_corridor,StraightCorridor_Tilt57p5_V52p5_A2p5,tilt_57p5_v_52p5_a_2p5,57.5,52.5,2.5,vinf_alpha_force_balance_v1,front_rear_free_flap_elevator,rectExtraAlpha_Tilt60_V55_A10,,NaN,0,0,not_usable,1.45730646921155,2.79657373375235,w_dot,2.79657373375235,971.174739600097,573.546740527601,-8.8597010663592,0,-24.8679636661653,0,10.1278722339119,51.7024070331409,9.11652932751384,10,0.127872233911901,Could not find a solution that satisfies all constraints.  Relax the constraints to find a feasible solution.,NaN,NaN,1,0,,
newmap_straight_corridor_direct_db,direct_vinf_alpha_force_balance_v1,newmap_straight_corridor,StraightCorridor_Tilt77p5_V52p5_A2p5,tilt_77p5_v_52p5_a_2p5,77.5,52.5,2.5,vinf_alpha_force_balance_v1,front_rear_free_flap_elevator,guide_V52p5_T77p5_Fm75_Rm250,,NaN,1,1,exact_trim,1.745914050067e-09,3.69281139001032e-09,w_dot,3.69281139001032e-09,1500.71197124479,149.983976347595,5.45703112243929,0,-9.86231186360217,0,16.8795399524897,52.4500316330475,2.29001783668014,2.5,14.3795399524897,Operating point specifications were successfully met.,NaN,NaN,1,0,,
newmap_straight_corridor_direct_db,direct_vinf_alpha_force_balance_v1,newmap_straight_corridor,StraightCorridor_Tilt57p5_V52p5_A5,tilt_57p5_v_52p5_a_5,57.5,52.5,5,vinf_alpha_force_balance_v1,front_rear_free_flap_elevator,guide_V52p5_T57p5_Fm75_R250,,NaN,0,0,near_trim_borderline,1.04495131613709,1.87311910562556,q_dot,1.87311910562556,812.206107121579,1039.49530999308,1.36237396656231,0,-23.928786624515,0,3.92891405992634,52.3002216498166,4.57567649425205,5,-1.07108594007366,Could not find a solution that satisfies all constraints.  Relax the constraints to find a feasible solution.,NaN,NaN,1,0,,
newmap_straight_corridor_direct_db,direct_vinf_alpha_force_balance_v1,newmap_straight_corridor,StraightCorridor_Tilt77p5_V52p5_A5,tilt_77p5_v_52p5_a_5,77.5,52.5,5,vinf_alpha_force_balance_v1,front_rear_free_flap_elevator,MidbandGuide_Tilt77p5_V55_A5,,NaN,1,1,exact_trim,1.75594710725802e-09,3.85774967526231e-09,w_dot,3.85774967526231e-09,981.014984027629,211.690106462502,3.54174392081442,0,-16.5364919103572,0,7.53707730242229,52.3002216498166,4.57567649425205,5,2.53707730242229,Operating point specifications were successfully met.,NaN,NaN,1,0,,
newmap_straight_corridor_direct_db,direct_vinf_alpha_force_balance_v1,newmap_straight_corridor,StraightCorridor_Tilt57p5_V52p5_A7p5,tilt_57p5_v_52p5_a_7p5,57.5,52.5,7.5,vinf_alpha_force_balance_v1,front_rear_free_flap_elevator,guide_V52p5_T57p5_Fm75_R250,,NaN,1,1,exact_trim,1.37031891286238e-13,2.91322521661641e-13,w_dot,2.91322521661641e-13,894.208823125624,858.86244247349,-3.15401663542494,0,-24.9389561955795,0,6.77614246740612,52.050855222125,6.85262509155271,7.5,-0.723857532593883,Operating point specifications were successfully met.,NaN,NaN,1,0,,
newmap_straight_corridor_direct_db,direct_vinf_alpha_force_balance_v1,newmap_straight_corridor,StraightCorridor_Tilt77p5_V52p5_A7p5,tilt_77p5_v_52p5_a_7p5,77.5,52.5,7.5,vinf_alpha_force_balance_v1,front_rear_free_flap_elevator,MidbandGuide_Tilt77p5_V55_A7p5,,NaN,1,1,exact_trim,1.24770808414497e-11,2.74198441729823e-11,w_dot,2.74198441729823e-11,640.0437046492,336.066090462046,0.0434253598256301,0,-23.1021737552003,0,4.85355655637549,52.050855222125,6.85262509155271,7.5,-2.64644344362451,Operating point specifications were successfully met.,NaN,NaN,1,0,,
newmap_straight_corridor_direct_db,direct_vinf_alpha_force_balance_v1,newmap_straight_corridor,StraightCorridor_Tilt57p5_V52p5_A10,tilt_57p5_v_52p5_a_10,57.5,52.5,10,vinf_alpha_force_balance_v1,front_rear_free_flap_elevator,rectExtraAlpha_Tilt60_V50_A10,,NaN,1,1,exact_trim,4.34149757705076e-12,9.53548351390054e-12,w_dot,9.53548351390054e-12,910.259616791797,105.238525940426,-6.31546346923587,0,-23.5051994244771,0,9.75565758181273,51.7024070331409,9.11652932751384,10,-0.244342418187275,Operating point specifications were successfully met.,NaN,NaN,1,0,,
newmap_straight_corridor_direct_db,direct_vinf_alpha_force_balance_v1,newmap_straight_corridor,StraightCorridor_Tilt77p5_V52p5_A10,tilt_77p5_v_52p5_a_10,77.5,52.5,10,vinf_alpha_force_balance_v1,front_rear_free_flap_elevator,entry_StraightCorridor_Tilt77p5_V52p5_A5,,NaN,1,1,exact_trim,9.07232981331431e-08,1.56586011712534e-07,w_dot,1.56586011712534e-07,1413.70748002998,100,-7.32593513317365,0,-24.3467516060945,0,20.7408252690711,51.7024070331585,9.11652932751586,9.99999999999883,10.7408252690723,Operating point specifications were successfully met.,NaN,NaN,1,0,,
newmap_straight_corridor_direct_db,direct_vinf_alpha_force_balance_v1,newmap_straight_corridor,StraightCorridor_Tilt75_V57p5_A2p5,tilt_75_v_57p5_a_2p5,75,57.5,2.5,vinf_alpha_force_balance_v1,front_rear_free_flap_elevator,MidbandGuide_Tilt75_V60_A7p5,,NaN,0,0,not_usable,1.32775481281629,2.9188533697114,w_dot,2.9188533697114,1081.83557958459,389.255171176007,-6.88316672969839,0,-18.8993088629663,0,11.2402484899209,57.0080795289941,7.50525605265297,7.5,3.7402484899209,Could not find a solution that satisfies all constraints.  Relax the constraints to find a feasible solution.,NaN,NaN,1,0,,
newmap_straight_corridor_direct_db,direct_vinf_alpha_force_balance_v1,newmap_straight_corridor,StraightCorridor_Tilt75_V57p5_A5,tilt_75_v_57p5_a_5,75,57.5,5,vinf_alpha_force_balance_v1,front_rear_free_flap_elevator,MidbandGuide_Tilt75_V60_A7p5,,NaN,1,1,exact_trim,1.36155928173198e-09,2.39878728158233e-09,q_dot,2.39878728158233e-09,1081.83559119687,389.255178743746,-1.06216699158286,0,-14.8570154545396,0,9.48850294107948,57.2811951402754,5.01145520799036,5.00000000000001,4.48850294107947,Operating point specifications were successfully met.,NaN,NaN,1,0,,
newmap_straight_corridor_direct_db,direct_vinf_alpha_force_balance_v1,newmap_straight_corridor,StraightCorridor_Tilt75_V57p5_A7p5,tilt_75_v_57p5_a_7p5,75,57.5,7.5,vinf_alpha_force_balance_v1,front_rear_free_flap_elevator,MidbandGuide_Tilt75_V60_A7p5,,NaN,1,1,exact_trim,2.3679968567236e-12,4.91695573145989e-12,w_dot,4.91695573145989e-12,1081.83558120208,389.255170470688,-5.34418592918225,0,-19.636689419008,0,11.3894431107161,57.0080795289941,7.50525605265297,7.5,3.88944311071613,Operating point specifications were successfully met.,NaN,NaN,1,0,,
newmap_straight_corridor_direct_db,direct_vinf_alpha_force_balance_v1,newmap_straight_corridor,StraightCorridor_Tilt75_V57p5_A10,tilt_75_v_57p5_a_10,75,57.5,10,vinf_alpha_force_balance_v1,front_rear_free_flap_elevator,MidbandGuide_Tilt75_V60_A7p5,,NaN,1,1,exact_trim,7.07847981809435e-11,1.2689042245005e-10,q_dot,1.2689042245005e-10,1081.83557358392,389.255161928125,-9.62169203251837,0,-24.5135570448277,0,12.9708217594131,56.626445798202,9.98477021584849,9.99999999999999,2.97082175941308,Operating point specifications were successfully met.,NaN,NaN,1,0,,
newmap_straight_corridor_direct_db,direct_vinf_alpha_force_balance_v1,newmap_straight_corridor,StraightCorridor_Tilt65_V57p5_A2p5,tilt_65_v_57p5_a_2p5,65,57.5,2.5,vinf_alpha_force_balance_v1,front_rear_free_flap_elevator,guide_V57p5_T65_Fm75_Rm250,,NaN,1,1,exact_trim,4.32832899425714e-07,6.87501682250513e-07,w_dot,6.87501682250513e-07,648.953641801949,1069.65293779368,2.58351458799183,0,-17.3277147450142,0,0.332216412042383,57.4452727409568,2.50811477350682,2.5,-2.16778358795762,Operating point specifications were successfully met.,NaN,NaN,1,0,,
newmap_straight_corridor_direct_db,direct_vinf_alpha_force_balance_v1,newmap_straight_corridor,StraightCorridor_Tilt65_V57p5_A5,tilt_65_v_57p5_a_5,65,57.5,5,vinf_alpha_force_balance_v1,front_rear_free_flap_elevator,entry_StraightCorridor_Tilt65_V57p5_A2p5,,NaN,1,1,exact_trim,8.0515728829782e-11,1.50119117557346e-10,q_dot,1.50119117557346e-10,648.953667267944,1069.65283841025,-1.63768685119285,0,-22.648494401773,0,2.00618862724305,57.2811951402753,5.01145520799035,5.00000000000001,-2.99381137275696,Operating point specifications were successfully met.,NaN,NaN,1,0,,
newmap_straight_corridor_direct_db,direct_vinf_alpha_force_balance_v1,newmap_straight_corridor,StraightCorridor_Tilt65_V57p5_A7p5,tilt_65_v_57p5_a_7p5,65,57.5,7.5,vinf_alpha_force_balance_v1,front_rear_free_flap_elevator,entry_StraightCorridor_Tilt65_V57p5_A5,,NaN,1,1,exact_trim,8.005890251391e-08,1.50930890618244e-07,q_dot,1.50930890618244e-07,691.721173560701,907.334843685705,-5.54241990460268,0,-25,0,4.38841524591924,57.0080795289941,7.50525605265297,7.5,-3.11158475408076,Operating point specifications were successfully met.,NaN,NaN,1,0,,
newmap_straight_corridor_direct_db,direct_vinf_alpha_force_balance_v1,newmap_straight_corridor,StraightCorridor_Tilt65_V57p5_A10,tilt_65_v_57p5_a_10,65,57.5,10,vinf_alpha_force_balance_v1,front_rear_free_flap_elevator,rectExtraAlpha_Tilt60_V50_A10,,NaN,1,1,exact_trim,4.0292045248041e-10,7.17689494860209e-10,q_dot,7.17689494860209e-10,910.265438800654,105.448786085607,-9.5145690524549,0,-22.8987376709975,0,9.91973165094682,56.626445798202,9.9847702158485,10,-0.0802683490531795,Operating point specifications were successfully met.,NaN,NaN,1,0,,
newmap_straight_corridor_direct_db,direct_vinf_alpha_force_balance_v1,newmap_straight_corridor,StraightCorridor_Tilt85_V57p5_A2p5,tilt_85_v_57p5_a_2p5,85,57.5,2.5,vinf_alpha_force_balance_v1,front_rear_free_flap_elevator,BridgeFrontier_Tilt85_V60_A2p5,,NaN,1,1,exact_trim,9.89588030471125e-07,2.17536572932886e-06,w_dot,2.17536572932886e-06,816.300120326353,322.856470347699,4.52603518549622,0,-11.4074405483683,0,2.87061133787408,57.4452727409568,2.50811477350682,2.5,0.370611337874081,Operating point specifications were successfully met.,NaN,NaN,1,0,,
newmap_straight_corridor_direct_db,direct_vinf_alpha_force_balance_v1,newmap_straight_corridor,StraightCorridor_Tilt85_V57p5_A5,tilt_85_v_57p5_a_5,85,57.5,5,vinf_alpha_force_balance_v1,front_rear_free_flap_elevator,BridgeFrontier_Tilt85_V55_A5,,NaN,1,1,exact_trim,2.28997686712514e-06,3.58104507815743e-06,q_dot,3.58104507815743e-06,1210.77618028644,263.590270486713,-0.222533458444389,0,-15.9446673273541,0,12.3136808374775,57.2811951402754,5.01145520799034,5,7.31368083747752,Operating point specifications were successfully met.,NaN,NaN,1,0,,
newmap_straight_corridor_direct_db,direct_vinf_alpha_force_balance_v1,newmap_straight_corridor,StraightCorridor_Tilt85_V57p5_A7p5,tilt_85_v_57p5_a_7p5,85,57.5,7.5,vinf_alpha_force_balance_v1,front_rear_free_flap_elevator,BridgeFrontier_Tilt85_V55_A7p5,,NaN,1,1,exact_trim,4.79338913203443e-13,1.05160324892495e-12,w_dot,1.05160324892495e-12,1000.68138082485,355.126070402143,-4.23478260729368,0,-21.3022449282281,0,10.180700786759,57.0080795289941,7.50525605265297,7.5,2.68070078675903,Operating point specifications were successfully met.,NaN,NaN,1,0,,
newmap_straight_corridor_direct_db,direct_vinf_alpha_force_balance_v1,newmap_straight_corridor,StraightCorridor_Tilt85_V57p5_A10,tilt_85_v_57p5_a_10,85,57.5,10,vinf_alpha_force_balance_v1,rear_fixed_flap_elevator,entry_StraightCorridor_Tilt85_V57p5_A7p5,,NaN,0,1,quasi_trim_usable,4.73236991941705e-13,1.03739239420975e-12,w_dot,1.03739239420975e-12,1000.68138082485,355.126070402143,-4.23478260729368,0,-21.3022449282281,0,10.180700786759,57.0080795289941,7.50525605265297,7.5,2.68070078675903,Could not find a solution that satisfies all constraints.  Relax the constraints to find a feasible solution.,NaN,NaN,1,0,,
newmap_straight_corridor_direct_db,direct_vinf_alpha_force_balance_v1,newmap_straight_corridor,StraightCorridor_Tilt77p5_V60_A2p5,tilt_77p5_v_60_a_2p5,77.5,60,2.5,vinf_alpha_force_balance_v1,front_rear_free_flap_elevator,BridgeFrontier_Tilt80_V60_A2p5,,NaN,1,1,exact_trim,4.15497348164664e-11,9.13331632546033e-11,w_dot,9.13331632546033e-11,818.747376330852,228.042394588202,2.5159660341374,0,-9.97620607389469,0,3.01836810716716,59.9428932949115,2.61716324192016,2.5,0.518368107167164,Operating point specifications were successfully met.,NaN,NaN,1,0,,
newmap_straight_corridor_direct_db,direct_vinf_alpha_force_balance_v1,newmap_straight_corridor,StraightCorridor_Tilt77p5_V60_A5,tilt_77p5_v_60_a_5,77.5,60,5,vinf_alpha_force_balance_v1,front_rear_free_flap_elevator,MidbandGuide_Tilt80_V60_A5,,NaN,1,1,exact_trim,8.06860981396421e-12,1.77351466845721e-11,w_dot,1.77351466845721e-11,633.1863870259,289.833226996256,-1.49036317520442,0,-14.9472877513728,0,2.9492814204638,59.7716818855047,5.22934456485949,5,-2.0507185795362,Operating point specifications were successfully met.,NaN,NaN,1,0,,
newmap_straight_corridor_direct_db,direct_vinf_alpha_force_balance_v1,newmap_straight_corridor,StraightCorridor_Tilt77p5_V60_A7p5,tilt_77p5_v_60_a_7p5,77.5,60,7.5,vinf_alpha_force_balance_v1,front_rear_free_flap_elevator,MidbandGuide_Tilt75_V60_A7p5,,NaN,1,1,exact_trim,4.52120691534506e-10,9.92400828181417e-10,w_dot,9.92400828181417e-10,1081.83557944824,389.255170659699,-6.6782926868406,0,-19.3091731101333,0,11.3545027432353,59.4866916824286,7.8315715332031,7.5,3.85450274323525,Operating point specifications were successfully met.,NaN,NaN,1,0,,
newmap_straight_corridor_direct_db,direct_vinf_alpha_force_balance_v1,newmap_straight_corridor,StraightCorridor_Tilt77p5_V60_A10,tilt_77p5_v_60_a_10,77.5,60,10,vinf_alpha_force_balance_v1,front_rear_free_flap_elevator,entry_StraightCorridor_Tilt77p5_V60_A5,,NaN,1,1,exact_trim,4.69271015365466e-09,8.47372644148643e-09,q_dot,8.47372644148643e-09,633.186375540099,289.833218014944,-9.90874262092422,0,-24.6650125152952,0,6.54297773156193,59.0884651807547,10.4188906600191,9.99999999999935,-3.45702226843742,Operating point specifications were successfully met.,NaN,NaN,1,0,,
newmap_straight_corridor_direct_db,direct_vinf_alpha_force_balance_v1,newmap_straight_corridor,StraightCorridor_Tilt67p5_V60_A2p5,tilt_67p5_v_60_a_2p5,67.5,60,2.5,vinf_alpha_force_balance_v1,front_rear_free_flap_elevator,guide_V60_T67p5_F0_R0,,NaN,1,1,exact_trim,4.50225545543889e-07,8.27569878346991e-07,q_dot,8.27569878346991e-07,1150.69030256266,778.159054074043,0.315687064971202,0,-10.7076482310231,0,8.19066444791884,59.9428932949115,2.61716324192016,2.5,5.69066444791884,Operating point specifications were successfully met.,NaN,NaN,1,0,,
newmap_straight_corridor_direct_db,direct_vinf_alpha_force_balance_v1,newmap_straight_corridor,StraightCorridor_Tilt67p5_V60_A5,tilt_67p5_v_60_a_5,67.5,60,5,vinf_alpha_force_balance_v1,front_rear_free_flap_elevator,entry_StraightCorridor_Tilt67p5_V60_A2p5,,NaN,1,1,exact_trim,1.77921032641296e-11,3.24521777610565e-11,q_dot,3.24521777610565e-11,1150.69029418812,778.159040296022,-3.97749051707631,0,-15.3394995680925,0,9.9785835971524,59.7716818855047,5.22934456485948,4.99999999999999,4.9785835971524,Operating point specifications were successfully met.,NaN,NaN,1,0,,
newmap_straight_corridor_direct_db,direct_vinf_alpha_force_balance_v1,newmap_straight_corridor,StraightCorridor_Tilt87p5_V60_A2p5,tilt_87p5_v_60_a_2p5,87.5,60,2.5,vinf_alpha_force_balance_v1,front_rear_free_flap_elevator,BridgeFrontier_Tilt90_V60_A2p5,,NaN,1,1,exact_trim,4.32465944923077e-10,9.50258538523485e-10,w_dot,9.50258538523485e-10,1034.49911932391,271.944983424748,2.90224961228649,0,-10.8983812316184,0,6.53259764317549,59.9428932949115,2.61716324192016,2.5,4.03259764317549,Operating point specifications were successfully met.,NaN,NaN,1,0,,
newmap_straight_corridor_direct_db,direct_vinf_alpha_force_balance_v1,newmap_straight_corridor,StraightCorridor_Tilt67p5_V60_A7p5,tilt_67p5_v_60_a_7p5,67.5,60,7.5,vinf_alpha_force_balance_v1,front_rear_free_flap_elevator,entry_StraightCorridor_Tilt67p5_V60_A2p5,,NaN,1,1,exact_trim,2.82802954015083e-09,5.0329672495803e-09,q_dot,5.0329672495803e-09,1150.69030461001,778.159027626573,-8.26733585295983,0,-20.1041993608852,0,11.424605925452,59.4866916824467,7.83157153320422,7.49999999999881,3.92460592545322,Operating point specifications were successfully met.,NaN,NaN,1,0,,
newmap_straight_corridor_direct_db,direct_vinf_alpha_force_balance_v1,newmap_straight_corridor,StraightCorridor_Tilt87p5_V60_A5,tilt_87p5_v_60_a_5,87.5,60,5,vinf_alpha_force_balance_v1,front_rear_free_flap_elevator,MidbandGuide_Tilt90_V60_A5,,NaN,1,1,exact_trim,5.15100247268539e-10,1.13131193302252e-09,w_dot,1.13131193302252e-09,1043.78943147413,484.080296173665,-1.56686407810532,0,-16.6101258190176,0,8.89358686726884,59.7716818855047,5.22934456485949,5,3.89358686726884,Operating point specifications were successfully met.,NaN,NaN,1,0,,
newmap_straight_corridor_direct_db,direct_vinf_alpha_force_balance_v1,newmap_straight_corridor,StraightCorridor_Tilt67p5_V60_A10,tilt_67p5_v_60_a_10,67.5,60,10,vinf_alpha_force_balance_v1,front_rear_free_flap_elevator,rectExtraAlpha_Tilt70_V55_A10,,NaN,1,1,exact_trim,7.78477324038121e-11,1.2632073135169e-10,q_dot,1.2632073135169e-10,1308.93281981408,206.531748822668,-12.7917578248957,0,-20.5064262348256,0,16.4780761765794,59.0884651807325,10.4188906600158,10,6.4780761765794,Operating point specifications were successfully met.,NaN,NaN,1,0,,
newmap_straight_corridor_direct_db,direct_vinf_alpha_force_balance_v1,newmap_straight_corridor,StraightCorridor_Tilt87p5_V60_A7p5,tilt_87p5_v_60_a_7p5,87.5,60,7.5,vinf_alpha_force_balance_v1,front_rear_free_flap_elevator,BridgeFrontier_Tilt90_V60_A7p5,,NaN,1,1,exact_trim,1.6217320955371e-10,3.56223495145969e-10,w_dot,3.56223495145969e-10,899.4138901135,434.772326031312,-5.64846218977438,0,-21.1188341517603,0,8.37260633663918,59.4866916824286,7.8315715332031,7.5,0.872606336639183,Operating point specifications were successfully met.,NaN,NaN,1,0,,
newmap_straight_corridor_direct_db,direct_vinf_alpha_force_balance_v1,newmap_straight_corridor,StraightCorridor_Tilt87p5_V60_A10,tilt_87p5_v_60_a_10,87.5,60,10,vinf_alpha_force_balance_v1,front_rear_free_flap_elevator,entry_StraightCorridor_Tilt87p5_V60_A2p5,,NaN,1,1,exact_trim,2.47256590532153e-09,4.66775115041467e-09,q_dot,4.66775115041467e-09,1011.97910548885,141.056443973019,-9.82500989080764,0,-25,0,12.0987330828106,59.0884651807325,10.4188906600158,10,2.09873308281057,Operating point specifications were successfully met.,NaN,NaN,1,0,,
newmap_straight_corridor_direct_db,direct_vinf_alpha_force_balance_v1,newmap_straight_corridor,StraightCorridor_Tilt80_V62p5_A2p5,tilt_80_v_62p5_a_2p5,80,62.5,2.5,vinf_alpha_force_balance_v1,front_rear_free_flap_elevator,BridgeFrontier_Tilt80_V60_A2p5,,NaN,1,1,exact_trim,6.01430811255475e-07,1.3220866819097e-06,w_dot,1.3220866819097e-06,818.74737591467,228.042394560437,1.26293844802104,0,-9.70115561228267,0,3.01748973759099,62.4405138488661,2.7262117103335,2.5,0.517489737590992,Operating point specifications were successfully met.,NaN,NaN,1,0,,
newmap_straight_corridor_direct_db,direct_vinf_alpha_force_balance_v1,newmap_straight_corridor,StraightCorridor_Tilt80_V62p5_A5,tilt_80_v_62p5_a_5,80,62.5,5,vinf_alpha_force_balance_v1,front_rear_free_flap_elevator,MidbandGuide_Tilt80_V60_A5,,NaN,1,1,exact_trim,5.63232547092588e-12,1.08144604382687e-11,w_dot,1.08144604382687e-11,633.186386820654,289.833227178269,-2.83116262314114,0,-14.4450970520978,0,2.88075791124741,62.2621686307341,5.44723392172864,5,-2.11924208875259,Operating point specifications were successfully met.,NaN,NaN,1,0,,
newmap_straight_corridor_direct_db,direct_vinf_alpha_force_balance_v1,newmap_straight_corridor,StraightCorridor_Tilt80_V62p5_A7p5,tilt_80_v_62p5_a_7p5,80,62.5,7.5,vinf_alpha_force_balance_v1,front_rear_free_flap_elevator,BridgeFrontier_Tilt80_V60_A7p5,,NaN,1,1,exact_trim,1.39632810963909e-11,2.94093638331105e-11,w_dot,2.94093638331105e-11,1020.80612603069,407.311829002996,-7.68521529147712,0,-19.1757597550091,0,10.0963009069226,61.9653038358632,8.15788701375322,7.5,2.59630090692262,Operating point specifications were successfully met.,NaN,NaN,1,0,,
newmap_straight_corridor_direct_db,direct_vinf_alpha_force_balance_v1,newmap_straight_corridor,StraightCorridor_Tilt80_V62p5_A10,tilt_80_v_62p5_a_10,80,62.5,10,vinf_alpha_force_balance_v1,front_rear_free_flap_elevator,entry_StraightCorridor_Tilt80_V62p5_A5,,NaN,1,1,exact_trim,4.10602280499555e-09,7.35480258719513e-09,q_dot,7.35480258719513e-09,633.186376443079,289.833217307188,-11.3099424351433,0,-24.0206540463336,0,6.28623398734181,61.5504845632824,10.8530111041853,9.99999999999884,-3.71376601265703,Operating point specifications were successfully met.,NaN,NaN,1,0,,
newmap_straight_corridor_direct_db,direct_vinf_alpha_force_balance_v1,newmap_straight_corridor,StraightCorridor_Tilt90_V62p5_A2p5,tilt_90_v_62p5_a_2p5,90,62.5,2.5,vinf_alpha_force_balance_v1,front_rear_free_flap_elevator,guide_V62p5_T90_F0_Rm250,,NaN,1,1,exact_trim,3.04429908810356e-07,5.43638400372354e-07,q_dot,5.43638400372354e-07,600.357888759683,360.918468799713,1.61036069792572,0,-10.4362388482977,0,0.306961997742466,62.4405138488661,2.7262117103335,2.5,-2.19303800225753,Operating point specifications were successfully met.,NaN,NaN,1,0,,
newmap_straight_corridor_direct_db,direct_vinf_alpha_force_balance_v1,newmap_straight_corridor,StraightCorridor_Tilt90_V62p5_A5,tilt_90_v_62p5_a_5,90,62.5,5,vinf_alpha_force_balance_v1,rear_fixed_flap_elevator,entry_StraightCorridor_Tilt90_V62p5_A2p5,,NaN,1,1,exact_trim,1.46961055628779e-10,2.68465092388616e-10,q_dot,2.68465092388616e-10,600.357881516508,360.918468799713,-2.60872882549562,0,-15.1208887565999,0,2.53352624491872,62.2621686307342,5.44723392172865,5.00000000000001,-2.46647375508129,Operating point specifications were successfully met.,NaN,NaN,1,0,,
newmap_straight_corridor_direct_db,direct_vinf_alpha_force_balance_v1,newmap_straight_corridor,StraightCorridor_Tilt70_V62p5_A2p5,tilt_70_v_62p5_a_2p5,70,62.5,2.5,vinf_alpha_force_balance_v1,front_rear_free_flap_elevator,MidbandGuide_Tilt77p5_V65_A2p5,,NaN,1,1,exact_trim,1.34581398557055e-07,2.95855997478611e-07,w_dot,2.95855997478611e-07,778.554446177032,405.24452687714,0.78776251275452,0,-9.64659434015831,0,2.28070190234472,62.4405138488661,2.7262117103335,2.5,-0.219298097655283,Operating point specifications were successfully met.,NaN,NaN,1,0,,
newmap_straight_corridor_direct_db,direct_vinf_alpha_force_balance_v1,newmap_straight_corridor,StraightCorridor_Tilt90_V62p5_A7p5,tilt_90_v_62p5_a_7p5,90,62.5,7.5,vinf_alpha_force_balance_v1,front_rear_free_flap_elevator,BridgeFrontier_Tilt90_V65_A7p5,,NaN,1,1,exact_trim,4.18396252139513e-07,9.18561980256527e-07,w_dot,9.18561980256527e-07,1023.48289248694,261.238038061198,-6.89034162338899,0,-19.9860707429419,0,10.4406084249572,61.9653038358631,8.15788701375322,7.5,2.94060842495718,Operating point specifications were successfully met.,NaN,NaN,1,0,,
newmap_straight_corridor_direct_db,direct_vinf_alpha_force_balance_v1,newmap_straight_corridor,StraightCorridor_Tilt70_V62p5_A5,tilt_70_v_62p5_a_5,70,62.5,5,vinf_alpha_force_balance_v1,front_rear_free_flap_elevator,entry_StraightCorridor_Tilt70_V62p5_A2p5,,NaN,1,1,exact_trim,3.25297365651433e-11,6.01446782809817e-11,q_dot,6.01446782809817e-11,778.554438433076,405.244521274565,-3.44726257232173,0,-14.0518316235786,0,4.37649318418076,62.2621686307342,5.44723392172863,4.99999999999999,-0.623506815819232,Operating point specifications were successfully met.,NaN,NaN,1,0,,
newmap_straight_corridor_direct_db,direct_vinf_alpha_force_balance_v1,newmap_straight_corridor,StraightCorridor_Tilt90_V62p5_A10,tilt_90_v_62p5_a_10,90,62.5,10,vinf_alpha_force_balance_v1,front_rear_free_flap_elevator,entry_StraightCorridor_Tilt90_V62p5_A2p5,,NaN,1,1,exact_trim,2.87363048439257e-14,5.14559701743916e-14,q_dot,5.14559701743916e-14,600.000000000384,358.945487274901,-11.0797885170956,0,-24.8020308732414,0,5.94501602609002,61.550484563263,10.8530111041831,10,-4.05498397390998,Operating point specifications were successfully met.,NaN,NaN,1,0,,
newmap_straight_corridor_direct_db,direct_vinf_alpha_force_balance_v1,newmap_straight_corridor,StraightCorridor_Tilt70_V62p5_A7p5,tilt_70_v_62p5_a_7p5,70,62.5,7.5,vinf_alpha_force_balance_v1,front_rear_free_flap_elevator,entry_StraightCorridor_Tilt70_V62p5_A2p5,,NaN,1,1,exact_trim,5.32269124500808e-09,9.68033080952659e-09,q_dot,9.68033080952659e-09,778.554440857206,405.244515692707,-7.69739518519142,0,-18.7047701053964,0,6.14007878884479,61.9653038358866,8.15788701375426,7.49999999999813,-1.35992121115334,Operating point specifications were successfully met.,NaN,NaN,1,0,,
newmap_straight_corridor_direct_db,direct_vinf_alpha_force_balance_v1,newmap_straight_corridor,StraightCorridor_Tilt70_V62p5_A10,tilt_70_v_62p5_a_10,70,62.5,10,vinf_alpha_force_balance_v1,front_rear_free_flap_elevator,entry_StraightCorridor_Tilt70_V62p5_A5,,NaN,1,1,exact_trim,3.43653908672151e-09,6.15336403101784e-09,q_dot,6.15336403101784e-09,778.554430288576,405.244507658913,-11.9562999307,0,-23.5254945321967,0,7.54479651045448,61.5504845632847,10.8530111041857,9.99999999999885,-2.45520348954438,Operating point specifications were successfully met.,NaN,NaN,1,0,,
newmap_straight_corridor_direct_db,direct_vinf_alpha_force_balance_v1,newmap_straight_corridor,StraightCorridor_Tilt72p5_V65_A2p5,tilt_72p5_v_65_a_2p5,72.5,65,2.5,vinf_alpha_force_balance_v1,front_rear_free_flap_elevator,MidbandGuide_Tilt77p5_V65_A2p5,,NaN,1,1,exact_trim,3.52592241399982e-10,7.75088437876548e-10,w_dot,7.75088437876548e-10,778.55444549642,405.244526830247,-0.354997957874599,0,-9.37612519900465,0,2.24586924901949,64.9381344028208,2.83526017874684,2.5,-0.254130750980514,Operating point specifications were successfully met.,NaN,NaN,1,0,,
newmap_straight_corridor_direct_db,direct_vinf_alpha_force_balance_v1,newmap_straight_corridor,StraightCorridor_Tilt72p5_V65_A5,tilt_72p5_v_65_a_5,72.5,65,5,vinf_alpha_force_balance_v1,front_rear_free_flap_elevator,entry_StraightCorridor_Tilt72p5_V65_A2p5,,NaN,1,1,exact_trim,2.53079690673035e-11,4.68074745831015e-11,q_dot,4.68074745831015e-11,778.554437603374,405.244522403692,-4.58506794702873,0,-13.674623922013,0,4.25928278684373,64.7526553759633,5.66512327859776,4.99999999999999,-0.740717213156262,Operating point specifications were successfully met.,NaN,NaN,1,0,,
newmap_straight_corridor_direct_db,direct_vinf_alpha_force_balance_v1,newmap_straight_corridor,StraightCorridor_Tilt72p5_V65_A7p5,tilt_72p5_v_65_a_7p5,72.5,65,7.5,vinf_alpha_force_balance_v1,front_rear_free_flap_elevator,MidbandGuide_Tilt77p5_V65_A7p5,,NaN,1,1,exact_trim,1.28543879802889e-10,2.8246915917407e-10,w_dot,2.8246915917407e-10,657.533638714102,504.832337245228,-8.70887146764696,0,-18.9863513269466,0,4.39922739883511,64.4439159892977,8.48420249430335,7.5,-3.10077260116488,Operating point specifications were successfully met.,NaN,NaN,1,0,,
newmap_straight_corridor_direct_db,direct_vinf_alpha_force_balance_v1,newmap_straight_corridor,StraightCorridor_Tilt72p5_V65_A10,tilt_72p5_v_65_a_10,72.5,65,10,vinf_alpha_force_balance_v1,prop_fixed_flap_elevator,entry_StraightCorridor_Tilt72p5_V65_A2p5,,NaN,1,1,exact_trim,8.18594521941832e-08,1.42590937294647e-07,q_dot,1.42590937294647e-07,778.55444549642,405.244526830247,-13.0779717947415,0,-23.0388344969286,0,7.19864760867141,64.0125039470887,11.2871315484621,9.99999999989865,-2.80135239122724,Operating point specifications were successfully met.,NaN,NaN,1,0,,
newmap_straight_corridor_direct_db,direct_vinf_alpha_force_balance_v1,newmap_straight_corridor,StraightCorridor_Tilt87p5_V67p5_A2p5,tilt_87p5_v_67p5_a_2p5,87.5,67.5,2.5,vinf_alpha_force_balance_v1,front_rear_free_flap_elevator,entry_StraightCorridor_Tilt87p5_V60_A2p5,,NaN,1,1,exact_trim,1.98233887388188e-09,3.68466646310071e-09,q_dot,3.68466646310071e-09,1034.49911985027,271.944983594237,-0.918743953057129,0,-9.48887327052908,0,6.35363122705726,67.4357549567754,2.94430864716018,2.5,3.85363122705726,Operating point specifications were successfully met.,NaN,NaN,1,0,,
newmap_straight_corridor_direct_db,direct_vinf_alpha_force_balance_v1,newmap_straight_corridor,StraightCorridor_Tilt87p5_V67p5_A5,tilt_87p5_v_67p5_a_5,87.5,67.5,5,vinf_alpha_force_balance_v1,front_rear_free_flap_elevator,BridgeFrontier_Tilt90_V70_A5,,NaN,1,1,exact_trim,1.09553404167179e-06,2.38375878325314e-06,w_dot,2.38375878325314e-06,843.021571055746,419.536734812476,-5.18431252017275,0,-14.1518618746597,0,5.17521874249214,67.2431421211928,5.88301263546693,5,0.175218742492144,Operating point specifications were successfully met.,NaN,NaN,1,0,,
newmap_straight_corridor_direct_db,direct_vinf_alpha_force_balance_v1,newmap_straight_corridor,StraightCorridor_Tilt87p5_V67p5_A7p5,tilt_87p5_v_67p5_a_7p5,87.5,67.5,7.5,vinf_alpha_force_balance_v1,front_rear_free_flap_elevator,MidbandGuide_Tilt87p5_V65_A7p5,,NaN,1,1,exact_trim,4.07465843320162e-07,8.94958404273893e-07,w_dot,8.94958404273893e-07,967.140674289024,420.900615661755,-9.50817931039915,0,-18.8202737340199,0,8.70971863665904,66.9225281427322,8.81051797485348,7.5,1.20971863665904,Operating point specifications were successfully met.,NaN,NaN,1,0,,
newmap_straight_corridor_direct_db,direct_vinf_alpha_force_balance_v1,newmap_straight_corridor,StraightCorridor_Tilt87p5_V67p5_A10,tilt_87p5_v_67p5_a_10,87.5,67.5,10,vinf_alpha_force_balance_v1,prop_fixed_flap_elevator,entry_StraightCorridor_Tilt87p5_V67p5_A2p5,,NaN,1,1,exact_trim,1.02365777764938e-07,1.84480414723813e-07,q_dot,1.84480414723813e-07,1034.49911985027,271.944983594237,-13.7459190080094,0,-23.1067899514735,0,11.2049085370956,66.4745233296421,11.721251992629,9.99999999989869,1.20490853719696,Operating point specifications were successfully met.,NaN,NaN,1,0,,
newmap_straight_corridor_direct_db,direct_vinf_alpha_force_balance_v1,newmap_straight_corridor,StraightCorridor_Tilt77p5_V67p5_A2p5,tilt_77p5_v_67p5_a_2p5,77.5,67.5,2.5,vinf_alpha_force_balance_v1,front_rear_free_flap_elevator,MidbandGuide_Tilt77p5_V65_A2p5,,NaN,1,1,exact_trim,9.80959244926158e-15,1.4210854715202e-14,q_dot,1.37828491538549e-14,778.554445445285,405.244526742082,-1.27713189490099,0,-9.25314509315326,0,2.20050301845234,67.4357549567754,2.94430864716018,2.5,-0.299496981547659,Operating point specifications were successfully met.,NaN,NaN,1,0,,
newmap_straight_corridor_direct_db,direct_vinf_alpha_force_balance_v1,newmap_straight_corridor,StraightCorridor_Tilt77p5_V67p5_A5,tilt_77p5_v_67p5_a_5,77.5,67.5,5,vinf_alpha_force_balance_v1,front_rear_free_flap_elevator,BridgeFrontier_Tilt80_V70_A5,,NaN,1,1,exact_trim,1.41749899775951e-07,3.11558522980704e-07,w_dot,3.11558522980704e-07,811.706048752165,552.100155960788,-5.68212786827632,0,-14.0532460421623,0,4.48919753836249,67.2431421211928,5.88301263546693,5,-0.510802461637514,Operating point specifications were successfully met.,NaN,NaN,1,0,,
newmap_straight_corridor_direct_db,direct_vinf_alpha_force_balance_v1,newmap_straight_corridor,StraightCorridor_Tilt77p5_V67p5_A7p5,tilt_77p5_v_67p5_a_7p5,77.5,67.5,7.5,vinf_alpha_force_balance_v1,front_rear_free_flap_elevator,MidbandGuide_Tilt77p5_V65_A7p5,,NaN,1,1,exact_trim,6.29704687828426e-07,1.38141972172434e-06,w_dot,1.38141972172434e-06,657.533639186075,504.832337413869,-9.70871187396096,0,-18.5993954479781,0,4.15440992274722,66.9225281427322,8.81051797485348,7.5,-3.34559007725278,Operating point specifications were successfully met.,NaN,NaN,1,0,,
newmap_straight_corridor_direct_db,direct_vinf_alpha_force_balance_v1,newmap_straight_corridor,StraightCorridor_Tilt77p5_V67p5_A10,tilt_77p5_v_67p5_a_10,77.5,67.5,10,vinf_alpha_force_balance_v1,front_rear_free_flap_elevator,entry_StraightCorridor_Tilt77p5_V67p5_A2p5,,NaN,1,1,exact_trim,9.90760852650518e-08,1.7264678939098e-07,q_dot,1.7264678939098e-07,778.55442710149,405.244535897733,-14.0223695293694,0,-22.7634769024418,0,6.86069217704969,66.4745233296421,11.721251992629,9.99999999989869,-3.13930782284901,Operating point specifications were successfully met.,NaN,NaN,1,0,,
