key,name,tilt_deg,vinf_mps,family,score,classification,front_collective_rpm,rear_collective_rpm,delta_f_deg,delta_a_deg,delta_e_deg,delta_r_deg,theta_deg,u_mps,w_mps,alpha_deg,linearization_available,linearization_latest_file
tilt_0__vinf_0__family_hover_zero_surface__source_transition_trim_map_low_speed_scored__seed_prop_first_pass_tilt_0_v_0,LowSpeedScored_Tilt0_V0,0,0,hover_zero_surface,3.088685665342e-14,exact_trim,1865.74057364479,1756.39693964944,0,0,0,0,0,0,0,0,1,
tilt_0__vinf_0__family_named_case__source_transition_trim_map__seed_none,Hover,0,0,named_case,NaN,exact_trim,1865.74057374575,1756.39693973095,0,NaN,0,NaN,0,0,0,0,1,
tilt_0__vinf_2p5__family_front_rear_free_flap_elevator__source_transition_trim_map_low_speed_scored__seed_prop_first_pass_tilt_0_v_2p5,LowSpeedScored_Tilt0_V2p5,0,2.5,front_rear_free_flap_elevator,1.72274782594833e-12,exact_trim,1864.80846117335,1755.28185386428,0.00632682015212877,0,-0.000124963566467619,0,-0.00596856095070431,2.49999998643549,-0.000260427600018637,-0.00596856095071036,1,
tilt_0__vinf_2p5__family_hover_zero_surface__source_transition_trim_map__seed_none,HoverLike_tilt_0__V_2p5,0,2.5,hover_zero_surface,NaN,exact_trim,1864.80882476004,1755.28204012601,0,NaN,0,NaN,-0.00596786163721421,2.49999998643867,-0.000260397086712108,-0.00596786163723332,1,
tilt_0__vinf_5__family_front_rear_free_flap_elevator__source_transition_trim_map_low_speed_scored__seed_hover_default,LowSpeedScored_Tilt0_V5,0,5,front_rear_free_flap_elevator,5.35902206348684e-11,exact_trim,1861.95502919874,1751.87619234318,0.191612763217017,0,0.0247047941252699,0,-0.0242188708547331,4.99999955331382,-0.00211349512471399,-0.0242188708547331,1,
tilt_2p5__vinf_2p5__family_front_rear_free_flap_elevator__source_transition_trim_rearon_connector_forever__seed_parent_history_2,ReferenceLineScored_Tilt2p5_V2p5,2.5,2.5,front_rear_free_flap_elevator,1.06706433701509e-05,exact_trim,1867.625704163,1751.27625448033,2.16203101494961,0,12.1787026216949,0,1.32102719923635,2.49933553980001,0.057635574859447,1.32102711376879,1,
tilt_5__vinf_2p5__family_front_rear_free_flap_elevator__source_transition_trim_map_low_speed_scored__seed_two_pass_tilt_5_v_2p5,LowSpeedScored_Tilt5_V2p5,5,2.5,front_rear_free_flap_elevator,1.40781910772507e-12,exact_trim,1870.54203664986,1748.38704601626,18.1250505468241,0,-17.2081015802828,0,2.64137517591205,2.49734387802757,0.115210914753453,2.64137517591206,1,
tilt_5__vinf_5__family_front_rear_free_flap_elevator__source_transition_trim_map_low_speed_scored__seed_history_2,LowSpeedScored_Tilt5_V5,5,5,front_rear_free_flap_elevator,2.05274117031603e-13,exact_trim,1864.30441923809,1741.69678222097,9.92447490095735,0,-11.5520983398119,0,2.61152719749042,4.99480711552482,0.227819838255131,2.61152719749042,1,
tilt_5__vinf_7p5__family_front_rear_free_flap_elevator__source_transition_trim_map_low_speed_scored__seed_history_1,LowSpeedScored_Tilt5_V7p5,5,7.5,front_rear_free_flap_elevator,1.62007807103048e-08,exact_trim,1854.32059003708,1733.65477646174,8.14640937022099,0,-13.2913788111632,0,2.54897901755834,7.49257926552037,0.333550521160933,2.54897901756039,1,
tilt_7p5__vinf_2p5__family_front_rear_free_flap_elevator__source_transition_trim_rearon_connector_forever__seed_parent_history_1,ReferenceLineScored_Tilt7p5_V2p5,7.5,2.5,front_rear_free_flap_elevator,7.93121606981503e-10,exact_trim,1876.58810409725,1744.78771452264,23.0260908668948,0,-3.58379961726197,0,3.96916996786306,2.49400360199088,0.173049222129418,3.96916996786318,1,
tilt_10__vinf_2p5__family_front_rear_free_flap_elevator__source_transition_trim_map_low_speed_scored__seed_entry_lowspeedscored_tilt5_v2p5,LowSpeedScored_Tilt10_V2p5,10,2.5,front_rear_free_flap_elevator,9.66968529612563e-13,exact_trim,1884.30845241145,1740.45893715062,-4.38799463880913,0,-7.77508679702819,0,5.38892410494763,2.48895034539648,0.234789646613634,5.38892410494762,1,
tilt_10__vinf_5__family_front_rear_free_flap_elevator__source_transition_trim_map_low_speed_scored__seed_entry_lowspeedscored_tilt5_v2p5,LowSpeedScored_Tilt10_V5,10,5,front_rear_free_flap_elevator,7.61154815138591e-10,exact_trim,1877.36843257829,1726.15054614087,11.1146747214813,0,10.6541402286331,0,5.3328805328336,4.97835762594524,0.464709961400528,5.33288053283348,1,
tilt_10__vinf_7p5__family_front_rear_free_flap_elevator__source_transition_trim_map_low_speed_scored__seed_two_pass_tilt_10_v_7p5,LowSpeedScored_Tilt10_V7p5,10,7.5,front_rear_free_flap_elevator,6.56733928333698e-09,exact_trim,1893.5400112726,1743.03403732741,-25,0,17.1003647832005,0,5.22734906749405,7.46880767554804,0.683309524677927,5.22734906741039,1,
tilt_10__vinf_10__family_front_rear_free_flap_elevator__source_transition_trim_map_low_speed_scored__seed_prop_first_pass_tilt_10_v_10,LowSpeedScored_Tilt10_V10,10,10,front_rear_free_flap_elevator,7.96624044882322e-07,exact_trim,1848.68627882751,1694.41752172927,12.7488624713472,0,-9.02552076076671,0,5.07931797486988,9.96073094243013,0.885347515124244,5.07931799267173,1,
tilt_10__vinf_12p5__family_front_rear_free_flap_elevator__source_transition_trim_map_low_speed_scored__seed_history_3,LowSpeedScored_Tilt10_V12p5,10,12.5,front_rear_free_flap_elevator,2.24124543039806e-13,exact_trim,1832.97048796893,1685.04784093862,24.9999999999999,0,24.7257788238428,0,3.59831521457517,12.4753571794419,0.784514655918407,3.59831521457509,1,
tilt_15__vinf_2p5__family_front_rear_free_flap_elevator__source_transition_trim_map_low_speed_scored__seed_two_pass_tilt_15_v_2p5,LowSpeedScored_Tilt15_V2p5,15,2.5,front_rear_free_flap_elevator,3.01491336970106e-13,exact_trim,1902.41926555371,1731.30131870738,-14.2461316574433,0,-24.993080414542,0,8.19892358899961,2.47444727572731,0.356525847093427,8.1989235889995,1,
tilt_15__vinf_5__family_front_rear_free_flap_elevator__source_transition_trim_map_low_speed_scored__seed_history_1,LowSpeedScored_Tilt15_V5,15,5,front_rear_free_flap_elevator,1.12955521774775e-09,exact_trim,1895.52003564797,1725.02263844224,13.3249875441599,0,-16.0049204814766,0,8.02871418660404,4.95099098401391,0.698346816652986,8.028714186395,1,
tilt_15__vinf_7p5__family_front_rear_free_flap_elevator__source_transition_trim_map_low_speed_scored__seed_hover_default,LowSpeedScored_Tilt15_V7p5,15,7.5,front_rear_free_flap_elevator,1.15475201809339e-06,exact_trim,1886.31173250122,1716.34474367379,-3.44558578342426,0,-22.6878337767197,0,8.10058107869844,7.42516683107308,1.05683455775775,8.10058106042011,1,
tilt_15__vinf_45__family_low_speed_force_balance_rear_fixed__source_transition_trim_map_low_speed__seed_none,LSFB_tilt_15__V_45__rear_950,15,45,low_speed_force_balance_rear_fixed,NaN,exact_trim,1228.30286254782,950,9.01218709083689,NaN,-3.12543681201213,NaN,-0.0911531556659567,44.9999430521954,-0.071591490822182,-0.091153155632359,1,
tilt_20__vinf_2p5__family_front_rear_free_flap_elevator__source_transition_trim_map_low_speed_scored__seed_entry_lowspeedscored_tilt15_v2p5,LowSpeedScored_Tilt20_V2p5,20,2.5,front_rear_free_flap_elevator,1.6619912660693e-11,exact_trim,1924.73736113149,1717.26256822475,11.383329419653,0,-24.5877901484947,0,11.0950034031854,2.45327362385218,0.481090975351093,11.0950034031622,1,
tilt_20__vinf_5__family_front_rear_free_flap_elevator__source_transition_trim_lowmid_guidegrid_scored__seed_guide_v5_t20_fm150_r0,MidbandGuide_Tilt20_V5,20,5,front_rear_free_flap_elevator,4.15780129144096e-12,exact_trim,1925.85521727934,1713.52802767886,-24.7850161775219,0,-9.72846565523849,0,11.1218929584307,4.90609514452217,0.964484542590724,11.1218929584305,1,
tilt_20__vinf_7p5__family_front_rear_free_flap_elevator__source_transition_trim_map_low_speed_scored__seed_prop_first_pass_tilt_20_v_7p5,LowSpeedScored_Tilt20_V7p5,20,7.5,front_rear_free_flap_elevator,2.54366357620848e-08,exact_trim,1923.49322705495,1708.96891995663,-24.1901662306082,0,-13.9123900939518,0,11.0729955970883,7.36037470730751,1.44044584863129,11.0729955899694,1,
tilt_20__vinf_10__family_front_rear_free_flap_elevator__source_transition_trim_map_low_speed_scored__seed_history_1,LowSpeedScored_Tilt20_V10,20,10,front_rear_free_flap_elevator,2.93261936303357e-13,exact_trim,1891.57577257806,1693.13886502297,17.4522243682697,0,-15.028223591134,0,10.1146742116298,9.84458233933822,1.7561886470396,10.1146742116298,1,
tilt_20__vinf_15__family_front_rear_free_flap_elevator__source_transition_trim_map_low_speed_scored__seed_history_2,LowSpeedScored_Tilt20_V15,20,15,front_rear_free_flap_elevator,8.85014424725722e-09,exact_trim,1850.18329070439,1678.22345124399,11.6319248155577,0,-25.0000000714606,0,9.22210578050362,14.8061175975169,2.40393046825541,9.22210577161757,1,
tilt_20__vinf_30__family_front_rear_free_flap_elevator__source_transition_trim_map_bridge_scored__seed_history_35,BridgeScored_Tilt20_V30,20,30,front_rear_free_flap_elevator,1.23873774244612e-10,exact_trim,1627.02794775563,1231.59274083752,23.7621446602678,0,20.1370481576592,0,1.1467894445435,29.9939910461439,0.600417458250401,1.14678944453361,1,
tilt_20__vinf_45__family_low_speed_force_balance_rear_fixed__source_transition_trim_map_low_speed__seed_none,LSFB_tilt_20__V_45__rear_800,20,45,low_speed_force_balance_rear_fixed,NaN,exact_trim,1157.72641846949,800,10.3163708311945,NaN,-3.7437367300751,NaN,0.267172237603222,44.9995107634492,0.209835824282354,0.267172237603448,1,
tilt_22p5__vinf_5__family_front_rear_free_flap_elevator__source_transition_trim_lowmid_guidegrid_scored__seed_guide_v5_t22p5_f150_r150,MidbandGuide_Tilt22p5_V5,22.5,5,front_rear_free_flap_elevator,1.0722055495207e-11,exact_trim,1931.35647771148,1704.98282223006,19.0701210380829,0,-20.3827284240949,0,12.3733313982473,4.88386061072728,1.07140353508772,12.3733313982467,1,
tilt_25__vinf_2p5__family_front_rear_free_flap_elevator__source_transition_trim_map_low_speed_scored__seed_entry_lowspeedscored_tilt20_v2p5,LowSpeedScored_Tilt25_V2p5,25,2.5,front_rear_free_flap_elevator,5.01545788599007e-10,exact_trim,1954.12358549377,1698.34005954535,-9.38347780069172,0,-14.334616956115,0,14.2539083630757,2.42303529100726,0.6155485184437,14.2539083626855,1,
tilt_25__vinf_5__family_front_rear_free_flap_elevator__source_transition_trim_lowmid_guidegrid_scored__seed_guide_v5_t25_fm150_rm150,MidbandGuide_Tilt25_V5,25,5,front_rear_free_flap_elevator,7.41409172952823e-13,exact_trim,1948.95201740088,1684.76646701337,-9.06888419309473,0,0.4136237448245,0,14.2637219346023,4.84585964967906,1.23192704963093,14.2637219346023,1,
tilt_25__vinf_10__family_front_rear_free_flap_elevator__source_transition_trim_map_low_speed_scored__seed_history_1,LowSpeedScored_Tilt25_V10,25,10,front_rear_free_flap_elevator,4.93020503355318e-07,exact_trim,1921.93816043074,1663.53572398829,16.280026712289,0,11.8890847178923,0,13.0293566665499,9.74254679060068,2.25450263377093,13.0293566672406,1,
tilt_25__vinf_15__family_front_rear_free_flap_elevator__source_transition_trim_map_low_speed_scored__seed_history_5,LowSpeedScored_Tilt25_V15,25,15,front_rear_free_flap_elevator,4.6332205204014e-08,exact_trim,1873.38801089099,1620.4386529138,24.1353417722604,0,14.8383863212055,0,10.8428101811811,14.7322045393316,2.82172809357447,10.8428101805429,1,
tilt_25__vinf_17p5__family_front_rear_free_flap_elevator__source_transition_trim_map_low_speed_scored__seed_history_8,LowSpeedScored_Tilt25_V17p5,25,17.5,front_rear_free_flap_elevator,5.26383429225287e-07,exact_trim,1849.66246228138,1587.70081077613,18.5413372416958,0,23.1224403370311,0,10.1646383721125,17.2253324829598,3.08835246886143,10.1646383720755,1,
tilt_25__vinf_22p5__family_front_rear_free_flap_elevator__source_transition_trim_map_low_speed_scored__seed_entry_lowspeedscored_tilt25_v15,LowSpeedScored_Tilt25_V22p5,25,22.5,front_rear_free_flap_elevator,1.73529124247105e-08,exact_trim,1770.80999625587,1524.072592432,24.8817585799758,0,19.210777767381,0,6.71439492640568,22.3456793844662,2.6307057709659,6.7143949269216,1,
tilt_25__vinf_42p5__family_low_speed_force_balance_rear_fixed__source_transition_trim_map_low_speed__seed_none,LSFB_tilt_25__V_42p5__rear_800,25,42.5,low_speed_force_balance_rear_fixed,NaN,exact_trim,1122.02457348134,800,15.0629856813969,NaN,-4.91504776493582,NaN,-0.0653783928599141,42.4999723317244,-0.0484953886168889,-0.0653783928603209,1,
tilt_25__vinf_45__family_low_speed_force_balance_rear_fixed__source_transition_trim_map_low_speed__seed_none,LSFB_tilt_25__V_45__rear_800,25,45,low_speed_force_balance_rear_fixed,NaN,exact_trim,1092.19370501887,800,12.4800468881557,NaN,-4.88919332170218,NaN,-0.0701037228733845,44.9999663166561,-0.0550593216244832,-0.0701037230895664,1,
tilt_25__vinf_75__family_cruise_flap_elevator_rear_fixed__source_transition_trim_map__seed_none,FE_tilt_25__V_75__rear_700,25,75,cruise_flap_elevator_rear_fixed,NaN,exact_trim,1157.7961738432,700,-3.00888848196932,NaN,-2.5163571306675,NaN,-0.118845164119757,74.999838657455,-0.155567844492722,-0.118845164119679,1,
tilt_27p5__vinf_5__family_front_rear_free_flap_elevator__source_transition_trim_lowmid_guidegrid_scored__seed_guide_v5_t27p5_fm75_r150,MidbandGuide_Tilt27p5_V5,27.5,5,front_rear_free_flap_elevator,1.17669821162117e-11,exact_trim,1965.37938684606,1674.56501717025,-6.16195053383333,0,-1.26580550072998,0,15.8750940618403,4.80930153092936,1.36770566446168,15.8750940618403,1,
tilt_27p5__vinf_7p5__family_front_rear_free_flap_elevator__source_transition_trim_lowmid_guidegrid_scored__seed_guide_v7p5_t27p5_f75_r75,MidbandGuide_Tilt27p5_V7p5,27.5,7.5,front_rear_free_flap_elevator,3.22458177738553e-12,exact_trim,1950.17441048946,1680.47841150962,21.1332529806837,0,-24.9999999999995,0,15.0272688666736,7.24351902569487,1.94459047729852,15.0272688666761,1,
tilt_30__vinf_2p5__family_front_rear_free_flap_elevator__source_transition_trim_map_low_speed_scored__seed_history_2,LowSpeedScored_Tilt30_V2p5,30,2.5,front_rear_free_flap_elevator,6.34308584977331e-13,exact_trim,1988.57710701254,1679.33139320211,23.1189421935941,0,-24.0219103868556,0,17.4659640521156,2.38473853385291,0.750348002700364,17.4659640522011,1,
tilt_30__vinf_5__family_front_rear_free_flap_elevator__source_transition_trim_lowmid_guidegrid_scored__seed_lowspeedscored_tilt30_v7p5,MidbandGuide_Tilt30_V5,30,5,front_rear_free_flap_elevator,2.56062856667924e-13,exact_trim,1981.08700162113,1671.19595407904,24.9999425028352,0,17.7587109571252,0,17.0967614387064,4.77904816738373,1.46993149970549,17.0967614387068,1,
tilt_30__vinf_7p5__family_front_rear_free_flap_elevator__source_transition_trim_map_low_speed_scored__seed_entry_lowspeedscored_tilt30_v5,LowSpeedScored_Tilt30_V7p5,30,7.5,front_rear_free_flap_elevator,2.91658889565469e-11,exact_trim,1980.541500427,1656.15201678833,-24.6829427086716,0,-15.1470471734602,0,17.5582521229079,7.15058049681802,2.26256459766639,17.5582521228922,1,
tilt_30__vinf_10__family_front_rear_free_flap_elevator__source_transition_trim_map_low_speed_scored__seed_history_9,LowSpeedScored_Tilt30_V10,30,10,front_rear_free_flap_elevator,2.81682249925616e-11,exact_trim,1949.38638946082,1652.39143039157,24.7920739891015,0,-17.8930190360686,0,15.8449793806502,9.62003946632051,2.73035541028061,15.8449793806503,1,
tilt_30__vinf_12p5__family_front_rear_free_flap_elevator__source_transition_trim_map_low_speed_scored__seed_history_9,LowSpeedScored_Tilt30_V12p5,30,12.5,front_rear_free_flap_elevator,2.47962704602384e-11,exact_trim,1941.31765237667,1616.62279391961,7.97310061927942,0,22.8035993635857,0,15.7702569858712,12.0294901029247,3.39725887501063,15.7702569858691,1,
tilt_30__vinf_20__family_front_rear_free_flap_elevator__source_transition_trim_map_low_speed_scored__seed_history_8,LowSpeedScored_Tilt30_V20,30,20,front_rear_free_flap_elevator,2.7834393348659e-08,exact_trim,1849.21256708456,1519.14413537716,20.6723122636174,0,-0.40692627183132,0,12.2058492329208,19.5478863096152,4.22849156344175,12.2058492328916,1,
tilt_30__vinf_42p5__family_low_speed_force_balance_rear_fixed__source_transition_trim_map_low_speed__seed_none,LSFB_tilt_30__V_42p5__rear_800,30,42.5,low_speed_force_balance_rear_fixed,NaN,exact_trim,1083.45599027498,800,16.4973060621783,NaN,-6.26610193441282,NaN,-0.0342211172274978,42.499992419627,-0.0253840231861239,-0.0342211172256983,1,
tilt_30__vinf_45__family_low_speed_force_balance_rear_fixed__source_transition_trim_map_low_speed__seed_none,LSFB_tilt_30__V_45__rear_800,30,45,low_speed_force_balance_rear_fixed,NaN,exact_trim,1044.55581073254,800,13.5754773538463,NaN,-6.32983762977764,NaN,-0.0271890002223864,44.9999949336302,-0.0213541900189291,-0.0271890001981302,1,
tilt_30__vinf_45__family_low_speed_force_balance_rear_fixed__source_transition_trim_map_low_speed__seed_none,LSFB_tilt_30__V_45__rear_800,30,45,low_speed_force_balance_rear_fixed,NaN,exact_trim,1044.55581073254,800,13.5754773538463,NaN,-6.32983762977764,NaN,-0.0271890002223864,44.9999949336302,-0.0213541900189291,-0.0271890001981302,1,
tilt_30__vinf_47p5__family_low_speed_force_balance_rear_fixed__source_transition_trim_map_low_speed__seed_none,LSFB_tilt_30__V_47p5__rear_750,30,47.5,low_speed_force_balance_rear_fixed,NaN,exact_trim,1020.03560785134,750,11.1810612042488,NaN,-5.54538503088922,NaN,-0.0051308800021893,47.4999998095409,-0.00425366059853045,-0.00513088000216056,1,
tilt_30__vinf_47p5__family_low_speed_force_balance_rear_fixed__source_transition_trim_map_low_speed__seed_none,LSFB_tilt_30__V_47p5__rear_750,30,47.5,low_speed_force_balance_rear_fixed,NaN,exact_trim,1020.03560785134,750,11.1810612042488,NaN,-5.54538503088922,NaN,-0.0051308800021893,47.4999998095409,-0.00425366059853045,-0.00513088000216056,1,
tilt_30__vinf_50__family_low_speed_force_balance_rear_fixed__source_transition_trim_map_low_speed__seed_none,LSFB_tilt_30__V_50__rear_900,30,50,low_speed_force_balance_rear_fixed,NaN,exact_trim,992.598645417888,900,9.08722173321262,NaN,-6.86316592946083,NaN,-0.0382639347449393,49.9999888500227,-0.0333915798212698,-0.0382639347449393,1,
tilt_30__vinf_50__family_low_speed_force_balance_rear_fixed__source_transition_trim_map_low_speed__seed_none,LSFB_tilt_30__V_50__rear_900,30,50,low_speed_force_balance_rear_fixed,NaN,exact_trim,992.598645417888,900,9.08722173321262,NaN,-6.86316592946083,NaN,-0.0382639347449393,49.9999888500227,-0.0333915798212698,-0.0382639347449393,1,
tilt_30__vinf_52p5__family_low_speed_force_balance_rear_fixed__source_transition_trim_map_low_speed__seed_none,LSFB_tilt_30__V_52p5__rear_700,30,52.5,low_speed_force_balance_rear_fixed,NaN,exact_trim,989.971995686412,700,7.36937384635661,NaN,-4.82203219270185,NaN,0.121782664496426,52.4998814081557,0.111589110511328,0.121782664496426,1,
tilt_30__vinf_52p5__family_low_speed_force_balance_rear_fixed__source_transition_trim_map_low_speed__seed_none,LSFB_tilt_30__V_52p5__rear_700,30,52.5,low_speed_force_balance_rear_fixed,NaN,exact_trim,989.971995686412,700,7.36937384635661,NaN,-4.82203219270185,NaN,0.121782664496426,52.4998814081557,0.111589110511328,0.121782664496426,1,
tilt_30__vinf_55__family_cruise_flap_elevator_rear_fixed__source_transition_trim_map__seed_none,FE_tilt_30__V_55__rear_500,30,55,cruise_flap_elevator_rear_fixed,NaN,exact_trim,989.460250106855,500,6.22735511027407,NaN,-2.90546499617087,NaN,0.00800478957248552,55.0000000000501,0.00768404616911207,0.00800478931288925,1,
tilt_30__vinf_55__family_cruise_flap_elevator_rear_fixed__source_transition_trim_map__seed_none,FE_tilt_30__V_55__rear_500,30,55,cruise_flap_elevator_rear_fixed,NaN,exact_trim,989.460250106855,500,6.22735511027407,NaN,-2.90546499617087,NaN,0.00800478957248552,55.0000000000501,0.00768404616911207,0.00800478931288925,1,
tilt_30__vinf_55__family_low_speed_force_balance_rear_fixed__source_transition_trim_map_low_speed__seed_none,LSFB_tilt_30__V_55__rear_700,30,55,low_speed_force_balance_rear_fixed,NaN,exact_trim,982.386952577327,700,5.99868543589056,NaN,-4.34367321154375,NaN,0.00196588850729111,55.0000000000794,0.00188711749188745,0.00196588850341597,1,
tilt_30__vinf_55__family_low_speed_force_balance_rear_fixed__source_transition_trim_map_low_speed__seed_none,LSFB_tilt_30__V_55__rear_700,30,55,low_speed_force_balance_rear_fixed,NaN,exact_trim,982.386952577327,700,5.99868543589056,NaN,-4.34367321154375,NaN,0.00196588850729111,55.0000000000794,0.00188711749188745,0.00196588850341597,1,
tilt_30__vinf_60__family_cruise_flap_elevator_rear_fixed__source_transition_trim_map__seed_none,FE_tilt_30__V_60__rear_600,30,60,cruise_flap_elevator_rear_fixed,NaN,exact_trim,986.910868885834,600,3.45364880114513,NaN,-2.91775444346911,NaN,-0.0526980475418704,59.999974621555,-0.0551852585580425,-0.0526980475418704,1,
tilt_30__vinf_60__family_cruise_flap_elevator_rear_fixed__source_transition_trim_map__seed_none,FE_tilt_30__V_60__rear_500,30,60,cruise_flap_elevator_rear_fixed,NaN,exact_trim,989.50140317096,500,3.52575178503123,NaN,-2.30661622591327,NaN,-0.038125913237032,59.9999867163804,-0.0399253600324242,-0.0381259132369146,1,
tilt_30__vinf_60__family_cruise_flap_elevator_rear_fixed__source_transition_trim_map__seed_none,FE_tilt_30__V_60__rear_600,30,60,cruise_flap_elevator_rear_fixed,NaN,exact_trim,986.910868885834,600,3.45364880114513,NaN,-2.91775444346911,NaN,-0.0526980475418704,59.999974621555,-0.0551852585580425,-0.0526980475418704,1,
tilt_30__vinf_65__family_cruise_flap_elevator_rear_fixed__source_transition_trim_map__seed_none,FE_tilt_30__V_65__rear_600,30,65,cruise_flap_elevator_rear_fixed,NaN,exact_trim,1001.83304114147,600,1.23278588987916,NaN,-2.48090850379083,NaN,-0.0449630645594871,64.999979985253,-0.0510089734596037,-0.0449630645616188,1,
tilt_30__vinf_65__family_cruise_flap_elevator_rear_fixed__source_transition_trim_map__seed_none,FE_tilt_30__V_65__rear_200,30,65,cruise_flap_elevator_rear_fixed,NaN,exact_trim,1006.27777340784,200,1.51462260872208,NaN,0.839782766869803,NaN,-0.116399972105999,64.9998658645094,-0.132051488726247,-0.116399972105998,1,
tilt_30__vinf_65__family_cruise_flap_elevator_rear_fixed__source_transition_trim_map__seed_none,FE_tilt_30__V_65__rear_600,30,65,cruise_flap_elevator_rear_fixed,NaN,exact_trim,1001.83304114147,600,1.23278588987916,NaN,-2.48090850379083,NaN,-0.0449630645594871,64.999979985253,-0.0510089734596037,-0.0449630645616188,1,
tilt_30__vinf_70__family_cruise_flap_elevator_rear_fixed__source_transition_trim_map__seed_none,FE_tilt_30__V_70__rear_700,30,70,cruise_flap_elevator_rear_fixed,NaN,exact_trim,1026.05432623922,700,-1.20490174130287,NaN,-3.36393275867912,NaN,-0.00654301268093047,69.9999995435545,-0.00799379798252945,-0.00654301268106697,1,
tilt_30__vinf_70__family_cruise_flap_elevator_rear_fixed__source_transition_trim_map__seed_none,FE_tilt_30__V_70__rear_700,30,70,cruise_flap_elevator_rear_fixed,NaN,exact_trim,1026.05432623922,700,-1.20490174130287,NaN,-3.36393275867912,NaN,-0.00654301268093047,69.9999995435545,-0.00799379798252945,-0.00654301268106697,1,
tilt_30__vinf_75__family_cruise_flap_elevator_rear_fixed__source_transition_trim_map__seed_none,FE_tilt_30__V_75__rear_100,30,75,cruise_flap_elevator_rear_fixed,NaN,exact_trim,1082.23859109721,100,-2.65388298282863,NaN,-1.12697256582515,NaN,0.0592601216041758,74.9999598846155,0.0775713039541202,0.0592601216041531,1,
tilt_32p5__vinf_5__family_front_rear_free_flap_elevator__source_transition_trim_lowmid_guidegrid_scored__seed_lowspeedscored_tilt30_v2p5,MidbandGuide_Tilt32p5_V5,32.5,5,front_rear_free_flap_elevator,2.43821297930005e-12,exact_trim,2003.44358712173,1651.81650642845,-16.1430566160493,0,12.1902069868006,0,19.2974504172422,4.71907829040539,1.65236197276038,19.2974504172422,1,
tilt_32p5__vinf_7p5__family_front_rear_free_flap_elevator__source_transition_trim_lowmid_guidegrid_scored__seed_guide_v7p5_t32p5_fm75_r0,MidbandGuide_Tilt32p5_V7p5,32.5,7.5,front_rear_free_flap_elevator,2.56349821466266e-12,exact_trim,1994.71601998845,1643.76440202372,-9.39714577426882,0,-24.999904399117,0,19.097953951404,7.08720447449579,2.45388115781842,19.0979539513996,1,
tilt_32p5__vinf_17p5__family_front_rear_free_flap_elevator__source_transition_trim_rearon_connector_forever__seed_entry_referencelinescored_tilt7p5_v2p5,ReferenceLineScored_Tilt32p5_V17p5,32.5,17.5,front_rear_free_flap_elevator,3.02990517215706e-06,exact_trim,1914.770481245,1490.57865929312,-18.612932294714,0,-22.3847011206577,0,19.2467836443384,16.5218817345158,5.76865884009803,19.2467836549951,1,
tilt_35__vinf_5__family_front_rear_free_flap_elevator__source_transition_trim_lowmid_guidegrid_scored__seed_lowspeedscored_tilt30_v5,MidbandGuide_Tilt35_V5,35,5,front_rear_free_flap_elevator,1.01426629826113e-12,exact_trim,2022.01414273778,1644.99673899921,24.4362446586611,0,13.1763358464763,0,20.6265938508656,4.67948063761336,1.76138041382456,20.626593850865,1,
tilt_35__vinf_7p5__family_front_rear_free_flap_elevator__source_transition_trim_lowmid_guidegrid_scored__seed_entry_midbandguide_tilt32p5_v5,MidbandGuide_Tilt35_V7p5,35,7.5,front_rear_free_flap_elevator,5.40184496416434e-12,exact_trim,2014.30060435769,1622.14747769377,-19.7839218318506,0,-24.7548553960169,0,21.1467256064416,6.99494731184617,2.70568144919122,21.1467256064388,1,
tilt_35__vinf_10__family_front_rear_free_flap_elevator__source_transition_trim_lowmid_guidegrid_scored__seed_guide_v10_t35_fm75_rm150,MidbandGuide_Tilt35_V10,35,10,front_rear_free_flap_elevator,3.19582686910904e-12,exact_trim,2005.49776428974,1584.27592208403,-23.1634396164321,0,-9.66632557651799,0,21.2933832646098,9.31733171011787,3.63143632790548,21.2933832646107,1,
tilt_35__vinf_20__family_front_rear_free_flap_elevator__source_transition_trim_path_scored_branch30v20__seed_history_32,PathScored_Tilt35_V20,35,20,front_rear_free_flap_elevator,8.70088888534807e-08,exact_trim,1884.4586000272,1502.62353170709,20.4592621901162,0,24.2844591521287,0,14.1599550426662,19.3923312502841,4.89259529410375,14.1599550358857,1,
tilt_35__vinf_42p5__family_low_speed_force_balance_rear_fixed__source_transition_trim_map_low_speed__seed_none,LSFB_tilt_35__V_42p5__rear_800,35,42.5,low_speed_force_balance_rear_fixed,NaN,exact_trim,1057.20586647042,800,17.9168153019201,NaN,-7.26858588774369,NaN,0.0077218491706223,42.4999996140349,0.0057277969083622,0.00772184917060358,1,
tilt_35__vinf_45__family_cruise_flap_elevator_rear_fixed__source_transition_trim_map__seed_none,FE_tilt_35__V_45__rear_700,35,45,cruise_flap_elevator_rear_fixed,NaN,exact_trim,1013.59774410191,700,14.8461224510556,NaN,-6.17910703534869,NaN,-0.064829096358447,44.9999711944278,-0.050916642410469,-0.0648290964349916,1,
tilt_35__vinf_45__family_cruise_flap_elevator_rear_fixed__source_transition_trim_map__seed_none,FE_tilt_35__V_45__rear_400,35,45,cruise_flap_elevator_rear_fixed,NaN,exact_trim,1031.65079730051,400,15.3545264252113,NaN,-3.41387735055532,NaN,-0.0385049238518402,44.9999898383824,-0.0302416941985715,-0.0385049238516302,1,
tilt_35__vinf_45__family_cruise_flap_elevator_rear_fixed__source_transition_trim_map__seed_none,FE_tilt_35__V_45__rear_600,35,45,cruise_flap_elevator_rear_fixed,NaN,exact_trim,1020.78048877336,600,14.9864955989933,NaN,-5.15983789726207,NaN,-0.0181322894476735,44.999997746646,-0.014241066600511,-0.0181322894576148,1,
tilt_35__vinf_45__family_cruise_flap_elevator_rear_fixed__source_transition_trim_map__seed_none,FE_tilt_35__V_45__rear_700,35,45,cruise_flap_elevator_rear_fixed,NaN,exact_trim,1013.59774410191,700,14.8461224510556,NaN,-6.17910703534869,NaN,-0.064829096358447,44.9999711944278,-0.050916642410469,-0.0648290964349916,1,
tilt_35__vinf_45__family_low_speed_force_balance_rear_fixed__source_transition_trim_map_low_speed__seed_none,LSFB_tilt_35__V_45__rear_800,35,45,low_speed_force_balance_rear_fixed,NaN,exact_trim,1005.77554630849,800,14.6792663168887,NaN,-7.43839637701517,NaN,-0.110460073890298,44.999916400716,-0.0867550824413391,-0.110460070028172,1,
tilt_35__vinf_45__family_low_speed_force_balance_rear_fixed__source_transition_trim_map_low_speed__seed_none,LSFB_tilt_35__V_45__rear_800,35,45,low_speed_force_balance_rear_fixed,NaN,exact_trim,1005.77554630849,800,14.6792663168887,NaN,-7.43839637701517,NaN,-0.110460073890298,44.999916400716,-0.0867550824413391,-0.110460070028172,1,
tilt_35__vinf_47p5__family_low_speed_force_balance_rear_fixed__source_transition_trim_map_low_speed__seed_none,LSFB_tilt_35__V_47p5__rear_750,35,47.5,low_speed_force_balance_rear_fixed,NaN,exact_trim,982.353099155797,750,12.1078373316656,NaN,-6.50063667198009,NaN,-0.0136687851703353,47.4999986483067,-0.0113318519260918,-0.0136687851703352,1,
tilt_35__vinf_47p5__family_low_speed_force_balance_rear_fixed__source_transition_trim_map_low_speed__seed_none,LSFB_tilt_35__V_47p5__rear_750,35,47.5,low_speed_force_balance_rear_fixed,NaN,exact_trim,982.353099155797,750,12.1078373316656,NaN,-6.50063667198009,NaN,-0.0136687851703353,47.4999986483067,-0.0113318519260918,-0.0136687851703352,1,
tilt_35__vinf_50__family_cruise_flap_elevator_rear_fixed__source_transition_trim_map__seed_none,FE_tilt_35__V_50__rear_600,35,50,cruise_flap_elevator_rear_fixed,NaN,exact_trim,967.264653273146,600,10.2026597060289,NaN,-4.83948678061871,NaN,-0.0124081110132089,49.9999988275175,-0.0108281194718996,-0.0124081110130543,1,
tilt_35__vinf_50__family_cruise_flap_elevator_rear_fixed__source_transition_trim_map__seed_none,FE_tilt_35__V_50__rear_500,35,50,cruise_flap_elevator_rear_fixed,NaN,exact_trim,971.346475918785,500,10.284887496508,NaN,-4.17068280589411,NaN,0.0109396807984817,49.9999990886105,0.00954667239453102,0.0109396807984823,1,
tilt_35__vinf_50__family_cruise_flap_elevator_rear_fixed__source_transition_trim_map__seed_none,FE_tilt_35__V_50__rear_600,35,50,cruise_flap_elevator_rear_fixed,NaN,exact_trim,967.264653273146,600,10.2026597060289,NaN,-4.83948678061871,NaN,-0.0124081110132089,49.9999988275175,-0.0108281194718996,-0.0124081110130543,1,
tilt_35__vinf_50__family_low_speed_force_balance_rear_fixed__source_transition_trim_map_low_speed__seed_none,LSFB_tilt_35__V_50__rear_600,35,50,low_speed_force_balance_rear_fixed,NaN,exact_trim,967.445012056038,600,10.0983734916537,NaN,-4.94592001696404,NaN,0.0482975671753808,49.9999822367457,0.0421475735176007,0.0482975673043997,1,
tilt_35__vinf_52p5__family_low_speed_force_balance_rear_fixed__source_transition_trim_map_low_speed__seed_none,LSFB_tilt_35__V_52p5__rear_900,35,52.5,low_speed_force_balance_rear_fixed,NaN,exact_trim,935.125059218881,900,7.92205614546388,NaN,-7.28389527516769,NaN,-0.0216618345041313,52.4999962479041,-0.0198486920675166,-0.0216618345031591,1,
tilt_35__vinf_52p5__family_low_speed_force_balance_rear_fixed__source_transition_trim_map_low_speed__seed_none,LSFB_tilt_35__V_52p5__rear_750,35,52.5,low_speed_force_balance_rear_fixed,NaN,exact_trim,943.890091860259,750,8.2058072443241,NaN,-5.79392508466949,NaN,-0.0189899353133224,52.4999971518811,-0.0174004368140295,-0.0189899354039549,1,
tilt_35__vinf_52p5__family_low_speed_force_balance_rear_fixed__source_transition_trim_map_low_speed__seed_none,LSFB_tilt_35__V_52p5__rear_900,35,52.5,low_speed_force_balance_rear_fixed,NaN,exact_trim,935.125059218881,900,7.92205614546388,NaN,-7.28389527516769,NaN,-0.0216618345041313,52.4999962479041,-0.0198486920675166,-0.0216618345031591,1,
tilt_35__vinf_55__family_cruise_flap_elevator_rear_fixed__source_transition_trim_map__seed_none,FE_tilt_35__V_55__rear_600,35,55,cruise_flap_elevator_rear_fixed,NaN,exact_trim,939.47125277621,600,6.75521451594577,NaN,-4.37990802924038,NaN,-0.0116052018813276,54.9999988717827,-0.0111401939991564,-0.0116052018813277,1,
tilt_35__vinf_55__family_cruise_flap_elevator_rear_fixed__source_transition_trim_map__seed_none,FE_tilt_35__V_55__rear_200,35,55,cruise_flap_elevator_rear_fixed,NaN,exact_trim,948.680181791793,200,7.07410363741642,NaN,-2.41411059699299,NaN,-0.00704885125921665,54.9999995873774,-0.00676641144017102,-0.0070488512531533,1,
tilt_35__vinf_55__family_cruise_flap_elevator_rear_fixed__source_transition_trim_map__seed_none,FE_tilt_35__V_55__rear_400,35,55,cruise_flap_elevator_rear_fixed,NaN,exact_trim,945.233031010053,400,6.97585362159858,NaN,-3.21814662237161,NaN,-0.0202350031035906,54.9999965700014,-0.0194242081532034,-0.0202350031035909,1,
tilt_35__vinf_55__family_cruise_flap_elevator_rear_fixed__source_transition_trim_map__seed_none,FE_tilt_35__V_55__rear_500,35,55,cruise_flap_elevator_rear_fixed,NaN,exact_trim,942.300808088831,500,7.05589255952505,NaN,-3.61195298391736,NaN,-0.120537412783552,54.9998782886766,-0.115707524519242,-0.120537412783918,1,
tilt_35__vinf_55__family_cruise_flap_elevator_rear_fixed__source_transition_trim_map__seed_none,FE_tilt_35__V_55__rear_600,35,55,cruise_flap_elevator_rear_fixed,NaN,exact_trim,939.47125277621,600,6.75521451594577,NaN,-4.37990802924038,NaN,-0.0116052018813276,54.9999988717827,-0.0111401939991564,-0.0116052018813277,1,
tilt_35__vinf_55__family_low_speed_force_balance_rear_fixed__source_transition_trim_map_low_speed__seed_none,LSFB_tilt_35__V_55__rear_700,35,55,low_speed_force_balance_rear_fixed,NaN,exact_trim,935.956273156141,700,6.56543427731208,NaN,-5.11679938478116,NaN,0.0195357751505123,54.9999968029552,0.0187529975434568,0.0195357751505126,1,
tilt_35__vinf_55__family_low_speed_force_balance_rear_fixed__source_transition_trim_map_low_speed__seed_none,LSFB_tilt_35__V_55__rear_700,35,55,low_speed_force_balance_rear_fixed,NaN,exact_trim,935.956273156141,700,6.56543427731208,NaN,-5.11679938478116,NaN,0.0195357751505123,54.9999968029552,0.0187529975434568,0.0195357751505126,1,
tilt_35__vinf_60__family_cruise_flap_elevator_rear_fixed__source_transition_trim_map__seed_none,FE_tilt_35__V_60__rear_600,35,60,cruise_flap_elevator_rear_fixed,NaN,exact_trim,936.490854674275,600,4.0448017957325,NaN,-3.68619822851821,NaN,-0.0766081105837381,59.9999466714468,-0.080223796085075,-0.0766081046414419,1,
tilt_35__vinf_60__family_cruise_flap_elevator_rear_fixed__source_transition_trim_map__seed_none,FE_tilt_35__V_60__rear_200,35,60,cruise_flap_elevator_rear_fixed,NaN,exact_trim,944.862009995535,200,4.21142079132698,NaN,-2.02348042464453,NaN,-0.00365056077464048,59.9999998787208,-0.00382285830159294,-0.00365056077506954,1,
tilt_35__vinf_60__family_cruise_flap_elevator_rear_fixed__source_transition_trim_map__seed_none,FE_tilt_35__V_60__rear_300,35,60,cruise_flap_elevator_rear_fixed,NaN,exact_trim,943.736078714142,300,4.13413635780404,NaN,-2.34508090155101,NaN,0.0148763284675494,59.9999979775981,0.0155784545669815,0.0148763284675496,1,
tilt_35__vinf_60__family_cruise_flap_elevator_rear_fixed__source_transition_trim_map__seed_none,FE_tilt_35__V_60__rear_400,35,60,cruise_flap_elevator_rear_fixed,NaN,exact_trim,941.997937628146,400,4.08764414768103,NaN,-2.72877691743116,NaN,0.00467530694200486,59.9999998002508,0.00489596997523888,0.00467530694192064,1,
tilt_35__vinf_60__family_cruise_flap_elevator_rear_fixed__source_transition_trim_map__seed_none,FE_tilt_35__V_60__rear_500,35,60,cruise_flap_elevator_rear_fixed,NaN,exact_trim,939.824478503585,500,4.01422825836103,NaN,-3.23617686132967,NaN,-0.000586144097223501,59.9999999968602,-0.000613808662535209,-0.000586144096540847,1,
tilt_35__vinf_60__family_cruise_flap_elevator_rear_fixed__source_transition_trim_map__seed_none,FE_tilt_35__V_60__rear_600,35,60,cruise_flap_elevator_rear_fixed,NaN,exact_trim,936.490854674275,600,4.0448017957325,NaN,-3.68619822851821,NaN,-0.0766081105837381,59.9999466714468,-0.080223796085075,-0.0766081046414419,1,
tilt_35__vinf_65__family_cruise_flap_elevator_rear_fixed__source_transition_trim_map__seed_none,FE_tilt_35__V_65__rear_600,35,65,cruise_flap_elevator_rear_fixed,NaN,exact_trim,950.270121993939,600,1.84741694033315,NaN,-2.99118396038332,NaN,-0.1299516118992,64.9998334413678,-0.147425293912644,-0.129951604540466,1,
tilt_35__vinf_65__family_cruise_flap_elevator_rear_fixed__source_transition_trim_map__seed_none,FE_tilt_35__V_65__rear_200,35,65,cruise_flap_elevator_rear_fixed,NaN,exact_trim,957.79670015165,200,1.95552669900482,NaN,-0.817945994370034,NaN,-0.0721398886572684,64.9999484787533,-0.081840086041224,-0.0721398886776486,1,
tilt_35__vinf_65__family_cruise_flap_elevator_rear_fixed__source_transition_trim_map__seed_none,FE_tilt_35__V_65__rear_300,35,65,cruise_flap_elevator_rear_fixed,NaN,exact_trim,958.428169065742,300,1.81129182151351,NaN,-1.85848749707305,NaN,0.00469858761191747,65.0000000001012,0.00533037851288711,0.00469858755862396,1,
tilt_35__vinf_65__family_cruise_flap_elevator_rear_fixed__source_transition_trim_map__seed_none,FE_tilt_35__V_65__rear_400,35,65,cruise_flap_elevator_rear_fixed,NaN,exact_trim,956.809844380862,400,1.75769816995332,NaN,-2.21337991132665,NaN,0.00543688754595088,64.9999997632899,0.00616795326622789,0.00543688754792373,1,
tilt_35__vinf_65__family_cruise_flap_elevator_rear_fixed__source_transition_trim_map__seed_none,FE_tilt_35__V_65__rear_500,35,65,cruise_flap_elevator_rear_fixed,NaN,exact_trim,953.727277470317,500,1.82756289536864,NaN,-2.53328980066511,NaN,-0.0724875019128627,64.9999479807238,-0.0822344404328172,-0.0724875019128655,1,
tilt_35__vinf_65__family_cruise_flap_elevator_rear_fixed__source_transition_trim_map__seed_none,FE_tilt_35__V_65__rear_600,35,65,cruise_flap_elevator_rear_fixed,NaN,exact_trim,950.270121993939,600,1.84741694033315,NaN,-2.99118396038332,NaN,-0.1299516118992,64.9998334413678,-0.147425293912644,-0.129951604540466,1,
tilt_35__vinf_70__family_cruise_flap_elevator_rear_fixed__source_transition_trim_map__seed_none,FE_tilt_35__V_70__rear_700,35,70,cruise_flap_elevator_rear_fixed,NaN,exact_trim,964.22455896407,700,-0.413020014999288,NaN,-3.70243694962284,NaN,-0.00121281720993814,70.0000003013891,-0.00148173568977585,-0.00121281715714074,1,
tilt_35__vinf_70__family_cruise_flap_elevator_rear_fixed__source_transition_trim_map__seed_none,FE_tilt_35__V_70__rear_400,35,70,cruise_flap_elevator_rear_fixed,NaN,exact_trim,966.73220316363,400,-0.00494979036045238,NaN,-2.15795204286608,NaN,-0.00297806564565647,69.9999999999866,-0.00363839354682563,-0.00297806563218647,1,
tilt_35__vinf_70__family_cruise_flap_elevator_rear_fixed__source_transition_trim_map__seed_none,FE_tilt_35__V_70__rear_500,35,70,cruise_flap_elevator_rear_fixed,NaN,exact_trim,966.000991443291,500,-0.117830136698398,NaN,-2.58746752362331,NaN,-0.00109520670521846,69.9999999872111,-0.00133804740963616,-0.00109520670521762,1,
tilt_35__vinf_70__family_cruise_flap_elevator_rear_fixed__source_transition_trim_map__seed_none,FE_tilt_35__V_70__rear_600,35,70,cruise_flap_elevator_rear_fixed,NaN,exact_trim,964.754778274134,600,-0.217834652245108,NaN,-3.075799642316,NaN,-0.0206855248435068,69.9999954379955,-0.0252721355725074,-0.0206855248434701,1,
tilt_35__vinf_70__family_cruise_flap_elevator_rear_fixed__source_transition_trim_map__seed_none,FE_tilt_35__V_70__rear_700,35,70,cruise_flap_elevator_rear_fixed,NaN,exact_trim,964.22455896407,700,-0.413020014999288,NaN,-3.70243694962284,NaN,-0.00121281720993814,70.0000003013891,-0.00148173568977585,-0.00121281715714074,1,
tilt_35__vinf_75__family_cruise_flap_elevator_rear_fixed__source_transition_trim_map__seed_none,FE_tilt_35__V_75__rear_600,35,75,cruise_flap_elevator_rear_fixed,NaN,exact_trim,1017.25306541002,600,-2.56670269252119,NaN,-3.67522099633619,NaN,0.12431318096744,74.9998235444609,0.162725437552902,0.124313174625232,1,
tilt_35__vinf_75__family_cruise_flap_elevator_rear_fixed__source_transition_trim_map__seed_none,FE_tilt_35__V_75__rear_300,35,75,cruise_flap_elevator_rear_fixed,NaN,exact_trim,1014.4566103263,300,-2.14178592876022,NaN,-2.38513855946719,NaN,-0.0350394687467932,74.9999859750603,-0.0458665544745876,-0.0350394687467941,1,
tilt_35__vinf_75__family_cruise_flap_elevator_rear_fixed__source_transition_trim_map__seed_none,FE_tilt_35__V_75__rear_400,35,75,cruise_flap_elevator_rear_fixed,NaN,exact_trim,1013.87485568727,400,-2.1706610347013,NaN,-2.64774716178558,NaN,-0.0382647930094551,74.9999832742829,-0.0500884931972685,-0.0382647930094482,1,
tilt_35__vinf_75__family_cruise_flap_elevator_rear_fixed__source_transition_trim_map__seed_none,FE_tilt_35__V_75__rear_600,35,75,cruise_flap_elevator_rear_fixed,NaN,exact_trim,1017.25306541002,600,-2.56670269252119,NaN,-3.67522099633619,NaN,0.12431318096744,74.9998235444609,0.162725437552902,0.124313174625232,1,
tilt_37p5__vinf_5__family_front_rear_free_flap_elevator__source_transition_trim_lowmid_guidegrid_scored__seed_guide_v5_t37p5_f75_rm150,MidbandGuide_Tilt37p5_V5,37.5,5,front_rear_free_flap_elevator,1.32656214996767e-08,exact_trim,2047.9356690898,1622.59068250679,-23.2802950185648,0,-17.8437472594418,0,23.09111431092,4.59941165871295,1.96097230898212,23.091114309234,1,
tilt_37p5__vinf_7p5__family_front_rear_free_flap_elevator__source_transition_trim_lowmid_guidegrid_scored__seed_guide_v7p5_t37p5_fm150_r0,MidbandGuide_Tilt37p5_V7p5,37.5,7.5,front_rear_free_flap_elevator,3.10267932078257e-11,exact_trim,2034.42219051395,1616.13665365852,12.7428852003547,0,1.00053186622971,0,22.1901864352346,6.9445146557056,2.83261649305192,22.1901864352178,1,
tilt_37p5__vinf_10__family_front_rear_free_flap_elevator__source_transition_trim_lowmid_guidegrid_scored__seed_referencelinescored_tilt35_v7p5,MidbandGuide_Tilt37p5_V10,37.5,10,front_rear_free_flap_elevator,3.87736541324144e-11,exact_trim,2030.07752951663,1575.90084325259,-15.7729037392841,0,22.4101172111074,0,22.5638278534309,9.23452647612673,3.83712402219745,22.5638278534354,1,
tilt_37p5__vinf_17p5__family_front_rear_free_flap_elevator__source_transition_trim_rearon_forever_scored__seed_entry_referencelinescored_tilt27p5_v15,ReferenceLineScored_Tilt37p5_V17p5,37.5,17.5,front_rear_free_flap_elevator,6.75826164434454e-09,exact_trim,1963.32214591622,1394.98678531714,-21.4158621094446,0,23.8319481187556,0,22.4941395138807,16.1685767329824,6.69530630218759,22.4941395121473,1,
tilt_40__vinf_5__family_front_rear_free_flap_elevator__source_transition_trim_lowmid_guidegrid_scored__seed_entry_midbandguide_tilt37p5_v5,MidbandGuide_Tilt40_V5,40,5,front_rear_free_flap_elevator,1.20473104976753e-11,exact_trim,2069.04345605723,1614.44202308515,24.999809824628,0,-24.999918536191,0,24.4996863067927,4.54981770649889,2.07344130315506,24.4996863068,1,
tilt_40__vinf_7p5__family_front_rear_free_flap_elevator__source_transition_trim_lowmid_guidegrid_scored__seed_guide_v7p5_t40_f0_rm75,MidbandGuide_Tilt40_V7p5,40,7.5,front_rear_free_flap_elevator,2.4539229556471e-13,exact_trim,2056.51661712603,1598.64909289886,24.9396188526716,0,19.4189076823249,0,23.7085688387641,6.86701852515913,3.01563535181581,23.7085688387642,1,
tilt_40__vinf_12p5__family_front_rear_free_flap_elevator__source_transition_trim_lowmid_guidegrid_scored__seed_guide_v12p5_t40_fm75_rm75,MidbandGuide_Tilt40_V12p5,40,12.5,front_rear_free_flap_elevator,1.60984650901585e-10,exact_trim,2030.81966205798,1519.55258635585,-22.27265562127,0,-24.3817906727797,0,25.0269448476681,11.3263617433784,5.28805537586357,25.0269448474697,1,
tilt_40__vinf_20__family_front_rear_free_flap_elevator__source_transition_trim_path_scored_branch30v20__seed_parent_entry_pathscored_tilt35_v20,PathScored_Tilt40_V20,40,20,front_rear_free_flap_elevator,2.57048870901649e-09,exact_trim,1921.16396450319,1466.19739786009,22.2436597191422,0,21.6634503158702,0,16.8301620639629,19.1433442135988,5.79071432048231,16.8301620640542,1,
tilt_40__vinf_22p5__family_front_rear_free_flap_elevator__source_transition_trim_path_scored__seed_parent_entry_pathscored_tilt35_v20,PathScored_Tilt40_V22p5,40,22.5,front_rear_free_flap_elevator,1.38147809366407e-10,exact_trim,1881.25510843347,1432.91922663502,22.2087499385028,0,8.06636249351772,0,15.404876718591,21.6916379547502,5.97685894441391,15.4048767184941,1,
tilt_40__vinf_42p5__family_low_speed_force_balance_rear_fixed__source_transition_trim_map_low_speed__seed_none,LSFB_tilt_40__V_42p5__rear_750,40,42.5,low_speed_force_balance_rear_fixed,NaN,exact_trim,1054.55176849929,750,19.8684578518065,NaN,-6.87823261959295,NaN,-0.117863099121836,42.4999100773256,-0.0874266520312205,-0.117863099087131,1,
tilt_40__vinf_45__family_cruise_flap_elevator_rear_fixed__source_transition_trim_map__seed_none,FE_tilt_40__V_45__rear_700,40,45,cruise_flap_elevator_rear_fixed,NaN,exact_trim,988.291828695416,700,17.1511352110524,NaN,-5.57524287877523,NaN,-0.872929846822606,44.994777390692,-0.685570975231888,-0.872929846808762,1,
tilt_40__vinf_45__family_cruise_flap_elevator_rear_fixed__source_transition_trim_map__seed_none,FE_tilt_40__V_45__rear_200,40,45,cruise_flap_elevator_rear_fixed,NaN,exact_trim,1013.81894830843,200,16.5513868142734,NaN,-3.2812787090683,NaN,-0.013075009632231,44.9999988648796,-0.0102690885018119,-0.0130750096717425,1,
tilt_40__vinf_45__family_cruise_flap_elevator_rear_fixed__source_transition_trim_map__seed_none,FE_tilt_40__V_45__rear_300,40,45,cruise_flap_elevator_rear_fixed,NaN,exact_trim,1010.8425341142,300,16.418987766062,NaN,-3.82434338884987,NaN,0.00689595714006622,44.9999996740693,0.00541607205964652,0.006895957140126,1,
tilt_40__vinf_45__family_cruise_flap_elevator_rear_fixed__source_transition_trim_map__seed_none,FE_tilt_40__V_45__rear_400,40,45,cruise_flap_elevator_rear_fixed,NaN,exact_trim,1007.29441215266,400,16.686242278358,NaN,-3.94919456395971,NaN,-0.242943923040749,44.9995954735214,-0.190807139214623,-0.242943923040113,1,
tilt_40__vinf_45__family_cruise_flap_elevator_rear_fixed__source_transition_trim_map__seed_none,FE_tilt_40__V_45__rear_700,40,45,cruise_flap_elevator_rear_fixed,NaN,exact_trim,988.291828695416,700,17.1511352110524,NaN,-5.57524287877523,NaN,-0.872929846822606,44.994777390692,-0.685570975231888,-0.872929846808762,1,
tilt_40__vinf_45__family_low_speed_force_balance_rear_fixed__source_transition_trim_map_low_speed__seed_none,LSFB_tilt_40__V_45__rear_900,40,45,low_speed_force_balance_rear_fixed,NaN,exact_trim,974.014547647743,900,15.0240980127644,NaN,-10.9312877342888,NaN,0.0434828431980938,44.9999871695843,0.0341513427959592,0.0434828442033721,1,
tilt_40__vinf_45__family_low_speed_force_balance_rear_fixed__source_transition_trim_map_low_speed__seed_none,LSFB_tilt_40__V_45__rear_750,40,45,low_speed_force_balance_rear_fixed,NaN,exact_trim,985.451107373154,750,15.6398174882552,NaN,-7.85889739713611,NaN,-0.0376625800322118,44.9999902779605,-0.0295801190558929,-0.0376625800322119,1,
tilt_40__vinf_45__family_low_speed_force_balance_rear_fixed__source_transition_trim_map_low_speed__seed_none,LSFB_tilt_40__V_45__rear_900,40,45,low_speed_force_balance_rear_fixed,NaN,exact_trim,974.014547647743,900,15.0240980127644,NaN,-10.9312877342888,NaN,0.0434828431980938,44.9999871695843,0.0341513427959592,0.0434828442033721,1,
tilt_40__vinf_47p5__family_low_speed_force_balance_rear_fixed__source_transition_trim_map_low_speed__seed_none,LSFB_tilt_40__V_47p5__rear_750,40,47.5,low_speed_force_balance_rear_fixed,NaN,exact_trim,952.214778291882,750,12.9149691525715,NaN,-7.3433398738238,NaN,-0.0317207618080365,47.4999927533285,-0.0262975063114214,-0.0317207620903317,1,
tilt_40__vinf_47p5__family_low_speed_force_balance_rear_fixed__source_transition_trim_map_low_speed__seed_none,LSFB_tilt_40__V_47p5__rear_750,40,47.5,low_speed_force_balance_rear_fixed,NaN,exact_trim,952.214778291882,750,12.9149691525715,NaN,-7.3433398738238,NaN,-0.0317207618080365,47.4999927533285,-0.0262975063114214,-0.0317207620903317,1,
tilt_40__vinf_50__family_cruise_flap_elevator_rear_fixed__source_transition_trim_map__seed_none,FE_tilt_40__V_50__rear_700,40,50,cruise_flap_elevator_rear_fixed,NaN,exact_trim,928.819730837815,700,10.5983719274,NaN,-6.48531442445668,NaN,0.00267281325187728,49.9999999455964,0.00233246957602586,0.00267281325194839,1,
tilt_40__vinf_50__family_cruise_flap_elevator_rear_fixed__source_transition_trim_map__seed_none,FE_tilt_40__V_50__rear_200,40,50,cruise_flap_elevator_rear_fixed,NaN,exact_trim,946.01976549449,200,11.1601330832387,NaN,-3.55031379885646,NaN,0.00484014519093554,49.9999998236794,0.00422382348924214,0.00484014519239072,1,
tilt_40__vinf_50__family_cruise_flap_elevator_rear_fixed__source_transition_trim_map__seed_none,FE_tilt_40__V_50__rear_300,40,50,cruise_flap_elevator_rear_fixed,NaN,exact_trim,943.903982637337,300,11.1000627380222,NaN,-3.88525594895959,NaN,-0.00111340011610843,49.9999999905593,-0.000971624895847971,-0.00111340011610862,1,
tilt_40__vinf_50__family_cruise_flap_elevator_rear_fixed__source_transition_trim_map__seed_none,FE_tilt_40__V_50__rear_400,40,50,cruise_flap_elevator_rear_fixed,NaN,exact_trim,940.952641621413,400,11.0985961139663,NaN,-4.23244184700903,NaN,-0.0600327254875127,49.9999725547464,-0.052388426425202,-0.0600327255738227,1,
tilt_40__vinf_50__family_cruise_flap_elevator_rear_fixed__source_transition_trim_map__seed_none,FE_tilt_40__V_50__rear_500,40,50,cruise_flap_elevator_rear_fixed,NaN,exact_trim,937.28495704389,500,11.0147657102122,NaN,-4.77748249831156,NaN,-0.0801162943079468,49.9999511194471,-0.0699146332282246,-0.0801162943111418,1,
tilt_40__vinf_50__family_cruise_flap_elevator_rear_fixed__source_transition_trim_map__seed_none,FE_tilt_40__V_50__rear_600,40,50,cruise_flap_elevator_rear_fixed,NaN,exact_trim,933.37531918196,600,10.7122438266966,NaN,-5.67215755750593,NaN,0.0238800638834037,49.999995657265,0.0208392864190645,0.0238800638888915,1,
tilt_40__vinf_50__family_cruise_flap_elevator_rear_fixed__source_transition_trim_map__seed_none,FE_tilt_40__V_50__rear_700,40,50,cruise_flap_elevator_rear_fixed,NaN,exact_trim,928.819730837815,700,10.5983719274,NaN,-6.48531442445668,NaN,0.00267281325187728,49.9999999455964,0.00233246957602586,0.00267281325194839,1,
tilt_40__vinf_50__family_low_speed_force_balance_rear_fixed__source_transition_trim_map_low_speed__seed_none,LSFB_tilt_40__V_50__rear_750,40,50,low_speed_force_balance_rear_fixed,NaN,exact_trim,926.290939468569,750,10.52466193855,NaN,-6.94920287146212,NaN,-0.0032330796689151,49.9999999203977,-0.00282139425860044,-0.00323307966892067,1,
tilt_40__vinf_50__family_low_speed_force_balance_rear_fixed__source_transition_trim_map_low_speed__seed_none,LSFB_tilt_40__V_50__rear_750,40,50,low_speed_force_balance_rear_fixed,NaN,exact_trim,926.290939468569,750,10.52466193855,NaN,-6.94920287146212,NaN,-0.0032330796689151,49.9999999203977,-0.00282139425860044,-0.00323307966892067,1,
tilt_40__vinf_52p5__family_low_speed_force_balance_rear_fixed__source_transition_trim_map_low_speed__seed_none,LSFB_tilt_40__V_52p5__rear_750,40,52.5,low_speed_force_balance_rear_fixed,NaN,exact_trim,910.966980619531,750,8.55414683934973,NaN,-6.6804607698532,NaN,0.108230543915274,52.4999063336504,0.0991713565057182,0.108230543915275,1,
tilt_40__vinf_52p5__family_low_speed_force_balance_rear_fixed__source_transition_trim_map_low_speed__seed_none,LSFB_tilt_40__V_52p5__rear_750,40,52.5,low_speed_force_balance_rear_fixed,NaN,exact_trim,910.966980619531,750,8.55414683934973,NaN,-6.6804607698532,NaN,0.108230543915274,52.4999063336504,0.0991713565057182,0.108230543915275,1,
tilt_40__vinf_55__family_cruise_flap_elevator_rear_fixed__source_transition_trim_map__seed_none,FE_tilt_40__V_55__rear_700,40,55,cruise_flap_elevator_rear_fixed,NaN,exact_trim,898.581617097702,700,7.15876735729079,NaN,-5.64695351292375,NaN,-0.0358718362155566,54.9999892206009,-0.0344344885385178,-0.0358718362152893,1,
tilt_40__vinf_55__family_cruise_flap_elevator_rear_fixed__source_transition_trim_map__seed_none,FE_tilt_40__V_55__rear_200,40,55,cruise_flap_elevator_rear_fixed,NaN,exact_trim,913.093542616718,200,7.5719417723821,NaN,-3.25285579755891,NaN,0.00846929895269752,54.9999993991274,0.00812994333374007,0.00846929895272997,1,
tilt_40__vinf_55__family_cruise_flap_elevator_rear_fixed__source_transition_trim_map__seed_none,FE_tilt_40__V_55__rear_300,40,55,cruise_flap_elevator_rear_fixed,NaN,exact_trim,911.43106582127,300,7.55712684075765,NaN,-3.55527184929053,NaN,-0.0146862251525525,54.999998214642,-0.0140977639891539,-0.0146862251941864,1,
tilt_40__vinf_55__family_cruise_flap_elevator_rear_fixed__source_transition_trim_map__seed_none,FE_tilt_40__V_55__rear_400,40,55,cruise_flap_elevator_rear_fixed,NaN,exact_trim,908.967866520927,400,7.54394807893998,NaN,-3.874775371971,NaN,-0.052401422311796,54.9999769975841,-0.0503017473516215,-0.0524014223121373,1,
tilt_40__vinf_55__family_cruise_flap_elevator_rear_fixed__source_transition_trim_map__seed_none,FE_tilt_40__V_55__rear_500,40,55,cruise_flap_elevator_rear_fixed,NaN,exact_trim,905.857390011214,500,7.39818091745668,NaN,-4.40056042106491,NaN,-0.0245489949163877,54.9999949682012,-0.0235653428097934,-0.0245489950306076,1,
tilt_40__vinf_55__family_cruise_flap_elevator_rear_fixed__source_transition_trim_map__seed_none,FE_tilt_40__V_55__rear_600,40,55,cruise_flap_elevator_rear_fixed,NaN,exact_trim,902.367351660164,600,7.22989761625981,NaN,-5.02983688383178,NaN,0.00375369121313567,54.999999882099,0.00360328488962091,0.00375369121283147,1,
tilt_40__vinf_55__family_cruise_flap_elevator_rear_fixed__source_transition_trim_map__seed_none,FE_tilt_40__V_55__rear_700,40,55,cruise_flap_elevator_rear_fixed,NaN,exact_trim,898.581617097702,700,7.15876735729079,NaN,-5.64695351292375,NaN,-0.0358718362155566,54.9999892206009,-0.0344344885385178,-0.0358718362152893,1,
tilt_40__vinf_55__family_low_speed_force_balance_rear_fixed__source_transition_trim_map_low_speed__seed_none,LSFB_tilt_40__V_55__rear_850,40,55,low_speed_force_balance_rear_fixed,NaN,exact_trim,892.434991495333,850,6.86059323146356,NaN,-6.93919552079922,NaN,-0.0076036116233238,54.9999995166907,-0.00729894315819613,-0.0076036116198254,1,
tilt_40__vinf_55__family_low_speed_force_balance_rear_fixed__source_transition_trim_map_low_speed__seed_none,LSFB_tilt_40__V_55__rear_700,40,55,low_speed_force_balance_rear_fixed,NaN,exact_trim,898.74092595056,700,7.10445454441319,NaN,-5.7013922810011,NaN,-0.00431246485980614,54.9999998442104,-0.00413966908350011,-0.0043124648598053,1,
tilt_40__vinf_55__family_low_speed_force_balance_rear_fixed__source_transition_trim_map_low_speed__seed_none,LSFB_tilt_40__V_55__rear_850,40,55,low_speed_force_balance_rear_fixed,NaN,exact_trim,892.434991495333,850,6.86059323146356,NaN,-6.93919552079922,NaN,-0.0076036116233238,54.9999995166907,-0.00729894315819613,-0.0076036116198254,1,
tilt_40__vinf_60__family_cruise_flap_elevator_rear_fixed__source_transition_trim_map__seed_none,FE_tilt_40__V_60__rear_700,40,60,cruise_flap_elevator_rear_fixed,NaN,exact_trim,894.734646663212,700,4.25928937395378,NaN,-4.89824751116689,NaN,-0.0130985858056429,59.9999984501233,-0.0137168068946107,-0.0130985858344436,1,
tilt_40__vinf_60__family_cruise_flap_elevator_rear_fixed__source_transition_trim_map__seed_none,FE_tilt_40__V_60__rear_200,40,60,cruise_flap_elevator_rear_fixed,NaN,exact_trim,905.491232038238,200,4.64054616441021,NaN,-2.77776476192282,NaN,0.0154504112485196,59.9999978184959,0.0161796326283505,0.0154504112485282,1,
tilt_40__vinf_60__family_cruise_flap_elevator_rear_fixed__source_transition_trim_map__seed_none,FE_tilt_40__V_60__rear_300,40,60,cruise_flap_elevator_rear_fixed,NaN,exact_trim,904.386844696774,300,4.56300636465223,NaN,-3.09705056463135,NaN,0.0335543056487353,59.9999897110156,0.0351379846989344,0.0335543056487354,1,
tilt_40__vinf_60__family_cruise_flap_elevator_rear_fixed__source_transition_trim_map__seed_none,FE_tilt_40__V_60__rear_400,40,60,cruise_flap_elevator_rear_fixed,NaN,exact_trim,902.723383217537,400,4.53024337004026,NaN,-3.46066103081013,NaN,0.0141496821134991,59.999998170771,0.0148175123157601,0.014149682119997,1,
tilt_40__vinf_60__family_cruise_flap_elevator_rear_fixed__source_transition_trim_map__seed_none,FE_tilt_40__V_60__rear_500,40,60,cruise_flap_elevator_rear_fixed,NaN,exact_trim,900.494622408307,500,4.48293750807797,NaN,-3.86031053342874,NaN,-0.00841491937767671,59.9999993529146,-0.00881208293347008,-0.00841491937703392,1,
tilt_40__vinf_60__family_cruise_flap_elevator_rear_fixed__source_transition_trim_map__seed_none,FE_tilt_40__V_60__rear_600,40,60,cruise_flap_elevator_rear_fixed,NaN,exact_trim,898.046043910905,600,4.32934978894447,NaN,-4.38636721671404,NaN,0.0191295345830385,59.9999967930421,0.0200324011212151,0.0191295342743075,1,
tilt_40__vinf_60__family_cruise_flap_elevator_rear_fixed__source_transition_trim_map__seed_none,FE_tilt_40__V_60__rear_700,40,60,cruise_flap_elevator_rear_fixed,NaN,exact_trim,894.734646663212,700,4.25928937395378,NaN,-4.89824751116689,NaN,-0.0130985858056429,59.9999984501233,-0.0137168068946107,-0.0130985858344436,1,
tilt_40__vinf_65__family_cruise_flap_elevator_rear_fixed__source_transition_trim_map__seed_none,FE_tilt_40__V_65__rear_700,40,65,cruise_flap_elevator_rear_fixed,NaN,exact_trim,908.407279505053,700,1.91304143834549,NaN,-4.23140104503072,NaN,-0.00614133265864574,64.9999996266089,-0.00696712088463722,-0.00614133265863908,1,
tilt_40__vinf_65__family_cruise_flap_elevator_rear_fixed__source_transition_trim_map__seed_none,FE_tilt_40__V_65__rear_200,40,65,cruise_flap_elevator_rear_fixed,NaN,exact_trim,916.549102757425,200,2.1991602471792,NaN,-2.32227110771758,NaN,0.041497444499794,64.9999833664179,0.0470773549728108,0.0414974456798791,1,
tilt_40__vinf_65__family_cruise_flap_elevator_rear_fixed__source_transition_trim_map__seed_none,FE_tilt_40__V_65__rear_300,40,65,cruise_flap_elevator_rear_fixed,NaN,exact_trim,915.387947730974,300,2.23225028020072,NaN,-2.48773525314405,NaN,-0.00122924024091386,64.9999999850475,-0.00139452881751519,-0.0012292402409094,1,
tilt_40__vinf_65__family_cruise_flap_elevator_rear_fixed__source_transition_trim_map__seed_none,FE_tilt_40__V_65__rear_400,40,65,cruise_flap_elevator_rear_fixed,NaN,exact_trim,914.259581632274,400,2.15675409779001,NaN,-2.84708195302319,NaN,0.00974562842783875,64.999999059719,0.0110560646899122,0.00974562842784809,1,
tilt_40__vinf_65__family_cruise_flap_elevator_rear_fixed__source_transition_trim_map__seed_none,FE_tilt_40__V_65__rear_500,40,65,cruise_flap_elevator_rear_fixed,NaN,exact_trim,912.522745955516,500,2.12162117198141,NaN,-3.24461794994671,NaN,-0.0120404732044061,64.9999985649463,-0.013659483454123,-0.0120404732001244,1,
tilt_40__vinf_65__family_cruise_flap_elevator_rear_fixed__source_transition_trim_map__seed_none,FE_tilt_40__V_65__rear_600,40,65,cruise_flap_elevator_rear_fixed,NaN,exact_trim,910.526044836299,600,2.04737848064477,NaN,-3.7259768921617,NaN,-0.0209843311235444,64.999995754064,-0.0238059676841395,-0.0209843308251978,1,
tilt_40__vinf_65__family_cruise_flap_elevator_rear_fixed__source_transition_trim_map__seed_none,FE_tilt_40__V_65__rear_700,40,65,cruise_flap_elevator_rear_fixed,NaN,exact_trim,908.407279505053,700,1.91304143834549,NaN,-4.23140104503072,NaN,-0.00614133265864574,64.9999996266089,-0.00696712088463722,-0.00614133265863908,1,
tilt_40__vinf_70__family_cruise_flap_elevator_rear_fixed__source_transition_trim_map__seed_none,FE_tilt_40__V_70__rear_700,40,70,cruise_flap_elevator_rear_fixed,NaN,exact_trim,919.296272310079,700,0.0230952692266869,NaN,-4.05513504092923,NaN,0.0527725137258426,69.9999703144959,0.0644737789572614,0.0527725135068225,1,
tilt_40__vinf_70__family_cruise_flap_elevator_rear_fixed__source_transition_trim_map__seed_none,FE_tilt_40__V_70__rear_200,40,70,cruise_flap_elevator_rear_fixed,NaN,exact_trim,927.287222404692,200,0.434942991024026,NaN,-2.11461078735564,NaN,-0.00844750822568781,69.9999992554335,-0.0103205782254013,-0.00844750823507389,1,
tilt_40__vinf_70__family_cruise_flap_elevator_rear_fixed__source_transition_trim_map__seed_none,FE_tilt_40__V_70__rear_300,40,70,cruise_flap_elevator_rear_fixed,NaN,exact_trim,926.401307669236,300,0.381081454634949,NaN,-2.35146357512074,NaN,0.0033264565363764,69.9999998820253,0.00406403332662165,0.00332645653638209,1,
tilt_40__vinf_70__family_cruise_flap_elevator_rear_fixed__source_transition_trim_map__seed_none,FE_tilt_40__V_70__rear_400,40,70,cruise_flap_elevator_rear_fixed,NaN,exact_trim,924.942820168392,400,0.338668231987359,NaN,-2.64987014005049,NaN,0.000845624066186849,69.9999999923805,0.00103312469319835,0.000845624066187981,1,
tilt_40__vinf_70__family_cruise_flap_elevator_rear_fixed__source_transition_trim_map__seed_none,FE_tilt_40__V_70__rear_500,40,70,cruise_flap_elevator_rear_fixed,NaN,exact_trim,922.846844735644,500,0.311310989760206,NaN,-3.00666660380257,NaN,-0.0178592909002869,69.9999965994345,-0.0218192396262541,-0.0178592909001836,1,
tilt_40__vinf_70__family_cruise_flap_elevator_rear_fixed__source_transition_trim_map__seed_none,FE_tilt_40__V_70__rear_600,40,70,cruise_flap_elevator_rear_fixed,NaN,exact_trim,920.947190750563,600,0.205617921531397,NaN,-3.51307055516319,NaN,0.000282596297514361,69.9999999991482,0.000345256509188544,0.000282596297514337,1,
tilt_40__vinf_70__family_cruise_flap_elevator_rear_fixed__source_transition_trim_map__seed_none,FE_tilt_40__V_70__rear_700,40,70,cruise_flap_elevator_rear_fixed,NaN,exact_trim,919.296272310079,700,0.0230952692266869,NaN,-4.05513504092923,NaN,0.0527725137258426,69.9999703144959,0.0644737789572614,0.0527725135068225,1,
tilt_40__vinf_75__family_cruise_flap_elevator_rear_fixed__source_transition_trim_map__seed_none,FE_tilt_40__V_75__rear_700,40,75,cruise_flap_elevator_rear_fixed,NaN,exact_trim,960.814264308024,700,-2.06519335323284,NaN,-4.17611193701721,NaN,-0.0323394365917694,74.9999880572323,-0.0423322213816431,-0.0323394366831451,1,
tilt_40__vinf_75__family_cruise_flap_elevator_rear_fixed__source_transition_trim_map__seed_none,FE_tilt_40__V_75__rear_200,40,75,cruise_flap_elevator_rear_fixed,NaN,exact_trim,964.311449420473,200,-1.88185918216447,NaN,-2.67941236006673,NaN,-0.0070481544809587,74.9999994347147,-0.009226012618558,-0.00704815448127545,1,
tilt_40__vinf_75__family_cruise_flap_elevator_rear_fixed__source_transition_trim_map__seed_none,FE_tilt_40__V_75__rear_300,40,75,cruise_flap_elevator_rear_fixed,NaN,exact_trim,964.082345213405,300,-1.91535050956162,NaN,-2.87832598245358,NaN,-0.00231181486905693,74.9999999389492,-0.00302615858629949,-0.0023118148690571,1,
tilt_40__vinf_75__family_cruise_flap_elevator_rear_fixed__source_transition_trim_map__seed_none,FE_tilt_40__V_75__rear_400,40,75,cruise_flap_elevator_rear_fixed,NaN,exact_trim,963.931241137523,400,-1.9742189954783,NaN,-3.16777810530344,NaN,0.0109699538926317,74.999998625339,0.0143596359786483,0.0109699538926322,1,
tilt_40__vinf_75__family_cruise_flap_elevator_rear_fixed__source_transition_trim_map__seed_none,FE_tilt_40__V_75__rear_500,40,75,cruise_flap_elevator_rear_fixed,NaN,exact_trim,962.635693685418,500,-1.95822364509513,NaN,-3.45411110969795,NaN,-0.023241918728725,74.9999938795229,-0.0304235996606655,-0.0232419187305572,1,
tilt_40__vinf_75__family_cruise_flap_elevator_rear_fixed__source_transition_trim_map__seed_none,FE_tilt_40__V_75__rear_600,40,75,cruise_flap_elevator_rear_fixed,NaN,exact_trim,962.346863528321,600,-2.04632244605992,NaN,-3.83882101746362,NaN,-0.00551881456995797,74.999999999992,-0.00722411128870343,-0.00551881448394,1,
tilt_40__vinf_75__family_cruise_flap_elevator_rear_fixed__source_transition_trim_map__seed_none,FE_tilt_40__V_75__rear_700,40,75,cruise_flap_elevator_rear_fixed,NaN,exact_trim,960.814264308024,700,-2.06519335323284,NaN,-4.17611193701721,NaN,-0.0323394365917694,74.9999880572323,-0.0423322213816431,-0.0323394366831451,1,
tilt_42p5__vinf_7p5__family_front_rear_free_flap_elevator__source_transition_trim_lowmid_guidegrid_scored__seed_guide_v7p5_t42p5_fm150_rm150,MidbandGuide_Tilt42p5_V7p5,42.5,7.5,front_rear_free_flap_elevator,2.93029584140655e-11,exact_trim,2085.79165254203,1575.00156226928,9.28862777805759,0,24.8174713655123,0,26.1491608982584,6.73237326630584,3.30532149769685,26.1491608982824,1,
tilt_42p5__vinf_10__family_front_rear_free_flap_elevator__source_transition_trim_lowmid_guidegrid_scored__seed_guide_v10_t42p5_fm75_r75,MidbandGuide_Tilt42p5_V10,42.5,10,front_rear_free_flap_elevator,2.92330687300919e-11,exact_trim,2079.38996211617,1531.10161496648,-24.4763648281498,0,16.5183478980068,0,26.8627255473977,8.92091677661983,4.51854444093034,26.8627255473831,1,
tilt_42p5__vinf_12p5__family_front_rear_free_flap_elevator__source_transition_trim_lowmid_guidegrid_scored__seed_guide_v12p5_t42p5_f0_r0,MidbandGuide_Tilt42p5_V12p5,42.5,12.5,front_rear_free_flap_elevator,8.84537974213133e-13,exact_trim,2066.89534775257,1520.40331534364,-20.2127583742325,0,-22.7591855930604,0,26.5477048553068,11.1820318014335,5.58678483492346,26.5477048553068,1,
tilt_45__vinf_7p5__family_front_rear_free_flap_elevator__source_transition_trim_lowmid_guidegrid_scored__seed_guide_v7p5_t45_fm75_r0,MidbandGuide_Tilt45_V7p5,45,7.5,front_rear_free_flap_elevator,2.69225756670356e-11,exact_trim,2121.29631394551,1547.13687678432,-24.9126825126944,0,14.0208677550791,0,29.0599685098551,6.55583852384249,3.64293580087645,29.0599685098503,1,
tilt_45__vinf_10__family_front_rear_free_flap_elevator__source_transition_trim_lowmid_guidegrid_scored__seed_guide_v10_t45_fm150_r150,MidbandGuide_Tilt45_V10,45,10,front_rear_free_flap_elevator,7.54408293654253e-12,exact_trim,2103.98366933913,1530.97527489444,-11.8434793299005,0,-14.3303104137378,0,28.5665158418292,8.78262577219534,4.78178675241555,28.5665158418257,1,
tilt_45__vinf_12p5__family_front_rear_free_flap_elevator__source_transition_trim_lowmid_guidegrid_scored__seed_guide_v12p5_t45_fm75_r150,MidbandGuide_Tilt45_V12p5,45,12.5,front_rear_free_flap_elevator,1.73185379603975e-10,exact_trim,2085.94308210343,1505.30194752521,-7.82999988876454,0,9.55675016415141,0,27.6512865615364,11.0723564875696,5.80111384237553,27.6512865615362,1,
tilt_45__vinf_15__family_front_rear_free_flap_elevator__source_transition_trim_lowmid_guidegrid_scored__seed_pathscored_tilt45_v22p5,MidbandGuide_Tilt45_V15,45,15,front_rear_free_flap_elevator,1.09385747751424e-09,exact_trim,2069.26305315049,1459.76481309297,-9.04947213542863,0,24.8265239946122,0,26.7839819610218,13.3906775143274,6.75941977606657,26.7839819610229,1,
tilt_45__vinf_22p5__family_front_rear_free_flap_elevator__source_transition_trim_path_scored__seed_nudged_parent_entry_pathscored_tilt40_v20,PathScored_Tilt45_V22p5,45,22.5,front_rear_free_flap_elevator,2.98042084920464e-10,exact_trim,1913.46938032587,1458.25053937593,20.9099636387216,0,-24.4817238497425,0,18.6918615110382,21.313255706142,7.210764953,18.6918615109364,1,
tilt_45__vinf_25__family_front_rear_free_flap_elevator__source_transition_trim_path_scored__seed_nudged_parent_entry_pathscored_tilt40_v22p5,PathScored_Tilt45_V25,45,25,front_rear_free_flap_elevator,1.25795591104874e-06,exact_trim,1862.60958651315,1408.35357380327,25.0000007897675,0,-15.4535039268349,0,15.7797010847923,24.0578600835721,6.79848395325776,15.7797024009296,1,
tilt_45__vinf_42p5__family_low_speed_force_balance_rear_fixed__source_transition_trim_map_low_speed__seed_none,LSFB_tilt_45__V_42p5__rear_700,45,42.5,low_speed_force_balance_rear_fixed,NaN,exact_trim,1116.44044655189,700,22.1041743189218,NaN,-5.91279727954008,NaN,0.121520203979281,42.4999044104511,0.0901393582740073,0.121520203979718,1,
tilt_45__vinf_45__family_cruise_flap_elevator_rear_fixed__source_transition_trim_map__seed_none,FE_tilt_45__V_45__rear_600,45,45,cruise_flap_elevator_rear_fixed,NaN,exact_trim,979.040492579246,600,17.119598336634,NaN,-6.55996307052131,NaN,-0.125286167806548,44.999892417079,-0.0983994476787365,-0.125286167806548,1,
tilt_45__vinf_45__family_low_speed_force_balance_rear_fixed__source_transition_trim_map_low_speed__seed_none,LSFB_tilt_45__V_45__rear_850,45,45,low_speed_force_balance_rear_fixed,NaN,exact_trim,959.282306211347,850,16.2769432215188,NaN,-10.7152597135463,NaN,-0.090735044658916,44.9999435729587,-0.0712631076444643,-0.0907350446589142,1,
tilt_45__vinf_45__family_low_speed_force_balance_rear_fixed__source_transition_trim_map_low_speed__seed_none,LSFB_tilt_45__V_45__rear_850,45,45,low_speed_force_balance_rear_fixed,NaN,exact_trim,959.282306211347,850,16.2769432215188,NaN,-10.7152597135463,NaN,-0.090735044658916,44.9999435729587,-0.0712631076444643,-0.0907350446589142,1,
tilt_45__vinf_47p5__family_cruise_flap_elevator_rear_fixed__source_transition_trim_map__seed_none,FE_tilt_45__V_47p5__rear_700,45,47.5,cruise_flap_elevator_rear_fixed,NaN,exact_trim,930.565098943576,700,13.5958037494164,NaN,-7.77548331830226,NaN,0.00788328408294653,47.4999995503946,0.00653548997766058,0.0078832840831884,1,
tilt_45__vinf_47p5__family_cruise_flap_elevator_rear_fixed__source_transition_trim_map__seed_none,FE_tilt_45__V_47p5__rear_200,45,47.5,cruise_flap_elevator_rear_fixed,NaN,exact_trim,948.904513031532,200,14.3567704950832,NaN,-4.32326571711315,NaN,-0.0539606702288488,47.4999789344408,-0.0447350830855022,-0.0539606702288479,1,
tilt_45__vinf_47p5__family_cruise_flap_elevator_rear_fixed__source_transition_trim_map__seed_none,FE_tilt_45__V_47p5__rear_300,45,47.5,cruise_flap_elevator_rear_fixed,NaN,exact_trim,946.441526806674,300,14.1400769805316,NaN,-4.84174016803759,NaN,0.0345146036974309,47.4999913816503,0.0286136883101601,0.0345146036974309,1,
tilt_45__vinf_47p5__family_cruise_flap_elevator_rear_fixed__source_transition_trim_map__seed_none,FE_tilt_45__V_47p5__rear_600,45,47.5,cruise_flap_elevator_rear_fixed,NaN,exact_trim,935.678687553181,600,13.7928110566876,NaN,-6.71628605407975,NaN,0.00527450446117995,47.4999998092109,0.00437272979254637,0.00527450447079166,1,
tilt_45__vinf_47p5__family_cruise_flap_elevator_rear_fixed__source_transition_trim_map__seed_none,FE_tilt_45__V_47p5__rear_700,45,47.5,cruise_flap_elevator_rear_fixed,NaN,exact_trim,930.565098943576,700,13.5958037494164,NaN,-7.77548331830226,NaN,0.00788328408294653,47.4999995503946,0.00653548997766058,0.0078832840831884,1,
tilt_45__vinf_47p5__family_low_speed_force_balance_rear_fixed__source_transition_trim_map_low_speed__seed_none,LSFB_tilt_45__V_47p5__rear_750,45,47.5,low_speed_force_balance_rear_fixed,NaN,exact_trim,927.647192871704,750,13.6817894231176,NaN,-8.23388260403412,NaN,-0.107825737994602,47.4999158870595,-0.0893908691890708,-0.107825737994024,1,
tilt_45__vinf_47p5__family_low_speed_force_balance_rear_fixed__source_transition_trim_map_low_speed__seed_none,LSFB_tilt_45__V_47p5__rear_750,45,47.5,low_speed_force_balance_rear_fixed,NaN,exact_trim,927.647192871704,750,13.6817894231176,NaN,-8.23388260403412,NaN,-0.107825737994602,47.4999158870595,-0.0893908691890708,-0.107825737994024,1,
tilt_45__vinf_50__family_cruise_flap_elevator_rear_fixed__source_transition_trim_map__seed_none,FE_tilt_45__V_50__rear_700,45,50,cruise_flap_elevator_rear_fixed,NaN,exact_trim,902.905808348141,700,11.1579869588304,NaN,-7.13116877050858,NaN,-0.00927872223011997,49.9999997238342,-0.00809721249945255,-0.00927872201091906,1,
tilt_45__vinf_50__family_cruise_flap_elevator_rear_fixed__source_transition_trim_map__seed_none,FE_tilt_45__V_50__rear_200,45,50,cruise_flap_elevator_rear_fixed,NaN,exact_trim,921.621942992624,200,11.7995783478498,NaN,-4.22205570435326,NaN,0.000785227661799041,49.9999999953046,0.000685240403784909,0.000785227661798891,1,
tilt_45__vinf_50__family_cruise_flap_elevator_rear_fixed__source_transition_trim_map__seed_none,FE_tilt_45__V_50__rear_300,45,50,cruise_flap_elevator_rear_fixed,NaN,exact_trim,919.759501282073,300,11.8530596288736,NaN,-4.40109166532736,NaN,-0.07697605214648,49.9999548761718,-0.0671742575493078,-0.0769760521463643,1,
tilt_45__vinf_50__family_cruise_flap_elevator_rear_fixed__source_transition_trim_map__seed_none,FE_tilt_45__V_50__rear_400,45,50,cruise_flap_elevator_rear_fixed,NaN,exact_trim,916.561601157927,400,11.6176072665916,NaN,-5.00043595931864,NaN,0.00498517279876804,49.9999998108554,0.00435038395012922,0.00498517279835568,1,
tilt_45__vinf_50__family_cruise_flap_elevator_rear_fixed__source_transition_trim_map__seed_none,FE_tilt_45__V_50__rear_500,45,50,cruise_flap_elevator_rear_fixed,NaN,exact_trim,912.772846613133,500,11.4390972271919,NaN,-5.63254623536272,NaN,0.0334468324263945,49.999991480684,0.0291878658524302,0.0334468324263929,1,
tilt_45__vinf_50__family_cruise_flap_elevator_rear_fixed__source_transition_trim_map__seed_none,FE_tilt_45__V_50__rear_600,45,50,cruise_flap_elevator_rear_fixed,NaN,exact_trim,908.252273541342,600,11.5345284761832,NaN,-6.07547224397181,NaN,-0.121466618898028,49.9998876408974,-0.105999542137343,-0.121466618881574,1,
tilt_45__vinf_50__family_cruise_flap_elevator_rear_fixed__source_transition_trim_map__seed_none,FE_tilt_45__V_50__rear_700,45,50,cruise_flap_elevator_rear_fixed,NaN,exact_trim,902.905808348141,700,11.1579869588304,NaN,-7.13116877050858,NaN,-0.00927872223011997,49.9999997238342,-0.00809721249945255,-0.00927872201091906,1,
tilt_45__vinf_50__family_low_speed_force_balance_rear_fixed__source_transition_trim_map_low_speed__seed_none,LSFB_tilt_45__V_50__rear_600,45,50,low_speed_force_balance_rear_fixed,NaN,exact_trim,908.259514884496,600,11.3399453384571,NaN,-6.28720252328577,NaN,-0.00402816570556106,49.9999998764983,-0.00351523771619701,-0.00402816570577886,1,
tilt_45__vinf_52p5__family_cruise_flap_elevator_rear_fixed__source_transition_trim_map__seed_none,FE_tilt_45__V_52p5__rear_600,45,52.5,cruise_flap_elevator_rear_fixed,NaN,exact_trim,890.102202440481,600,9.79353004574449,NaN,-5.51488744114618,NaN,-0.209510441497494,52.4996490161657,-0.191973540372721,-0.209510440995539,1,
tilt_45__vinf_52p5__family_cruise_flap_elevator_rear_fixed__source_transition_trim_map__seed_none,FE_tilt_45__V_52p5__rear_200,45,52.5,cruise_flap_elevator_rear_fixed,NaN,exact_trim,901.003906051459,200,9.77617412219562,NaN,-4.04985903520113,NaN,0.00581573355997278,52.4999997295461,0.00532894419047125,0.00581573355998206,1,
tilt_45__vinf_52p5__family_cruise_flap_elevator_rear_fixed__source_transition_trim_map__seed_none,FE_tilt_45__V_52p5__rear_300,45,52.5,cruise_flap_elevator_rear_fixed,NaN,exact_trim,899.3984065768,300,9.78185309941497,NaN,-4.27278077903549,NaN,-0.0299741481939346,52.4999928159009,-0.0274652465071637,-0.0299741481890323,1,
tilt_45__vinf_52p5__family_cruise_flap_elevator_rear_fixed__source_transition_trim_map__seed_none,FE_tilt_45__V_52p5__rear_600,45,52.5,cruise_flap_elevator_rear_fixed,NaN,exact_trim,890.102202440481,600,9.79353004574449,NaN,-5.51488744114618,NaN,-0.209510441497494,52.4996490161657,-0.191973540372721,-0.209510440995539,1,
tilt_45__vinf_52p5__family_low_speed_force_balance_rear_fixed__source_transition_trim_map_low_speed__seed_none,LSFB_tilt_45__V_52p5__rear_950,45,52.5,low_speed_force_balance_rear_fixed,NaN,exact_trim,872.680031482588,950,8.9189453872254,NaN,-9.5871563628788,NaN,-0.0692450235003424,52.4999616617154,-0.0634490518865456,-0.0692450242286004,1,
tilt_45__vinf_52p5__family_low_speed_force_balance_rear_fixed__source_transition_trim_map_low_speed__seed_none,LSFB_tilt_45__V_52p5__rear_950,45,52.5,low_speed_force_balance_rear_fixed,NaN,exact_trim,872.680031482588,950,8.9189453872254,NaN,-9.5871563628788,NaN,-0.0692450235003424,52.4999616617154,-0.0634490518865456,-0.0692450242286004,1,
tilt_45__vinf_55__family_cruise_flap_elevator_rear_fixed__source_transition_trim_map__seed_none,FE_tilt_45__V_55__rear_700,45,55,cruise_flap_elevator_rear_fixed,NaN,exact_trim,870.472710469987,700,7.55792485472889,NaN,-6.21668359642232,NaN,-0.013716430101853,54.9999984239506,-0.013166827553867,-0.013716430102165,1,
tilt_45__vinf_55__family_cruise_flap_elevator_rear_fixed__source_transition_trim_map__seed_none,FE_tilt_45__V_55__rear_200,45,55,cruise_flap_elevator_rear_fixed,NaN,exact_trim,885.608765733643,200,8.06776711101364,NaN,-3.83266031159894,NaN,-0.0135096821588537,54.9999984711047,-0.0129683637813191,-0.0135096821589975,1,
tilt_45__vinf_55__family_cruise_flap_elevator_rear_fixed__source_transition_trim_map__seed_none,FE_tilt_45__V_55__rear_300,45,55,cruise_flap_elevator_rear_fixed,NaN,exact_trim,884.022807046587,300,8.13286938352649,NaN,-3.96594913043727,NaN,-0.0865854863838111,54.9999371974192,-0.083116068586185,-0.0865854864055505,1,
tilt_45__vinf_55__family_cruise_flap_elevator_rear_fixed__source_transition_trim_map__seed_none,FE_tilt_45__V_55__rear_400,45,55,cruise_flap_elevator_rear_fixed,NaN,exact_trim,881.501441459459,400,7.89014639750785,NaN,-4.50851955440737,NaN,0.0115708893538491,54.9999988784576,0.0111072563372872,0.0115708893531298,1,
tilt_45__vinf_55__family_cruise_flap_elevator_rear_fixed__source_transition_trim_map__seed_none,FE_tilt_45__V_55__rear_600,45,55,cruise_flap_elevator_rear_fixed,NaN,exact_trim,874.705561064369,600,7.76308299152183,NaN,-5.45735738521274,NaN,-0.0478103790312523,54.999980851653,-0.0458946638636022,-0.0478103790312462,1,
tilt_45__vinf_55__family_cruise_flap_elevator_rear_fixed__source_transition_trim_map__seed_none,FE_tilt_45__V_55__rear_700,45,55,cruise_flap_elevator_rear_fixed,NaN,exact_trim,870.472710469987,700,7.55792485472889,NaN,-6.21668359642232,NaN,-0.013716430101853,54.9999984239506,-0.013166827553867,-0.013716430102165,1,
tilt_45__vinf_55__family_low_speed_force_balance_rear_fixed__source_transition_trim_map_low_speed__seed_none,LSFB_tilt_45__V_55__rear_600,45,55,low_speed_force_balance_rear_fixed,NaN,exact_trim,874.797271607814,600,7.68738499336569,NaN,-5.53598161148929,NaN,-0.00301320185394537,54.9999999239419,-0.00289246613448782,-0.00301320185394664,1,
tilt_45__vinf_57p5__family_cruise_flap_elevator_rear_fixed__source_transition_trim_map__seed_none,FE_tilt_45__V_57p5__rear_700,45,57.5,cruise_flap_elevator_rear_fixed,NaN,exact_trim,864.540320626205,700,6.03638756321628,NaN,-5.77001389143558,NaN,-0.017965297206129,57.4999971773581,-0.0180293310012778,-0.0179652972291063,1,
tilt_45__vinf_57p5__family_cruise_flap_elevator_rear_fixed__source_transition_trim_map__seed_none,FE_tilt_45__V_57p5__rear_200,45,57.5,cruise_flap_elevator_rear_fixed,NaN,exact_trim,876.356776556573,200,6.44300004690724,NaN,-3.67412399644217,NaN,0.0099077166636337,57.4999991403134,0.00994303088567921,0.00990771666359697,1,
tilt_45__vinf_57p5__family_cruise_flap_elevator_rear_fixed__source_transition_trim_map__seed_none,FE_tilt_45__V_57p5__rear_300,45,57.5,cruise_flap_elevator_rear_fixed,NaN,exact_trim,875.033155563161,300,6.39684689175353,NaN,-3.90733544871861,NaN,0.00743380104788696,57.4999995160384,0.00746029747197292,0.0074338010479195,1,
tilt_45__vinf_57p5__family_cruise_flap_elevator_rear_fixed__source_transition_trim_map__seed_none,FE_tilt_45__V_57p5__rear_400,45,57.5,cruise_flap_elevator_rear_fixed,NaN,exact_trim,873.186353417428,400,6.32487744840651,NaN,-4.24133124119761,NaN,0.00829531653408444,57.4999993973601,0.00832488366677332,0.00829531653408456,1,
tilt_45__vinf_57p5__family_cruise_flap_elevator_rear_fixed__source_transition_trim_map__seed_none,FE_tilt_45__V_57p5__rear_600,45,57.5,cruise_flap_elevator_rear_fixed,NaN,exact_trim,867.739325623777,600,6.26032268404353,NaN,-5.05109644169372,NaN,-0.0723653407151861,57.4999541379534,-0.07262325462515,-0.0723653407095249,1,
tilt_45__vinf_57p5__family_cruise_flap_elevator_rear_fixed__source_transition_trim_map__seed_none,FE_tilt_45__V_57p5__rear_700,45,57.5,cruise_flap_elevator_rear_fixed,NaN,exact_trim,864.540320626205,700,6.03638756321628,NaN,-5.77001389143558,NaN,-0.017965297206129,57.4999971773581,-0.0180293310012778,-0.0179652972291063,1,
tilt_45__vinf_60__family_cruise_flap_elevator_rear_fixed__source_transition_trim_map__seed_none,FE_tilt_45__V_60__rear_700,45,60,cruise_flap_elevator_rear_fixed,NaN,exact_trim,863.286333457084,700,4.66355919848102,NaN,-5.33271738080957,NaN,-0.0262892139133727,59.9999936841498,-0.0275299994663906,-0.0262892139127999,1,
tilt_45__vinf_60__family_cruise_flap_elevator_rear_fixed__source_transition_trim_map__seed_none,FE_tilt_45__V_60__rear_200,45,60,cruise_flap_elevator_rear_fixed,NaN,exact_trim,873.916116560537,200,5.05754073103876,NaN,-3.36361195213917,NaN,0.00135714662631155,59.999999983167,0.00142120062355429,0.00135714662631063,1,
tilt_45__vinf_60__family_cruise_flap_elevator_rear_fixed__source_transition_trim_map__seed_none,FE_tilt_45__V_60__rear_300,45,60,cruise_flap_elevator_rear_fixed,NaN,exact_trim,872.736972071725,300,5.09402474337885,NaN,-3.55373584573864,NaN,-0.0486783618903885,59.9999783455143,-0.0509758552353428,-0.0486783618903885,1,
tilt_45__vinf_60__family_cruise_flap_elevator_rear_fixed__source_transition_trim_map__seed_none,FE_tilt_45__V_60__rear_400,45,60,cruise_flap_elevator_rear_fixed,NaN,exact_trim,871.03717963895,400,5.01888465298692,NaN,-3.86961985619417,NaN,-0.0446342838979746,59.9999817940595,-0.0467409080698048,-0.0446342838979752,1,
tilt_45__vinf_60__family_cruise_flap_elevator_rear_fixed__source_transition_trim_map__seed_none,FE_tilt_45__V_60__rear_600,45,60,cruise_flap_elevator_rear_fixed,NaN,exact_trim,866.15764686507,600,4.84910962719816,NaN,-4.71160527158428,NaN,-0.0599696915341553,59.9999671345494,-0.0628001026541083,-0.059969691534096,1,
tilt_45__vinf_60__family_cruise_flap_elevator_rear_fixed__source_transition_trim_map__seed_none,FE_tilt_45__V_60__rear_700,45,60,cruise_flap_elevator_rear_fixed,NaN,exact_trim,863.286333457084,700,4.66355919848102,NaN,-5.33271738080957,NaN,-0.0262892139133727,59.9999936841498,-0.0275299994663906,-0.0262892139127999,1,
tilt_45__vinf_62p5__family_cruise_flap_elevator_rear_fixed__source_transition_trim_map__seed_none,FE_tilt_45__V_62p5__rear_700,45,62.5,cruise_flap_elevator_rear_fixed,NaN,exact_trim,865.973917265417,700,3.406492877196,NaN,-4.94678093979756,NaN,-0.0270077200113559,62.4999930565532,-0.0294608512725919,-0.0270077200206312,1,
tilt_45__vinf_62p5__family_cruise_flap_elevator_rear_fixed__source_transition_trim_map__seed_none,FE_tilt_45__V_62p5__rear_200,45,62.5,cruise_flap_elevator_rear_fixed,NaN,exact_trim,874.971036860314,200,3.78811267956057,NaN,-3.03482031061056,NaN,-0.0128642741214948,62.4999984246564,-0.0140327460882948,-0.0128642741214916,1,
tilt_45__vinf_62p5__family_cruise_flap_elevator_rear_fixed__source_transition_trim_map__seed_none,FE_tilt_45__V_62p5__rear_300,45,62.5,cruise_flap_elevator_rear_fixed,NaN,exact_trim,873.970737536316,300,3.70247770315201,NaN,-3.34141903499617,NaN,0.0115153681050011,62.4999987377061,0.0125613179161474,0.0115153681050011,1,
tilt_45__vinf_62p5__family_cruise_flap_elevator_rear_fixed__source_transition_trim_map__seed_none,FE_tilt_45__V_62p5__rear_600,45,62.5,cruise_flap_elevator_rear_fixed,NaN,exact_trim,868.549587233341,600,3.49031247290676,NaN,-4.4610273900826,NaN,-0.00713578370488179,62.4999995152824,-0.00778393250244192,-0.00713578370492124,1,
tilt_45__vinf_62p5__family_cruise_flap_elevator_rear_fixed__source_transition_trim_map__seed_none,FE_tilt_45__V_62p5__rear_700,45,62.5,cruise_flap_elevator_rear_fixed,NaN,exact_trim,865.973917265417,700,3.406492877196,NaN,-4.94678093979756,NaN,-0.0270077200113559,62.4999930565532,-0.0294608512725919,-0.0270077200206312,1,
tilt_45__vinf_65__family_cruise_flap_elevator_rear_fixed__source_transition_trim_map__seed_none,FE_tilt_45__V_65__rear_700,45,65,cruise_flap_elevator_rear_fixed,NaN,exact_trim,879.16285184105,700,1.53045323497563,NaN,-5.3191726313262,NaN,0.407024102232581,64.9983598766038,0.461750312960686,0.407024102232577,1,
tilt_45__vinf_65__family_cruise_flap_elevator_rear_fixed__source_transition_trim_map__seed_none,FE_tilt_45__V_65__rear_200,45,65,cruise_flap_elevator_rear_fixed,NaN,exact_trim,881.849011633618,200,2.63266944163542,NaN,-2.76986256489451,NaN,-0.00926885736541933,64.9999991494586,-0.0105151850843683,-0.00926885736555579,1,
tilt_45__vinf_65__family_cruise_flap_elevator_rear_fixed__source_transition_trim_map__seed_none,FE_tilt_45__V_65__rear_300,45,65,cruise_flap_elevator_rear_fixed,NaN,exact_trim,880.944311068903,300,2.60762610765549,NaN,-2.99462564545204,NaN,-0.0185800527795401,64.9999965823154,-0.0210784008833928,-0.0185800527795408,1,
tilt_45__vinf_65__family_cruise_flap_elevator_rear_fixed__source_transition_trim_map__seed_none,FE_tilt_45__V_65__rear_600,45,65,cruise_flap_elevator_rear_fixed,NaN,exact_trim,876.240650388374,600,2.3872295664945,NaN,-4.13265638326771,NaN,-0.0210789258553875,64.9999956011908,-0.0239132822928744,-0.0210789258552928,1,
tilt_45__vinf_65__family_cruise_flap_elevator_rear_fixed__source_transition_trim_map__seed_none,FE_tilt_45__V_65__rear_700,45,65,cruise_flap_elevator_rear_fixed,NaN,exact_trim,879.16285184105,700,1.53045323497563,NaN,-5.3191726313262,NaN,0.407024102232581,64.9983598766038,0.461750312960686,0.407024102232577,1,
tilt_45__vinf_67p5__family_cruise_flap_elevator_rear_fixed__source_transition_trim_map__seed_none,FE_tilt_45__V_67p5__rear_700,45,67.5,cruise_flap_elevator_rear_fixed,NaN,exact_trim,884.992614254016,700,0.697192184902229,NaN,-4.95145410295714,NaN,0.323253571132007,67.4989257347125,0.380822120681892,0.323253570554945,1,
tilt_45__vinf_67p5__family_cruise_flap_elevator_rear_fixed__source_transition_trim_map__seed_none,FE_tilt_45__V_67p5__rear_200,45,67.5,cruise_flap_elevator_rear_fixed,NaN,exact_trim,890.051728923972,200,1.49481669434088,NaN,-2.68974389182161,NaN,0.059636912563854,67.4999634396877,0.0702580692976207,0.0596369122090244,1,
tilt_45__vinf_67p5__family_cruise_flap_elevator_rear_fixed__source_transition_trim_map__seed_none,FE_tilt_45__V_67p5__rear_600,45,67.5,cruise_flap_elevator_rear_fixed,NaN,exact_trim,883.021239023947,600,1.35113037925866,NaN,-3.97568706198852,NaN,0.00637756631820609,67.4999995818929,0.0075133932939573,0.00637756631784112,1,
tilt_45__vinf_67p5__family_cruise_flap_elevator_rear_fixed__source_transition_trim_map__seed_none,FE_tilt_45__V_67p5__rear_700,45,67.5,cruise_flap_elevator_rear_fixed,NaN,exact_trim,884.992614254016,700,0.697192184902229,NaN,-4.95145410295714,NaN,0.323253571132007,67.4989257347125,0.380822120681892,0.323253570554945,1,
tilt_45__vinf_70__family_cruise_flap_elevator_rear_fixed__source_transition_trim_map__seed_none,FE_tilt_45__V_70__rear_700,45,70,cruise_flap_elevator_rear_fixed,NaN,exact_trim,885.015054402517,700,0.394399914658324,NaN,-4.29210591056338,NaN,0.00554237229707911,69.9999996724957,0.00677128513629226,0.00554237229706101,1,
tilt_45__vinf_70__family_cruise_flap_elevator_rear_fixed__source_transition_trim_map__seed_none,FE_tilt_45__V_70__rear_200,45,70,cruise_flap_elevator_rear_fixed,NaN,exact_trim,894.318265296626,200,0.632453468363134,NaN,-2.63012295905424,NaN,0.047657467956925,69.9999761688713,0.0582245741732107,0.0476574675778842,1,
tilt_45__vinf_70__family_cruise_flap_elevator_rear_fixed__source_transition_trim_map__seed_none,FE_tilt_45__V_70__rear_600,45,70,cruise_flap_elevator_rear_fixed,NaN,exact_trim,888.351413228344,600,0.398149919793392,NaN,-3.94636727341471,NaN,0.0556027602589183,69.9999670378551,0.0679315761173538,0.0556027602589269,1,
tilt_45__vinf_70__family_cruise_flap_elevator_rear_fixed__source_transition_trim_map__seed_none,FE_tilt_45__V_70__rear_700,45,70,cruise_flap_elevator_rear_fixed,NaN,exact_trim,885.015054402517,700,0.394399914658324,NaN,-4.29210591056338,NaN,0.00554237229707911,69.9999996724957,0.00677128513629226,0.00554237229706101,1,
tilt_45__vinf_72p5__family_cruise_flap_elevator_rear_fixed__source_transition_trim_map__seed_none,FE_tilt_45__V_72p5__rear_700,45,72.5,cruise_flap_elevator_rear_fixed,NaN,exact_trim,897.799491818312,700,-0.66257074809246,NaN,-4.31095341406254,NaN,-0.0105467548788044,72.4999987717111,-0.0133454807822409,-0.010546754878807,1,
tilt_45__vinf_72p5__family_cruise_flap_elevator_rear_fixed__source_transition_trim_map__seed_none,FE_tilt_45__V_72p5__rear_200,45,72.5,cruise_flap_elevator_rear_fixed,NaN,exact_trim,901.058021055854,200,-0.179939952235502,NaN,-2.58811251902519,NaN,0.0182123477050842,72.4999963373569,0.0230452434298762,0.0182123477050842,1,
tilt_45__vinf_72p5__family_cruise_flap_elevator_rear_fixed__source_transition_trim_map__seed_none,FE_tilt_45__V_72p5__rear_300,45,72.5,cruise_flap_elevator_rear_fixed,NaN,exact_trim,900.538436672787,300,-0.211981813537407,NaN,-2.78215383556357,NaN,0.00273787815862777,72.4999999172461,0.00346441165672782,0.00273787815864713,1,
tilt_45__vinf_72p5__family_cruise_flap_elevator_rear_fixed__source_transition_trim_map__seed_none,FE_tilt_45__V_72p5__rear_400,45,72.5,cruise_flap_elevator_rear_fixed,NaN,exact_trim,900.049461076021,400,-0.29004900023333,NaN,-3.0873343596791,NaN,0.000864218001271024,72.4999999917468,0.00109355009430624,0.000864218001272572,1,
tilt_45__vinf_72p5__family_cruise_flap_elevator_rear_fixed__source_transition_trim_map__seed_none,FE_tilt_45__V_72p5__rear_500,45,72.5,cruise_flap_elevator_rear_fixed,NaN,exact_trim,899.517370667599,500,-0.397705357882897,NaN,-3.48658257685347,NaN,0.00260870785136964,72.4999999248702,0.00330096423797589,0.00260870785137844,1,
tilt_45__vinf_72p5__family_cruise_flap_elevator_rear_fixed__source_transition_trim_map__seed_none,FE_tilt_45__V_72p5__rear_600,45,72.5,cruise_flap_elevator_rear_fixed,NaN,exact_trim,899.254995350506,600,-0.572484661736779,NaN,-3.93402384822584,NaN,0.0282111876315146,72.4999912119206,0.0356974115190861,0.0282111876168505,1,
tilt_45__vinf_72p5__family_cruise_flap_elevator_rear_fixed__source_transition_trim_map__seed_none,FE_tilt_45__V_72p5__rear_700,45,72.5,cruise_flap_elevator_rear_fixed,NaN,exact_trim,897.799491818312,700,-0.66257074809246,NaN,-4.31095341406254,NaN,-0.0105467548788044,72.4999987717111,-0.0133454807822409,-0.010546754878807,1,
tilt_45__vinf_75__family_cruise_flap_elevator_rear_fixed__source_transition_trim_map__seed_none,FE_tilt_45__V_75__rear_700,45,75,cruise_flap_elevator_rear_fixed,NaN,exact_trim,921.360674113823,700,-1.92622109536036,NaN,-4.53417421452025,NaN,0.0200531524406569,74.9999954064197,0.0262495146261255,0.0200531524406557,1,
tilt_45__vinf_75__family_cruise_flap_elevator_rear_fixed__source_transition_trim_map__seed_none,FE_tilt_45__V_75__rear_200,45,75,cruise_flap_elevator_rear_fixed,NaN,exact_trim,922.847625950562,200,-1.47082596743528,NaN,-2.96257798074844,NaN,0.000887600721993883,74.9999999910018,0.00116186662809479,0.000887600721994523,1,
tilt_45__vinf_75__family_cruise_flap_elevator_rear_fixed__source_transition_trim_map__seed_none,FE_tilt_45__V_75__rear_300,45,75,cruise_flap_elevator_rear_fixed,NaN,exact_trim,922.641259992001,300,-1.52419385996666,NaN,-3.16633727289777,NaN,-9.84619355377412e-05,75.000000005467,-0.000128886372235386,-9.84619355372554e-05,1,
tilt_45__vinf_75__family_cruise_flap_elevator_rear_fixed__source_transition_trim_map__seed_none,FE_tilt_45__V_75__rear_400,45,75,cruise_flap_elevator_rear_fixed,NaN,exact_trim,922.473656670606,400,-1.60878556856853,NaN,-3.46105086515013,NaN,0.0042110122281235,74.9999999418005,0.00551220211673253,0.00421101222384359,1,
tilt_45__vinf_75__family_cruise_flap_elevator_rear_fixed__source_transition_trim_map__seed_none,FE_tilt_45__V_75__rear_500,45,75,cruise_flap_elevator_rear_fixed,NaN,exact_trim,922.258348102973,500,-1.7181202016337,NaN,-3.79403659556626,NaN,0.0090200241089295,74.9999990706028,0.0118071838994853,0.00902002410892956,1,
tilt_45__vinf_75__family_cruise_flap_elevator_rear_fixed__source_transition_trim_map__seed_none,FE_tilt_45__V_75__rear_600,45,75,cruise_flap_elevator_rear_fixed,NaN,exact_trim,922.213715007251,600,-1.867177579123,NaN,-4.16350643043466,NaN,0.0249796286211612,74.9999928786957,0.0326982563670776,0.024979628619431,1,
tilt_45__vinf_75__family_cruise_flap_elevator_rear_fixed__source_transition_trim_map__seed_none,FE_tilt_45__V_75__rear_700,45,75,cruise_flap_elevator_rear_fixed,NaN,exact_trim,921.360674113823,700,-1.92622109536036,NaN,-4.53417421452025,NaN,0.0200531524406569,74.9999954064197,0.0262495146261255,0.0200531524406557,1,
tilt_45__vinf_77p5__family_cruise_flap_elevator_rear_fixed__source_transition_trim_map__seed_none,FE_tilt_45__V_77p5__rear_700,45,77.5,cruise_flap_elevator_rear_fixed,NaN,exact_trim,942.529242226186,700,-2.41608403119175,NaN,-4.43565228228281,NaN,-0.00707363224555427,77.4999994094364,-0.00956800836507057,-0.00707363224589162,1,
tilt_45__vinf_77p5__family_cruise_flap_elevator_rear_fixed__source_transition_trim_map__seed_none,FE_tilt_45__V_77p5__rear_200,45,77.5,cruise_flap_elevator_rear_fixed,NaN,exact_trim,944.887650757297,200,-2.18464502562633,NaN,-3.06594661837238,NaN,-0.0148986628826318,77.4999973799617,-0.0201523806850523,-0.0148986628826496,1,
tilt_45__vinf_77p5__family_cruise_flap_elevator_rear_fixed__source_transition_trim_map__seed_none,FE_tilt_45__V_77p5__rear_300,45,77.5,cruise_flap_elevator_rear_fixed,NaN,exact_trim,944.964046229968,300,-2.24052585328353,NaN,-3.27517898030489,NaN,0.00326637935317379,77.4999998740517,0.00441820325832918,0.00326637935316597,1,
tilt_45__vinf_77p5__family_cruise_flap_elevator_rear_fixed__source_transition_trim_map__seed_none,FE_tilt_45__V_77p5__rear_400,45,77.5,cruise_flap_elevator_rear_fixed,NaN,exact_trim,944.311436316731,400,-2.24890513320657,NaN,-3.50132186968534,NaN,-0.010721220611355,77.499998643203,-0.0145018463767893,-0.0107212206114316,1,
tilt_45__vinf_77p5__family_cruise_flap_elevator_rear_fixed__source_transition_trim_map__seed_none,FE_tilt_45__V_77p5__rear_600,45,77.5,cruise_flap_elevator_rear_fixed,NaN,exact_trim,943.149955048361,600,-2.34520256655113,NaN,-4.07471234031075,NaN,-0.0111795336072716,77.4999985247249,-0.0151217743511729,-0.0111795336073419,1,
tilt_45__vinf_77p5__family_cruise_flap_elevator_rear_fixed__source_transition_trim_map__seed_none,FE_tilt_45__V_77p5__rear_700,45,77.5,cruise_flap_elevator_rear_fixed,NaN,exact_trim,942.529242226186,700,-2.41608403119175,NaN,-4.43565228228281,NaN,-0.00707363224555427,77.4999994094364,-0.00956800836507057,-0.00707363224589162,1,
tilt_45__vinf_80__family_cruise_flap_elevator_rear_fixed__source_transition_trim_map__seed_none,FE_tilt_45__V_80__rear_700,45,80,cruise_flap_elevator_rear_fixed,NaN,exact_trim,963.866327889619,700,-2.82953823040943,NaN,-4.31659994924336,NaN,-0.0497391409393654,79.999969859909,-0.0694489337212478,-0.0497391411683982,1,
tilt_45__vinf_80__family_cruise_flap_elevator_rear_fixed__source_transition_trim_map__seed_none,FE_tilt_45__V_80__rear_200,45,80,cruise_flap_elevator_rear_fixed,NaN,exact_trim,966.543180089676,200,-2.6387140721739,NaN,-3.05114839172004,NaN,-0.042372837220871,79.9999781229057,-0.0591636364510922,-0.0423728372286488,1,
tilt_45__vinf_80__family_cruise_flap_elevator_rear_fixed__source_transition_trim_map__seed_none,FE_tilt_45__V_80__rear_300,45,80,cruise_flap_elevator_rear_fixed,NaN,exact_trim,967.296190882421,300,-2.74366680625831,NaN,-3.29686299336517,NaN,0.00415399620446469,79.999999789743,0.0058000728655398,0.0041539962044365,1,
tilt_45__vinf_80__family_cruise_flap_elevator_rear_fixed__source_transition_trim_map__seed_none,FE_tilt_45__V_80__rear_400,45,80,cruise_flap_elevator_rear_fixed,NaN,exact_trim,966.872418313248,400,-2.7669662121618,NaN,-3.52359020990946,NaN,-0.000321865012563209,79.9999999987681,-0.000449408337293229,-0.000321865012562743,1,
tilt_45__vinf_80__family_cruise_flap_elevator_rear_fixed__source_transition_trim_map__seed_none,FE_tilt_45__V_80__rear_500,45,80,cruise_flap_elevator_rear_fixed,NaN,exact_trim,966.808205400534,500,-2.83560732704743,NaN,-3.80477755978424,NaN,0.0151953916035738,79.9999971882902,0.0212167688556273,0.0151953915569518,1,
tilt_45__vinf_80__family_cruise_flap_elevator_rear_fixed__source_transition_trim_map__seed_none,FE_tilt_45__V_80__rear_600,45,80,cruise_flap_elevator_rear_fixed,NaN,exact_trim,965.441199404049,600,-2.8288386180204,NaN,-4.03562312062031,NaN,-0.01685283114679,79.9999965393315,-0.023530991006551,-0.0168528311484539,1,
tilt_45__vinf_80__family_cruise_flap_elevator_rear_fixed__source_transition_trim_map__seed_none,FE_tilt_45__V_80__rear_700,45,80,cruise_flap_elevator_rear_fixed,NaN,exact_trim,963.866327889619,700,-2.82953823040943,NaN,-4.31659994924336,NaN,-0.0497391409393654,79.999969859909,-0.0694489337212478,-0.0497391411683982,1,
tilt_47p5__vinf_7p5__family_front_rear_free_flap_elevator__source_transition_trim_lowmid_guidegrid_scored__seed_guide_v7p5_t47p5_blend,MidbandGuide_Tilt47p5_V7p5,47.5,7.5,front_rear_free_flap_elevator,8.53660031675789e-09,exact_trim,2147.85850416789,1525.0289420752,-16.7075870949771,0,20.641084590691,0,31.1290983939229,6.42003484601932,3.87726096309346,31.1290983935773,1,
tilt_47p5__vinf_10__family_front_rear_free_flap_elevator__source_transition_trim_lowmid_guidegrid_scored__seed_guide_v10_t47p5_f75_r0,MidbandGuide_Tilt47p5_V10,47.5,10,front_rear_free_flap_elevator,1.40877556900161e-10,exact_trim,2121.47509693906,1510.97202507318,24.9998935008009,0,23.9201360505346,0,28.8306308889469,8.76049004562013,4.8222208743095,28.8306308889507,1,
tilt_47p5__vinf_12p5__family_front_rear_free_flap_elevator__source_transition_trim_lowmid_guidegrid_scored__seed_guide_v12p5_t47p5_fm150_rm75,MidbandGuide_Tilt47p5_V12p5,47.5,12.5,front_rear_free_flap_elevator,1.16494537516464e-11,exact_trim,2101.45835491446,1480.05848984409,15.8569846637317,0,22.3407708297911,0,28.0711724043305,11.0295467200593,5.8820998929029,28.0711724043294,1,
tilt_47p5__vinf_15__family_front_rear_free_flap_elevator__source_transition_trim_lowmid_guidegrid_scored__seed_guide_v15_t47p5_fm75_rm150,MidbandGuide_Tilt47p5_V15,47.5,15,front_rear_free_flap_elevator,1.13632406511168e-07,exact_trim,2096.28838464507,1445.30784469269,-16.3848006624514,0,-9.86809557495551,0,29.7663003690064,13.0208641394236,7.44695223813256,29.7663003691386,1,
tilt_47p5__vinf_17p5__family_front_rear_free_flap_elevator__source_transition_trim_lowmid_guidegrid_scored__seed_guide_v17p5_t47p5_f150_r75,MidbandGuide_Tilt47p5_V17p5,47.5,17.5,front_rear_free_flap_elevator,9.39037141547359e-07,exact_trim,2076.9076989829,1403.1520608054,-18.7556376840727,0,-5.99474717145539,0,29.2856778102795,15.2633527337713,8.56037790355358,29.285677847126,1,
tilt_50__vinf_10__family_front_rear_free_flap_elevator__source_transition_trim_lowmid_guidegrid_scored__seed_guide_v10_t50_f0_r0,MidbandGuide_Tilt50_V10,50,10,front_rear_free_flap_elevator,4.05745874274874e-09,exact_trim,2151.02833663497,1483.5284711556,24.999978676759,0,17.3424074581824,0,31.1229332759273,8.56060267962255,5.1687601797767,31.122933271915,1,
tilt_50__vinf_12p5__family_front_rear_free_flap_elevator__source_transition_trim_lowmid_guidegrid_fast__seed_referencelinescored_tilt50_v12p5,MidbandGuide_Tilt50_V12p5,50,12.5,front_rear_free_flap_elevator,1.12627513766125e-11,exact_trim,2155.20425116087,1434.20072579083,-24.9999999999915,0,20.1253640630204,0,32.8140346993326,10.5054235740684,6.77392615322992,32.8140346993326,1,
tilt_50__vinf_15__family_front_rear_free_flap_elevator__source_transition_trim_lowmid_guidegrid_scored__seed_guide_v15_t50_fm75_r75,MidbandGuide_Tilt50_V15,50,15,front_rear_free_flap_elevator,1.46236516934719e-12,exact_trim,2095.48604590635,1444.72668059148,20.510396705946,0,-24.9999811934535,0,28.7199180607048,13.1546875178449,7.20792593662564,28.7199180607041,1,
tilt_50__vinf_17p5__family_front_rear_free_flap_elevator__source_transition_trim_lowmid_guidegrid_scored__seed_guide_v17p5_t50_f0_rm75,MidbandGuide_Tilt50_V17p5,50,17.5,front_rear_free_flap_elevator,1.82566555250704e-09,exact_trim,2107.99049586574,1359.70702429908,-24.8832895892707,0,-24.9999999999834,0,32.3808542685626,14.7788712424131,9.37203098635089,32.3808542685806,1,
tilt_50__vinf_20__family_front_rear_free_flap_elevator__source_transition_trim_path_scored__seed_entry_pathscored_tilt45_v22p5,PathScored_Tilt50_V20,50,20,front_rear_free_flap_elevator,4.77494881903351e-06,exact_trim,2020.80578167199,1379.89583177344,24.2199463696272,0,-1.91485942912557,0,23.7572965131929,18.3052036547278,8.05726499333984,23.7572965017445,1,
tilt_50__vinf_25__family_front_rear_free_flap_elevator__source_transition_trim_rearon_connector_forever__seed_nudged_parent_history_15,ReferenceLineScored_Tilt50_V25,50,25,front_rear_free_flap_elevator,6.438291599577e-11,exact_trim,1994.46125504928,1166.14068667159,-10.8484933306971,0,-16.3516522756497,0,28.5384657890246,21.9624142968975,11.9437162663718,28.5384657890601,1,
tilt_50__vinf_45__family_cruise_flap_elevator_rear_fixed__source_transition_trim_map__seed_none,FE_tilt_50__V_45__rear_500,50,45,cruise_flap_elevator_rear_fixed,NaN,exact_trim,974.608350332353,500,18.1621107438384,NaN,-6.45704229209544,NaN,-0.000236328053451651,45.0000000009847,-0.00018561161912932,-0.00023632805343126,1,
tilt_50__vinf_45__family_low_speed_force_balance_rear_fixed__source_transition_trim_map_low_speed__seed_none,LSFB_tilt_50__V_45__rear_800,50,45,low_speed_force_balance_rear_fixed,NaN,exact_trim,952.4705163021,800,17.264959336388,NaN,-10.7390853632385,NaN,-0.0232694116697806,44.9999962890557,-0.0182757526824118,-0.0232694116646175,1,
tilt_50__vinf_45__family_low_speed_force_balance_rear_fixed__source_transition_trim_map_low_speed__seed_none,LSFB_tilt_50__V_45__rear_800,50,45,low_speed_force_balance_rear_fixed,NaN,exact_trim,952.4705163021,800,17.264959336388,NaN,-10.7390853632385,NaN,-0.0232694116697806,44.9999962890557,-0.0182757526824118,-0.0232694116646175,1,
tilt_50__vinf_47p5__family_low_speed_force_balance_rear_fixed__source_transition_trim_map_low_speed__seed_none,LSFB_tilt_50__V_47p5__rear_800,50,47.5,low_speed_force_balance_rear_fixed,NaN,exact_trim,906.344020323622,800,14.0627898893914,NaN,-10.0891620213235,NaN,-0.0667967521220005,47.499967720337,-0.0553765920288245,-0.0667967521220005,1,
tilt_50__vinf_47p5__family_low_speed_force_balance_rear_fixed__source_transition_trim_map_low_speed__seed_none,LSFB_tilt_50__V_47p5__rear_800,50,47.5,low_speed_force_balance_rear_fixed,NaN,exact_trim,906.344020323622,800,14.0627898893914,NaN,-10.0891620213235,NaN,-0.0667967521220005,47.499967720337,-0.0553765920288245,-0.0667967521220005,1,
tilt_50__vinf_50__family_cruise_flap_elevator_rear_fixed__source_transition_trim_map__seed_none,FE_tilt_50__V_50__rear_700,50,50,cruise_flap_elevator_rear_fixed,NaN,exact_trim,884.174865334286,700,11.6598705071949,NaN,-7.91984254407529,NaN,0.0193165364334853,49.9999971584634,0.0168568577229591,0.0193165364334856,1,
tilt_50__vinf_50__family_cruise_flap_elevator_rear_fixed__source_transition_trim_map__seed_none,FE_tilt_50__V_50__rear_200,50,50,cruise_flap_elevator_rear_fixed,NaN,exact_trim,902.525305202504,200,12.3739955158351,NaN,-4.81585155502139,NaN,-0.000107063674097248,49.9999999999986,-9.34306811129949e-05,-0.000107063674096024,1,
tilt_50__vinf_50__family_cruise_flap_elevator_rear_fixed__source_transition_trim_map__seed_none,FE_tilt_50__V_50__rear_300,50,50,cruise_flap_elevator_rear_fixed,NaN,exact_trim,900.439661991326,300,12.2969186013392,NaN,-5.13643900322985,NaN,0.000948866489273114,49.9999999932409,0.000828042219923586,0.000948866489246824,1,
tilt_50__vinf_50__family_cruise_flap_elevator_rear_fixed__source_transition_trim_map__seed_none,FE_tilt_50__V_50__rear_400,50,50,cruise_flap_elevator_rear_fixed,NaN,exact_trim,897.4610021649,400,12.1540972778703,NaN,-5.62759968125032,NaN,0.0238512205188902,49.9999956681839,0.0208141158127112,0.0238512204959456,1,
tilt_50__vinf_50__family_cruise_flap_elevator_rear_fixed__source_transition_trim_map__seed_none,FE_tilt_50__V_50__rear_500,50,50,cruise_flap_elevator_rear_fixed,NaN,exact_trim,893.944609327013,500,12.1182960702246,NaN,-6.10258319783196,NaN,-0.0372903660716732,49.9999894104734,-0.0325419810225184,-0.0372903660241456,1,
tilt_50__vinf_50__family_cruise_flap_elevator_rear_fixed__source_transition_trim_map__seed_none,FE_tilt_50__V_50__rear_600,50,50,cruise_flap_elevator_rear_fixed,NaN,exact_trim,889.363093431415,600,11.891690098795,NaN,-6.88714608111786,NaN,-0.000353753762393882,49.9999999990469,-0.000308708394752612,-0.000353753762393913,1,
tilt_50__vinf_50__family_cruise_flap_elevator_rear_fixed__source_transition_trim_map__seed_none,FE_tilt_50__V_50__rear_700,50,50,cruise_flap_elevator_rear_fixed,NaN,exact_trim,884.174865334286,700,11.6598705071949,NaN,-7.91984254407529,NaN,0.0193165364334853,49.9999971584634,0.0168568577229591,0.0193165364334856,1,
tilt_50__vinf_50__family_low_speed_force_balance_rear_fixed__source_transition_trim_map_low_speed__seed_none,LSFB_tilt_50__V_50__rear_900,50,50,low_speed_force_balance_rear_fixed,NaN,exact_trim,872.95327360626,900,11.2179495834864,NaN,-10.7431735279044,NaN,-0.0222538620977001,49.9999962285762,-0.0194201577564256,-0.0222538620979532,1,
tilt_50__vinf_50__family_low_speed_force_balance_rear_fixed__source_transition_trim_map_low_speed__seed_none,LSFB_tilt_50__V_50__rear_750,50,50,low_speed_force_balance_rear_fixed,NaN,exact_trim,881.325255026529,750,11.5816075704171,NaN,-8.50216000055399,NaN,-0.00116996850525886,49.9999999895756,-0.00102099012802395,-0.00116996850528719,1,
tilt_50__vinf_50__family_low_speed_force_balance_rear_fixed__source_transition_trim_map_low_speed__seed_none,LSFB_tilt_50__V_50__rear_900,50,50,low_speed_force_balance_rear_fixed,NaN,exact_trim,872.95327360626,900,11.2179495834864,NaN,-10.7431735279044,NaN,-0.0222538620977001,49.9999962285762,-0.0194201577564256,-0.0222538620979532,1,
tilt_50__vinf_52p5__family_low_speed_force_balance_rear_fixed__source_transition_trim_map_low_speed__seed_none,LSFB_tilt_50__V_52p5__rear_600,50,52.5,low_speed_force_balance_rear_fixed,NaN,exact_trim,868.381187232631,600,9.73519890738839,NaN,-6.53510448759732,NaN,0.0584285827551393,52.4999727017541,0.0535379759037079,0.0584285827546972,1,
tilt_50__vinf_55__family_cruise_flap_elevator_rear_fixed__source_transition_trim_map__seed_none,FE_tilt_50__V_55__rear_700,50,55,cruise_flap_elevator_rear_fixed,NaN,exact_trim,848.905770876905,700,7.90345851629013,NaN,-6.73248766237328,NaN,0.0155490973218875,54.9999979746606,0.0149260617360002,0.0155490973222168,1,
tilt_50__vinf_55__family_cruise_flap_elevator_rear_fixed__source_transition_trim_map__seed_none,FE_tilt_50__V_55__rear_200,50,55,cruise_flap_elevator_rear_fixed,NaN,exact_trim,863.629287095931,200,8.46027908021695,NaN,-4.31813547737298,NaN,-0.00416159395407586,54.9999998550371,-0.00399484341141246,-0.00416159395436993,1,
tilt_50__vinf_55__family_cruise_flap_elevator_rear_fixed__source_transition_trim_map__seed_none,FE_tilt_50__V_55__rear_300,50,55,cruise_flap_elevator_rear_fixed,NaN,exact_trim,861.841622903451,300,8.3339215113122,NaN,-4.6529777283935,NaN,0.0370077126947227,54.9999885929088,0.0355248519821712,0.0370077131908977,1,
tilt_50__vinf_55__family_cruise_flap_elevator_rear_fixed__source_transition_trim_map__seed_none,FE_tilt_50__V_55__rear_400,50,55,cruise_flap_elevator_rear_fixed,NaN,exact_trim,859.615401400067,400,8.30907221395709,NaN,-4.95794699231938,NaN,0.00292240989851599,54.9999999636596,0.0028053121091913,0.002922409891644,1,
tilt_50__vinf_55__family_cruise_flap_elevator_rear_fixed__source_transition_trim_map__seed_none,FE_tilt_50__V_55__rear_500,50,55,cruise_flap_elevator_rear_fixed,NaN,exact_trim,856.672769819554,500,8.25913352862758,NaN,-5.36998678193156,NaN,-0.0299099952951653,54.9999925059543,-0.0287115330284961,-0.0299099952835932,1,
tilt_50__vinf_55__family_cruise_flap_elevator_rear_fixed__source_transition_trim_map__seed_none,FE_tilt_50__V_55__rear_600,50,55,cruise_flap_elevator_rear_fixed,NaN,exact_trim,853.05939966549,600,8.0907532130655,NaN,-6.00042803897702,NaN,-0.00565670930244595,54.9999997320461,-0.00543005110915599,-0.00565670930181553,1,
tilt_50__vinf_55__family_cruise_flap_elevator_rear_fixed__source_transition_trim_map__seed_none,FE_tilt_50__V_55__rear_700,50,55,cruise_flap_elevator_rear_fixed,NaN,exact_trim,848.905770876905,700,7.90345851629013,NaN,-6.73248766237328,NaN,0.0155490973218875,54.9999979746606,0.0149260617360002,0.0155490973222168,1,
tilt_50__vinf_55__family_low_speed_force_balance_rear_fixed__source_transition_trim_map_low_speed__seed_none,LSFB_tilt_50__V_55__rear_850,50,55,low_speed_force_balance_rear_fixed,NaN,exact_trim,841.845675860068,850,7.59045587748018,NaN,-8.23205285893535,NaN,0.0376652217112291,54.9999881158408,0.0361560146753549,0.0376652217112254,1,
tilt_50__vinf_55__family_low_speed_force_balance_rear_fixed__source_transition_trim_map_low_speed__seed_none,LSFB_tilt_50__V_55__rear_700,50,55,low_speed_force_balance_rear_fixed,NaN,exact_trim,848.867330094462,700,7.92965005092144,NaN,-6.70537776719075,NaN,7.16974525624052e-05,55,6.88249801598321e-05,7.16978343314172e-05,1,
tilt_50__vinf_55__family_low_speed_force_balance_rear_fixed__source_transition_trim_map_low_speed__seed_none,LSFB_tilt_50__V_55__rear_850,50,55,low_speed_force_balance_rear_fixed,NaN,exact_trim,841.845675860068,850,7.59045587748018,NaN,-8.23205285893535,NaN,0.0376652217112291,54.9999881158408,0.0361560146753549,0.0376652217112254,1,
tilt_50__vinf_60__family_cruise_flap_elevator_rear_fixed__source_transition_trim_map__seed_none,FE_tilt_50__V_60__rear_700,50,60,cruise_flap_elevator_rear_fixed,NaN,exact_trim,838.200611773177,700,4.99454636658675,NaN,-5.74319947267924,NaN,-0.0244443374825137,59.999994539498,-0.0255980495756603,-0.024444337482413,1,
tilt_50__vinf_60__family_cruise_flap_elevator_rear_fixed__source_transition_trim_map__seed_none,FE_tilt_50__V_60__rear_200,50,60,cruise_flap_elevator_rear_fixed,NaN,exact_trim,848.585574592915,200,5.38277505498703,NaN,-3.85659496860779,NaN,0.0120560624792116,59.9999986765986,0.0126250789943493,0.0120560624612446,1,
tilt_50__vinf_60__family_cruise_flap_elevator_rear_fixed__source_transition_trim_map__seed_none,FE_tilt_50__V_60__rear_300,50,60,cruise_flap_elevator_rear_fixed,NaN,exact_trim,847.429386869759,300,5.34501156038677,NaN,-4.05985283302296,NaN,0.00481212570793639,59.9999997883813,0.00503924625154571,0.00481212570800235,1,
tilt_50__vinf_60__family_cruise_flap_elevator_rear_fixed__source_transition_trim_map__seed_none,FE_tilt_50__V_60__rear_400,50,60,cruise_flap_elevator_rear_fixed,NaN,exact_trim,845.791692429357,400,5.36177904187087,NaN,-4.27242632232429,NaN,-0.046668891124533,59.999980096589,-0.0488715430895033,-0.0466688911156464,1,
tilt_50__vinf_60__family_cruise_flap_elevator_rear_fixed__source_transition_trim_map__seed_none,FE_tilt_50__V_60__rear_500,50,60,cruise_flap_elevator_rear_fixed,NaN,exact_trim,843.845959728411,500,5.0886327208627,NaN,-4.84922471146027,NaN,0.0617995594696976,59.9999653368146,0.0647163376475288,0.0617995619496053,1,
tilt_50__vinf_60__family_cruise_flap_elevator_rear_fixed__source_transition_trim_map__seed_none,FE_tilt_50__V_60__rear_600,50,60,cruise_flap_elevator_rear_fixed,NaN,exact_trim,841.230181188738,600,5.08319763856362,NaN,-5.2165592082601,NaN,-0.000123400939462585,59.9999999998605,-0.000129225161620475,-0.000123400939462582,1,
tilt_50__vinf_60__family_cruise_flap_elevator_rear_fixed__source_transition_trim_map__seed_none,FE_tilt_50__V_60__rear_700,50,60,cruise_flap_elevator_rear_fixed,NaN,exact_trim,838.200611773177,700,4.99454636658675,NaN,-5.74319947267924,NaN,-0.0244443374825137,59.999994539498,-0.0255980495756603,-0.024444337482413,1,
tilt_50__vinf_65__family_cruise_flap_elevator_rear_fixed__source_transition_trim_map__seed_none,FE_tilt_50__V_65__rear_700,50,65,cruise_flap_elevator_rear_fixed,NaN,exact_trim,846.719234684621,700,2.53070632679845,NaN,-5.00119282891177,NaN,0.00189317610443279,64.9999999645181,0.00214774016186529,0.001893176104431,1,
tilt_50__vinf_65__family_cruise_flap_elevator_rear_fixed__source_transition_trim_map__seed_none,FE_tilt_50__V_65__rear_200,50,65,cruise_flap_elevator_rear_fixed,NaN,exact_trim,854.283130318989,200,2.92624587566621,NaN,-3.24473097374689,NaN,-0.00533549208489326,64.9999997181735,-0.00605292375731435,-0.0053354920847661,1,
tilt_50__vinf_65__family_cruise_flap_elevator_rear_fixed__source_transition_trim_map__seed_none,FE_tilt_50__V_65__rear_300,50,65,cruise_flap_elevator_rear_fixed,NaN,exact_trim,853.471288367602,300,2.87527485031021,NaN,-3.49577210855405,NaN,0.000219533644634141,64.9999999997854,0.000249053019651987,0.000219533644631152,1,
tilt_50__vinf_65__family_cruise_flap_elevator_rear_fixed__source_transition_trim_map__seed_none,FE_tilt_50__V_65__rear_400,50,65,cruise_flap_elevator_rear_fixed,NaN,exact_trim,852.300785023077,400,2.80967494566055,NaN,-3.79285611941409,NaN,0.00401418827882287,64.9999998405319,0.0045539521430627,0.00401418827869647,1,
tilt_50__vinf_65__family_cruise_flap_elevator_rear_fixed__source_transition_trim_map__seed_none,FE_tilt_50__V_65__rear_500,50,65,cruise_flap_elevator_rear_fixed,NaN,exact_trim,850.998275529974,500,2.66020403200883,NaN,-4.19535854453105,NaN,0.0463878280737004,64.999978696736,0.0526253158785973,0.0463878280736996,1,
tilt_50__vinf_65__family_cruise_flap_elevator_rear_fixed__source_transition_trim_map__seed_none,FE_tilt_50__V_65__rear_600,50,65,cruise_flap_elevator_rear_fixed,NaN,exact_trim,848.85507146631,600,2.64861116345738,NaN,-4.51766723835076,NaN,-0.0018456084343557,64.9999999662786,-0.00209377635196503,-0.00184560843434828,1,
tilt_50__vinf_65__family_cruise_flap_elevator_rear_fixed__source_transition_trim_map__seed_none,FE_tilt_50__V_65__rear_700,50,65,cruise_flap_elevator_rear_fixed,NaN,exact_trim,846.719234684621,700,2.53070632679845,NaN,-5.00119282891177,NaN,0.00189317610443279,64.9999999645181,0.00214774016186529,0.001893176104431,1,
tilt_50__vinf_70__family_cruise_flap_elevator_rear_fixed__source_transition_trim_map__seed_none,FE_tilt_50__V_70__rear_700,50,70,cruise_flap_elevator_rear_fixed,NaN,exact_trim,858.12974353165,700,0.653592261347384,NaN,-4.55616118921046,NaN,0.000521560343462224,69.9999999971064,0.000637206166877158,0.000521560343461011,1,
tilt_50__vinf_70__family_cruise_flap_elevator_rear_fixed__source_transition_trim_map__seed_none,FE_tilt_50__V_70__rear_200,50,70,cruise_flap_elevator_rear_fixed,NaN,exact_trim,867.191391930029,200,0.912720478285555,NaN,-2.97039090370037,NaN,0.0343503170589631,69.9999874199796,0.041966826733347,0.034350317077403,1,
tilt_50__vinf_70__family_cruise_flap_elevator_rear_fixed__source_transition_trim_map__seed_none,FE_tilt_50__V_70__rear_600,50,70,cruise_flap_elevator_rear_fixed,NaN,exact_trim,860.316357847045,600,0.79788077478617,NaN,-4.08156897226725,NaN,-0.0291585134644191,69.9999909359048,-0.0356238429693353,-0.0291585134323775,1,
tilt_50__vinf_70__family_cruise_flap_elevator_rear_fixed__source_transition_trim_map__seed_none,FE_tilt_50__V_70__rear_700,50,70,cruise_flap_elevator_rear_fixed,NaN,exact_trim,858.12974353165,700,0.653592261347384,NaN,-4.55616118921046,NaN,0.000521560343462224,69.9999999971064,0.000637206166877158,0.000521560343461011,1,
tilt_50__vinf_75__family_cruise_flap_elevator_rear_fixed__source_transition_trim_map__seed_none,FE_tilt_50__V_75__rear_700,50,75,cruise_flap_elevator_rear_fixed,NaN,exact_trim,890.045909591834,700,-1.75785645302912,NaN,-4.87941488879393,NaN,0.125754053474042,74.9998193564041,0.164611540797485,0.125754054917483,1,
tilt_50__vinf_75__family_cruise_flap_elevator_rear_fixed__source_transition_trim_map__seed_none,FE_tilt_50__V_75__rear_200,50,75,cruise_flap_elevator_rear_fixed,NaN,exact_trim,889.703294760224,200,-1.08268065638457,NaN,-3.20174553504817,NaN,0.0295906796762664,74.9999900275272,0.0387341076567499,0.0295906798628618,1,
tilt_50__vinf_75__family_cruise_flap_elevator_rear_fixed__source_transition_trim_map__seed_none,FE_tilt_50__V_75__rear_300,50,75,cruise_flap_elevator_rear_fixed,NaN,exact_trim,889.114153790535,300,-1.08902274717009,NaN,-3.35788052912541,NaN,0.000464322496726801,75.0000000000013,0.000607796726880016,0.000464322496684367,1,
tilt_50__vinf_75__family_cruise_flap_elevator_rear_fixed__source_transition_trim_map__seed_none,FE_tilt_50__V_75__rear_400,50,75,cruise_flap_elevator_rear_fixed,NaN,exact_trim,888.866215312837,400,-1.17095731713,NaN,-3.64788357403568,NaN,0.00325524644465719,74.9999998793468,0.00426110762894951,0.00325524644426491,1,
tilt_50__vinf_75__family_cruise_flap_elevator_rear_fixed__source_transition_trim_map__seed_none,FE_tilt_50__V_75__rear_500,50,75,cruise_flap_elevator_rear_fixed,NaN,exact_trim,889.198471687834,500,-1.35085513867142,NaN,-4.00377946652023,NaN,0.0489961380708203,74.9999726257597,0.0641357878766236,0.0489961387542987,1,
tilt_50__vinf_75__family_cruise_flap_elevator_rear_fixed__source_transition_trim_map__seed_none,FE_tilt_50__V_75__rear_600,50,75,cruise_flap_elevator_rear_fixed,NaN,exact_trim,888.202565058476,600,-1.41748316461546,NaN,-4.29461044565111,NaN,0.0142800156222239,74.9999976706954,0.0186924965445661,0.0142800156220419,1,
tilt_50__vinf_75__family_cruise_flap_elevator_rear_fixed__source_transition_trim_map__seed_none,FE_tilt_50__V_75__rear_700,50,75,cruise_flap_elevator_rear_fixed,NaN,exact_trim,890.045909591834,700,-1.75785645302912,NaN,-4.87941488879393,NaN,0.125754053474042,74.9998193564041,0.164611540797485,0.125754054917483,1,
tilt_52p5__vinf_10__family_front_rear_free_flap_elevator__source_transition_trim_lowmid_guidegrid_scored__seed_guide_v10_t52p5_f150_r150,MidbandGuide_Tilt52p5_V10,52.5,10,front_rear_free_flap_elevator,4.42020068670417e-09,exact_trim,2184.34910357722,1448.15596876098,8.25477915878534,0,-24.9636732974358,0,34.8191000871434,8.20958910789361,5.70987273794151,34.8191000871808,1,
tilt_52p5__vinf_12p5__family_front_rear_free_flap_elevator__source_transition_trim_lowmid_guidegrid_scored__seed_guide_v12p5_t52p5_fm75_rm150,MidbandGuide_Tilt52p5_V12p5,52.5,12.5,front_rear_free_flap_elevator,5.36331934020666e-10,exact_trim,2164.48901314113,1416.54058492984,16.1338597690631,0,24.6568952806276,0,32.6273142477009,10.5274432070582,6.73965425844545,32.6273142478476,1,
tilt_52p5__vinf_15__family_front_rear_free_flap_elevator__source_transition_trim_lowmid_guidegrid_scored__seed_guide_v15_t52p5_fm150_rm75,MidbandGuide_Tilt52p5_V15,52.5,15,front_rear_free_flap_elevator,5.93035813498445e-11,exact_trim,2126.73912258866,1411.68174206611,24.8528435906893,0,0.635598164385508,0,30.0196724616816,12.9878051719036,7.50445979514511,30.0196724616788,1,
tilt_52p5__vinf_17p5__family_front_rear_free_flap_elevator__source_transition_trim_lowmid_guidegrid_scored__seed_guide_v17p5_t52p5_fm150_rm75,MidbandGuide_Tilt52p5_V17p5,52.5,17.5,front_rear_free_flap_elevator,4.45178353511222e-08,exact_trim,2092.24014545752,1385.05747942584,24.6913574144658,0,-2.75114165596086,0,27.9908602621619,15.4528932442269,8.21328743125521,27.9908602621903,1,
tilt_52p5__vinf_20__family_front_rear_free_flap_elevator__source_transition_trim_lowmid_guidegrid_scored__seed_guide_v20_t52p5_f75_rm150,MidbandGuide_Tilt52p5_V20,52.5,20,front_rear_free_flap_elevator,7.14053789643129e-12,exact_trim,2087.72087642756,1295.58959272687,-8.14212230360658,0,-12.0774358705381,0,31.5813237879401,17.0379537613444,10.4741649608163,31.5813237879394,1,
tilt_52p5__vinf_25__family_front_rear_free_flap_elevator__source_transition_trim_rearon_forever_scored__seed_entry_referencelinescored_tilt47p5_v25,ReferenceLineScored_Tilt52p5_V25,52.5,25,front_rear_free_flap_elevator,4.06547283356886e-07,exact_trim,2011.00565932207,1183.92038166807,-8.26628085816293,0,-24.9193855808816,0,29.6198965702402,21.7330839015749,12.3560944580949,29.6198964199962,1,
tilt_55__vinf_10__family_front_rear_free_flap_elevator__source_transition_trim_lowmid_guidegrid_scored__seed_guide_v10_t55_f0_r0,MidbandGuide_Tilt55_V10,55,10,front_rear_free_flap_elevator,3.12084069418726e-13,exact_trim,2218.31200464423,1411.60694345698,8.60873583367127,0,2.35971808805551,0,37.1619771500519,7.96930969036395,6.0407038546076,37.1619771500497,1,
tilt_55__vinf_12p5__family_front_rear_free_flap_elevator__source_transition_trim_lowmid_guidegrid_scored__seed_guide_v12p5_t55_fm75_r0,MidbandGuide_Tilt55_V12p5,55,12.5,front_rear_free_flap_elevator,4.88952083930003e-12,exact_trim,2193.08595409801,1392.50576259747,10.6699648714071,0,-14.134679083829,0,35.78976625176,10.1396035857948,7.31015999298085,35.7897662517588,1,
tilt_55__vinf_15__family_front_rear_free_flap_elevator__source_transition_trim_lowmid_guidegrid_scored__seed_guide_v15_t55_f0_rm75,MidbandGuide_Tilt55_V15,55,15,front_rear_free_flap_elevator,4.87213494027579e-13,exact_trim,2158.51216631369,1376.7468596922,25.0000000000014,0,-2.36676523574818,0,32.243973807877,12.6867591141512,8.0028834290839,32.2439738078764,1,
tilt_55__vinf_17p5__family_front_rear_free_flap_elevator__source_transition_trim_lowmid_guidegrid_fast__seed_guide_v17p5_t55_f0_r0,MidbandGuide_Tilt55_V17p5,55,17.5,front_rear_free_flap_elevator,4.37996450421494e-11,exact_trim,2127.55345396153,1328.40764775611,14.9090797550366,0,-24.9954121829715,0,32.2780973929341,14.795655695153,9.34551082340908,32.2780973929334,1,
tilt_55__vinf_22p5__family_front_rear_free_flap_elevator__source_transition_trim_lowmid_guidegrid_scored__seed_guide_v22p5_t55_f150_r0,MidbandGuide_Tilt55_V22p5,55,22.5,front_rear_free_flap_elevator,1.04674022992423e-07,exact_trim,2123.70874500349,1112.26023525254,-24.9672462672702,0,18.9583601330954,0,34.3461159103901,18.5770003629825,12.6942923136583,34.3461157595796,1,
tilt_55__vinf_25__family_front_rear_free_flap_elevator__source_transition_trim_path_scored__seed_nudged_parent_entry_pathscored_tilt50_v25,PathScored_Tilt55_V25,55,25,front_rear_free_flap_elevator,3.62513113036564e-12,exact_trim,2007.00263173678,1156.94315214271,9.43655524207376,0,-11.9256897380574,0,27.0527173420192,22.2647108609744,11.3702528677795,27.052717342019,1,
tilt_55__vinf_27p5__family_front_rear_free_flap_elevator__source_transition_trim_path_scored__seed_history_36,PathScored_Tilt55_V27p5,55,27.5,front_rear_free_flap_elevator,6.82599932070638e-07,exact_trim,1953.15023095389,1171.67254329856,6.97402139128593,0,-24.5881423874461,0,25.4577508383609,24.8298186012109,11.820749244754,25.4577508775949,1,
tilt_55__vinf_45__family_cruise_flap_elevator_rear_fixed__source_transition_trim_map__seed_none,FE_tilt_55__V_45__rear_600,55,45,cruise_flap_elevator_rear_fixed,NaN,exact_trim,970.158654491597,600,18.9984437139394,NaN,-8.12968165555139,NaN,0.0232400406976907,44.9999962982166,0.0182526847807485,0.023240040697691,1,
tilt_55__vinf_45__family_cruise_flap_elevator_rear_fixed__source_transition_trim_map__seed_none,FE_tilt_55__V_45__rear_200,55,45,cruise_flap_elevator_rear_fixed,NaN,exact_trim,999.10269288337,200,20.0383974705153,NaN,-5.00891463801756,NaN,-0.0165212400483817,44.9999989589104,-0.0129757515844866,-0.0165212399643623,1,
tilt_55__vinf_45__family_cruise_flap_elevator_rear_fixed__source_transition_trim_map__seed_none,FE_tilt_55__V_45__rear_300,55,45,cruise_flap_elevator_rear_fixed,NaN,exact_trim,994.421154917253,300,19.8519262049416,NaN,-5.48612479974642,NaN,0.00460421291913779,44.9999998547054,0.00361614036668441,0.00460421291913105,1,
tilt_55__vinf_45__family_cruise_flap_elevator_rear_fixed__source_transition_trim_map__seed_none,FE_tilt_55__V_45__rear_400,55,45,cruise_flap_elevator_rear_fixed,NaN,exact_trim,988.127327947887,400,19.6110431977415,NaN,-6.1471595293327,NaN,0.0244784989572259,44.9999958931691,0.0192253675388777,0.0244784989572266,1,
tilt_55__vinf_45__family_cruise_flap_elevator_rear_fixed__source_transition_trim_map__seed_none,FE_tilt_55__V_45__rear_500,55,45,cruise_flap_elevator_rear_fixed,NaN,exact_trim,980.067748398615,500,19.3669182280415,NaN,-6.91318843390961,NaN,0.00428179761483477,44.999999874413,0.00336291598020302,0.00428179761559504,1,
tilt_55__vinf_45__family_cruise_flap_elevator_rear_fixed__source_transition_trim_map__seed_none,FE_tilt_55__V_45__rear_600,55,45,cruise_flap_elevator_rear_fixed,NaN,exact_trim,970.158654491597,600,18.9984437139394,NaN,-8.12968165555139,NaN,0.0232400406976907,44.9999962982166,0.0182526847807485,0.023240040697691,1,
tilt_55__vinf_50__family_cruise_flap_elevator_rear_fixed__source_transition_trim_map__seed_none,FE_tilt_55__V_50__rear_600,55,50,cruise_flap_elevator_rear_fixed,NaN,exact_trim,875.117139878615,600,12.4709238671802,NaN,-7.41034016196366,NaN,-0.0393057156716565,49.9999882365965,-0.0343007054362284,-0.039305716197768,1,
tilt_55__vinf_50__family_cruise_flap_elevator_rear_fixed__source_transition_trim_map__seed_none,FE_tilt_55__V_50__rear_200,55,50,cruise_flap_elevator_rear_fixed,NaN,exact_trim,887.868258582181,200,12.9151224792681,NaN,-5.34688308611248,NaN,-0.0162924455146137,49.9999979785367,-0.0142178406795968,-0.0162924455141686,1,
tilt_55__vinf_50__family_cruise_flap_elevator_rear_fixed__source_transition_trim_map__seed_none,FE_tilt_55__V_50__rear_500,55,50,cruise_flap_elevator_rear_fixed,NaN,exact_trim,879.406532147494,500,12.5580193718742,NaN,-6.74735132414008,NaN,0.0123511730349968,49.999998838253,0.0107784317128908,0.0123511730340319,1,
tilt_55__vinf_50__family_cruise_flap_elevator_rear_fixed__source_transition_trim_map__seed_none,FE_tilt_55__V_50__rear_600,55,50,cruise_flap_elevator_rear_fixed,NaN,exact_trim,875.117139878615,600,12.4709238671802,NaN,-7.41034016196366,NaN,-0.0393057156716565,49.9999882365965,-0.0343007054362284,-0.039305716197768,1,
tilt_55__vinf_55__family_cruise_flap_elevator_rear_fixed__source_transition_trim_map__seed_none,FE_tilt_55__V_55__rear_700,55,55,cruise_flap_elevator_rear_fixed,NaN,exact_trim,831.923718288963,700,8.26685524143987,NaN,-7.1525898255778,NaN,0.0136314614292562,54.9999984448339,0.0130852634736307,0.0136314614165319,1,
tilt_55__vinf_55__family_cruise_flap_elevator_rear_fixed__source_transition_trim_map__seed_none,FE_tilt_55__V_55__rear_200,55,55,cruise_flap_elevator_rear_fixed,NaN,exact_trim,846.409439832604,200,8.8197485485297,NaN,-4.75873473855277,NaN,0.00332736749654164,54.9999999072543,0.00319404350133282,0.00332736749655322,1,
tilt_55__vinf_55__family_cruise_flap_elevator_rear_fixed__source_transition_trim_map__seed_none,FE_tilt_55__V_55__rear_300,55,55,cruise_flap_elevator_rear_fixed,NaN,exact_trim,844.837583366359,300,8.78877371394074,NaN,-4.98770574081197,NaN,-0.0138802851285799,54.9999983869795,-0.013324117092183,-0.0138802851377249,1,
tilt_55__vinf_55__family_cruise_flap_elevator_rear_fixed__source_transition_trim_map__seed_none,FE_tilt_55__V_55__rear_400,55,55,cruise_flap_elevator_rear_fixed,NaN,exact_trim,842.504541821268,400,8.69084217888419,NaN,-5.36713165053607,NaN,-0.00503972251566788,54.9999999522748,-0.00483778632066377,-0.00503972250701504,1,
tilt_55__vinf_55__family_cruise_flap_elevator_rear_fixed__source_transition_trim_map__seed_none,FE_tilt_55__V_55__rear_500,55,55,cruise_flap_elevator_rear_fixed,NaN,exact_trim,839.659726034704,500,8.64540320300202,NaN,-5.77809923014387,NaN,-0.0419094710667814,54.9999852867901,-0.0402302006232587,-0.0419094710948026,1,
tilt_55__vinf_55__family_cruise_flap_elevator_rear_fixed__source_transition_trim_map__seed_none,FE_tilt_55__V_55__rear_600,55,55,cruise_flap_elevator_rear_fixed,NaN,exact_trim,836.042786363081,600,8.44455002891004,NaN,-6.43802381342917,NaN,0.000116527250973735,54.9999999999665,0.000111858130877434,0.000116527250972619,1,
tilt_55__vinf_55__family_cruise_flap_elevator_rear_fixed__source_transition_trim_map__seed_none,FE_tilt_55__V_55__rear_700,55,55,cruise_flap_elevator_rear_fixed,NaN,exact_trim,831.923718288963,700,8.26685524143987,NaN,-7.1525898255778,NaN,0.0136314614292562,54.9999984448339,0.0130852634736307,0.0136314614165319,1,
tilt_55__vinf_60__family_cruise_flap_elevator_rear_fixed__source_transition_trim_map__seed_none,FE_tilt_55__V_60__rear_700,55,60,cruise_flap_elevator_rear_fixed,NaN,exact_trim,818.140328674268,700,5.34390718945996,NaN,-6.0595899954978,NaN,-0.0537106411936147,59.9999736370562,-0.0562456437549722,-0.0537106412523425,1,
tilt_55__vinf_60__family_cruise_flap_elevator_rear_fixed__source_transition_trim_map__seed_none,FE_tilt_55__V_60__rear_200,55,60,cruise_flap_elevator_rear_fixed,NaN,exact_trim,829.21826049597,200,5.97608072910599,NaN,-3.90734388653659,NaN,-0.166133028459137,59.9997478005173,-0.173973856917793,-0.166133028507206,1,
tilt_55__vinf_60__family_cruise_flap_elevator_rear_fixed__source_transition_trim_map__seed_none,FE_tilt_55__V_60__rear_300,55,60,cruise_flap_elevator_rear_fixed,NaN,exact_trim,827.503573547646,300,5.59252439928947,NaN,-4.47404293420597,NaN,0.0336416993795489,59.9999896574403,0.0352295031730218,0.0336416993689216,1,
tilt_55__vinf_60__family_cruise_flap_elevator_rear_fixed__source_transition_trim_map__seed_none,FE_tilt_55__V_60__rear_400,55,60,cruise_flap_elevator_rear_fixed,NaN,exact_trim,825.824876905915,400,5.47766830102013,NaN,-4.82431402974703,NaN,0.0615532011677867,59.9999653768258,0.0644583490355989,0.0615532010746033,1,
tilt_55__vinf_60__family_cruise_flap_elevator_rear_fixed__source_transition_trim_map__seed_none,FE_tilt_55__V_60__rear_500,55,60,cruise_flap_elevator_rear_fixed,NaN,exact_trim,823.713760114511,500,5.45013709189926,NaN,-5.15018090725226,NaN,0.0261740759791497,59.9999942404223,0.027409427918557,0.0261740763351448,1,
tilt_55__vinf_60__family_cruise_flap_elevator_rear_fixed__source_transition_trim_map__seed_none,FE_tilt_55__V_60__rear_600,55,60,cruise_flap_elevator_rear_fixed,NaN,exact_trim,821.17118897827,600,5.39534766165327,NaN,-5.56963976053577,NaN,-0.00634630842852161,60.0000002226977,-0.0066458386457437,-0.00634630837925884,1,
tilt_55__vinf_60__family_cruise_flap_elevator_rear_fixed__source_transition_trim_map__seed_none,FE_tilt_55__V_60__rear_700,55,60,cruise_flap_elevator_rear_fixed,NaN,exact_trim,818.140328674268,700,5.34390718945996,NaN,-6.0595899954978,NaN,-0.0537106411936147,59.9999736370562,-0.0562456437549722,-0.0537106412523425,1,
tilt_55__vinf_65__family_cruise_flap_elevator_rear_fixed__source_transition_trim_map__seed_none,FE_tilt_55__V_65__rear_700,55,65,cruise_flap_elevator_rear_fixed,NaN,exact_trim,824.707031975214,700,2.79317927872136,NaN,-5.31125964432166,NaN,0.000765220097086057,64.9999999999906,0.000868114662558967,0.000765220096847727,1,
tilt_55__vinf_65__family_cruise_flap_elevator_rear_fixed__source_transition_trim_map__seed_none,FE_tilt_55__V_65__rear_200,55,65,cruise_flap_elevator_rear_fixed,NaN,exact_trim,832.254643358419,200,3.17214500553108,NaN,-3.67425948259674,NaN,0.00699086578054792,64.9999995161619,0.00793088563363743,0.00699086578055146,1,
tilt_55__vinf_65__family_cruise_flap_elevator_rear_fixed__source_transition_trim_map__seed_none,FE_tilt_55__V_65__rear_300,55,65,cruise_flap_elevator_rear_fixed,NaN,exact_trim,831.380845859409,300,3.14474955972503,NaN,-3.84145457898414,NaN,-0.0023299293243897,64.9999999462569,-0.00264322097248018,-0.00232992932438951,1,
tilt_55__vinf_65__family_cruise_flap_elevator_rear_fixed__source_transition_trim_map__seed_none,FE_tilt_55__V_65__rear_400,55,65,cruise_flap_elevator_rear_fixed,NaN,exact_trim,830.241049570968,400,3.04768098015627,NaN,-4.13480754389467,NaN,0.0192187822789981,64.9999963511056,0.0218030164196762,0.0192187822273475,1,
tilt_55__vinf_65__family_cruise_flap_elevator_rear_fixed__source_transition_trim_map__seed_none,FE_tilt_55__V_65__rear_500,55,65,cruise_flap_elevator_rear_fixed,NaN,exact_trim,828.58919131522,500,3.0346933940042,NaN,-4.3992708496878,NaN,-0.0189167239830022,64.9999964604052,-0.0214603422623448,-0.018916724012601,1,
tilt_55__vinf_65__family_cruise_flap_elevator_rear_fixed__source_transition_trim_map__seed_none,FE_tilt_55__V_65__rear_600,55,65,cruise_flap_elevator_rear_fixed,NaN,exact_trim,826.880021495912,600,2.89243354584291,NaN,-4.84894529236157,NaN,0.00865722283488129,64.9999992691805,0.00982130774032408,0.00865722284406538,1,
tilt_55__vinf_65__family_cruise_flap_elevator_rear_fixed__source_transition_trim_map__seed_none,FE_tilt_55__V_65__rear_700,55,65,cruise_flap_elevator_rear_fixed,NaN,exact_trim,824.707031975214,700,2.79317927872136,NaN,-5.31125964432166,NaN,0.000765220097086057,64.9999999999906,0.000868114662558967,0.000765220096847727,1,
tilt_55__vinf_70__family_cruise_flap_elevator_rear_fixed__source_transition_trim_map__seed_none,FE_tilt_55__V_70__rear_700,55,70,cruise_flap_elevator_rear_fixed,NaN,exact_trim,836.729155914588,700,0.876200303654171,NaN,-4.79997175393741,NaN,0.00103816580143883,69.9999999999974,0.00126835879858353,0.00103816580084528,1,
tilt_55__vinf_70__family_cruise_flap_elevator_rear_fixed__source_transition_trim_map__seed_none,FE_tilt_55__V_70__rear_200,55,70,cruise_flap_elevator_rear_fixed,NaN,exact_trim,845.377232400158,200,1.21398707286022,NaN,-3.22006021656102,NaN,-0.00750753653731285,69.9999994018869,-0.00917218616894153,-0.00750753654101924,1,
tilt_55__vinf_70__family_cruise_flap_elevator_rear_fixed__source_transition_trim_map__seed_none,FE_tilt_55__V_70__rear_300,55,70,cruise_flap_elevator_rear_fixed,NaN,exact_trim,844.471147190145,300,1.16847450237749,NaN,-3.4449026335581,NaN,-0.00138984351180071,69.999999979594,-0.00169801417566597,-0.00138984351183321,1,
tilt_55__vinf_70__family_cruise_flap_elevator_rear_fixed__source_transition_trim_map__seed_none,FE_tilt_55__V_70__rear_400,55,70,cruise_flap_elevator_rear_fixed,NaN,exact_trim,843.130674398559,400,1.11895939863195,NaN,-3.71826550874368,NaN,-0.00145011091847121,69.9999999775843,-0.00177164470308042,-0.00145011091848639,1,
tilt_55__vinf_70__family_cruise_flap_elevator_rear_fixed__source_transition_trim_map__seed_none,FE_tilt_55__V_70__rear_500,55,70,cruise_flap_elevator_rear_fixed,NaN,exact_trim,841.620869930952,500,1.00463230710017,NaN,-4.05994797070129,NaN,0.0272374962404964,69.999992090352,0.0332768780043635,0.0272374962404966,1,
tilt_55__vinf_70__family_cruise_flap_elevator_rear_fixed__source_transition_trim_map__seed_none,FE_tilt_55__V_70__rear_600,55,70,cruise_flap_elevator_rear_fixed,NaN,exact_trim,839.25935310984,600,0.966148662671795,NaN,-4.37954320114193,NaN,0.00341506045461213,70.0000000000044,0.00417228341631431,0.00341506043434469,1,
tilt_55__vinf_70__family_cruise_flap_elevator_rear_fixed__source_transition_trim_map__seed_none,FE_tilt_55__V_70__rear_700,55,70,cruise_flap_elevator_rear_fixed,NaN,exact_trim,836.729155914588,700,0.876200303654171,NaN,-4.79997175393741,NaN,0.00103816580143883,69.9999999999974,0.00126835879858353,0.00103816580084528,1,
tilt_55__vinf_75__family_cruise_flap_elevator_rear_fixed__source_transition_trim_map__seed_none,FE_tilt_55__V_75__rear_600,55,75,cruise_flap_elevator_rear_fixed,NaN,exact_trim,861.484682154888,600,-1.06979018625515,NaN,-4.45069781294625,NaN,0.0324704499116803,74.9999879562348,0.0425037172666861,0.0324704499113831,1,
tilt_55__vinf_75__family_cruise_flap_elevator_rear_fixed__source_transition_trim_map__seed_none,FE_tilt_55__V_75__rear_200,55,75,cruise_flap_elevator_rear_fixed,NaN,exact_trim,862.878732370078,200,-0.702525612852193,NaN,-3.3676044438295,NaN,0.0295011891844697,74.999990059455,0.0386169645685195,0.0295011891348046,1,
tilt_55__vinf_75__family_cruise_flap_elevator_rear_fixed__source_transition_trim_map__seed_none,FE_tilt_55__V_75__rear_300,55,75,cruise_flap_elevator_rear_fixed,NaN,exact_trim,862.299246744524,300,-0.703952072760466,NaN,-3.51775341978641,NaN,-0.00297847251319235,74.9999998986613,-0.00389881140089703,-0.00297847251319333,1,
tilt_55__vinf_75__family_cruise_flap_elevator_rear_fixed__source_transition_trim_map__seed_none,FE_tilt_55__V_75__rear_400,55,75,cruise_flap_elevator_rear_fixed,NaN,exact_trim,862.015337702266,400,-0.793479199743578,NaN,-3.77544715047517,NaN,0.00360420702155185,74.9999998516096,0.00471789595559042,0.00360420702153932,1,
tilt_55__vinf_75__family_cruise_flap_elevator_rear_fixed__source_transition_trim_map__seed_none,FE_tilt_55__V_75__rear_500,55,75,cruise_flap_elevator_rear_fixed,NaN,exact_trim,861.385816100579,500,-0.874622444510533,NaN,-4.03830790817483,NaN,-0.00912689973174406,74.999999048459,-0.0119470837592334,-0.00912689973050894,1,
tilt_55__vinf_75__family_cruise_flap_elevator_rear_fixed__source_transition_trim_map__seed_none,FE_tilt_55__V_75__rear_600,55,75,cruise_flap_elevator_rear_fixed,NaN,exact_trim,861.484682154888,600,-1.06979018625515,NaN,-4.45069781294625,NaN,0.0324704499116803,74.9999879562348,0.0425037172666861,0.0324704499113831,1,
tilt_57p5__vinf_12p5__family_front_rear_free_flap_elevator__source_transition_trim_lowmid_guidegrid_scored__seed_entry_midbandguide_tilt55_v10,MidbandGuide_Tilt57p5_V12p5,57.5,12.5,front_rear_free_flap_elevator,5.886818608289e-12,exact_trim,2237.94323109198,1331.99919333566,-20.5131378164732,0,-17.6473374679676,0,40.5240346200218,9.50166832656105,8.12208710936517,40.5240346200186,1,
tilt_57p5__vinf_15__family_front_rear_free_flap_elevator__source_transition_trim_lowmid_guidegrid_scored__seed_referencelinescored_tilt60_v17p5,MidbandGuide_Tilt57p5_V15,57.5,15,front_rear_free_flap_elevator,2.58957004451193e-11,exact_trim,2195.30113162132,1318.74308724037,13.5320880812286,0,-22.9646891336501,0,36.5463237060283,12.0506352451104,8.93208767250702,36.5463237060328,1,
tilt_57p5__vinf_17p5__family_front_rear_free_flap_elevator__source_transition_trim_lowmid_guidegrid_scored__seed_guide_v17p5_t57p5_blend,MidbandGuide_Tilt57p5_V17p5,57.5,17.5,front_rear_free_flap_elevator,1.27365887466124e-10,exact_trim,2170.31632476327,1254.89165404264,-3.94425874697548,0,-23.2033752712027,0,37.086921652915,13.9601279375842,10.5529535186506,37.0869216528741,1,
tilt_57p5__vinf_20__family_front_rear_free_flap_elevator__source_transition_trim_leftbridge_fast__seed_guide_v20_t57p5_f0_rm100,MidbandGuide_Tilt57p5_V20,57.5,20,front_rear_free_flap_elevator,3.72600851916482e-11,exact_trim,2131.34229312021,1230.47581261545,9.46961307890854,0,2.72387032975065,0,32.8946579039433,16.7934100986232,10.8619232762823,32.894657903943,1,
tilt_57p5__vinf_25__family_front_rear_free_flap_elevator__source_transition_trim_lowmid_guidegrid_scored__seed_guide_v25_t57p5_fm75_rm75,MidbandGuide_Tilt57p5_V25,57.5,25,front_rear_free_flap_elevator,1.02097299835776e-07,exact_trim,2094.27045188877,1039.35938324241,-17.5063737322258,0,1.34135413797709,0,34.7089652506849,20.5513738572268,14.2352039995628,34.7089652443899,1,
tilt_57p5__vinf_27p5__family_front_rear_free_flap_elevator__source_transition_trim_rearon_forever_scored__seed_interp_25_to_45_f50,ReferenceLineScored_Tilt57p5_V27p5,57.5,27.5,front_rear_free_flap_elevator,3.18256333919516e-09,exact_trim,2054.27533156555,924.192802767491,-6.2507457090721,0,24.9762630746852,0,29.9914608277262,23.8177475946824,13.7464504354216,29.9914608278321,1,
tilt_60__vinf_12p5__family_front_rear_free_flap_elevator__source_transition_trim_lowmid_guidegrid_scored__seed_guide_v12p5_t60_f0_rm150,MidbandGuide_Tilt60_V12p5,60,12.5,front_rear_free_flap_elevator,1.02993997009528e-11,exact_trim,2259.50397844167,1300.85040248465,20.0700916727978,0,2.41265188703829,0,40.0503396354327,9.56849249037321,8.04325502900888,40.0503396354393,1,
tilt_60__vinf_15__family_front_rear_free_flap_elevator__source_transition_trim_lowmid_guidegrid_scored__seed_entry_midbandguide_tilt57p5_v15,MidbandGuide_Tilt60_V15,60,15,front_rear_free_flap_elevator,5.50263114817794e-13,exact_trim,2244.52494486028,1240.31029060642,-20.906221564821,0,-22.9465952529737,0,42.5110341916642,11.0572082395025,10.1359827322406,42.5110341916641,1,
tilt_60__vinf_17p5__family_front_rear_free_flap_elevator__source_transition_trim_lowmid_guidegrid_scored__seed_guide_v17p5_t60_f150_r150,MidbandGuide_Tilt60_V17p5,60,17.5,front_rear_free_flap_elevator,4.39586467352492e-13,exact_trim,2202.09585448304,1224.18283834556,8.61589042837317,0,-1.85341720291712,0,37.6192251133146,13.861485220069,10.6821920734377,37.6192251133136,1,
tilt_60__vinf_20__family_front_rear_free_flap_elevator__source_transition_trim_lowmid_guidegrid_scored__seed_guide_v20_t60_f150_r75,MidbandGuide_Tilt60_V20,60,20,front_rear_free_flap_elevator,1.6822693855847e-09,exact_trim,2155.36407092512,1210.46128747091,18.040719117592,0,-18.5021462359791,0,33.8331780649641,16.6132439566929,11.1355343491576,33.8331780651401,1,
tilt_60__vinf_22p5__family_front_rear_free_flap_elevator__source_transition_trim_lowmid_guidegrid_scored__seed_guide_v22p5_t60_f75_rm75,MidbandGuide_Tilt60_V22p5,60,22.5,front_rear_free_flap_elevator,1.2937347552514e-09,exact_trim,2158.83379339666,1062.4203490571,-24.3550776888887,0,-22.2031402183686,0,39.7502154054599,17.2988871316881,14.3874425804307,39.7502154054658,1,
tilt_60__vinf_25__family_front_rear_free_flap_elevator__source_transition_trim_lowmid_guidegrid_scored__seed_guide_v25_t60_f150_r150,MidbandGuide_Tilt60_V25,60,25,front_rear_free_flap_elevator,2.44717208179072e-07,exact_trim,2080.37773302723,992.366469076768,-5.69441905941927,0,-23.188695784779,0,35.253912974743,20.4150534404037,14.430024028686,35.2539129953807,1,
tilt_60__vinf_27p5__family_front_rear_free_flap_elevator__source_transition_trim_lowmid_guidegrid_scored__seed_guide_v27p5_t60_f0_r75,MidbandGuide_Tilt60_V27p5,60,27.5,front_rear_free_flap_elevator,4.92451462661651e-11,exact_trim,2088.4599317578,821.865836691689,-11.1556472060703,0,20.7475441179665,0,33.4609399992178,22.9422021907839,15.1626303337468,33.4609399993004,1,
tilt_60__vinf_50__family_cruise_flap_elevator_rear_fixed__source_transition_trim_map__seed_none,FE_tilt_60__V_50__rear_600,60,50,cruise_flap_elevator_rear_fixed,NaN,exact_trim,864.790893253048,600,12.9860125001553,NaN,-8.04999444002548,NaN,-0.0664007714863937,49.9999664231459,-0.0579455914439414,-0.0664007714860073,1,
tilt_60__vinf_50__family_cruise_flap_elevator_rear_fixed__source_transition_trim_map__seed_none,FE_tilt_60__V_50__rear_200,60,50,cruise_flap_elevator_rear_fixed,NaN,exact_trim,876.623626207581,200,13.3415489553252,NaN,-5.93971403256318,NaN,0.00183183033760491,49.9999999749111,0.00159857353627965,0.00183183033769757,1,
tilt_60__vinf_50__family_cruise_flap_elevator_rear_fixed__source_transition_trim_map__seed_none,FE_tilt_60__V_50__rear_300,60,50,cruise_flap_elevator_rear_fixed,NaN,exact_trim,874.72670984789,300,13.2743067567376,NaN,-6.250484586011,NaN,-0.00146326145864719,49.9999999838697,-0.00127693652506725,-0.00146326147200303,1,
tilt_60__vinf_50__family_cruise_flap_elevator_rear_fixed__source_transition_trim_map__seed_none,FE_tilt_60__V_50__rear_400,60,50,cruise_flap_elevator_rear_fixed,NaN,exact_trim,872.124773395348,400,13.1938064151419,NaN,-6.66992034879042,NaN,-0.0144362847173704,49.9999984129053,-0.0125980348765319,-0.0144362847244209,1,
tilt_60__vinf_50__family_cruise_flap_elevator_rear_fixed__source_transition_trim_map__seed_none,FE_tilt_60__V_50__rear_500,60,50,cruise_flap_elevator_rear_fixed,NaN,exact_trim,868.418791139948,500,12.975509492723,NaN,-7.34318848804439,NaN,0.0385763215357761,49.9999891619828,0.033664174994125,0.0385763054918599,1,
tilt_60__vinf_50__family_cruise_flap_elevator_rear_fixed__source_transition_trim_map__seed_none,FE_tilt_60__V_50__rear_600,60,50,cruise_flap_elevator_rear_fixed,NaN,exact_trim,864.790893253048,600,12.9860125001553,NaN,-8.04999444002548,NaN,-0.0664007714863937,49.9999664231459,-0.0579455914439414,-0.0664007714860073,1,
tilt_60__vinf_55__family_cruise_flap_elevator_rear_fixed__source_transition_trim_map__seed_none,FE_tilt_60__V_55__rear_700,60,55,cruise_flap_elevator_rear_fixed,NaN,exact_trim,819.094025047975,700,8.62517016083136,NaN,-7.59963758380971,NaN,-0.00103024659586204,55.0000004325634,-0.000988965748291075,-0.00103024660015131,1,
tilt_60__vinf_55__family_cruise_flap_elevator_rear_fixed__source_transition_trim_map__seed_none,FE_tilt_60__V_55__rear_200,60,55,cruise_flap_elevator_rear_fixed,NaN,exact_trim,833.293424702792,200,9.14469983767413,NaN,-5.16984017003245,NaN,0.00990460029842679,54.9999991803557,0.00950773370624007,0.00990460030534074,1,
tilt_60__vinf_55__family_cruise_flap_elevator_rear_fixed__source_transition_trim_map__seed_none,FE_tilt_60__V_55__rear_300,60,55,cruise_flap_elevator_rear_fixed,NaN,exact_trim,832.44280926803,300,9.32034221294343,NaN,-5.1801785553488,NaN,-0.127112959224163,54.999864647345,-0.122019581230526,-0.127112959227016,1,
tilt_60__vinf_55__family_cruise_flap_elevator_rear_fixed__source_transition_trim_map__seed_none,FE_tilt_60__V_55__rear_400,60,55,cruise_flap_elevator_rear_fixed,NaN,exact_trim,829.47104996592,400,9.00836389889506,NaN,-5.79561125350569,NaN,0.0101952832360485,54.9999991292652,0.00978676928367299,0.0101952832360339,1,
tilt_60__vinf_55__family_cruise_flap_elevator_rear_fixed__source_transition_trim_map__seed_none,FE_tilt_60__V_55__rear_500,60,55,cruise_flap_elevator_rear_fixed,NaN,exact_trim,826.683247094534,500,8.94353635084406,NaN,-6.22387223528358,NaN,-0.0164668065841468,54.9999977303968,-0.0158069993322026,-0.0164668065625196,1,
tilt_60__vinf_55__family_cruise_flap_elevator_rear_fixed__source_transition_trim_map__seed_none,FE_tilt_60__V_55__rear_600,60,55,cruise_flap_elevator_rear_fixed,NaN,exact_trim,823.131026799649,600,8.77702570928263,NaN,-6.84080642085101,NaN,0.00329996414693599,54.9999999088412,0.00316773817399682,0.00329996414677505,1,
tilt_60__vinf_55__family_cruise_flap_elevator_rear_fixed__source_transition_trim_map__seed_none,FE_tilt_60__V_55__rear_700,60,55,cruise_flap_elevator_rear_fixed,NaN,exact_trim,819.094025047975,700,8.62517016083136,NaN,-7.59963758380971,NaN,-0.00103024659586204,55.0000004325634,-0.000988965748291075,-0.00103024660015131,1,
tilt_60__vinf_60__family_cruise_flap_elevator_rear_fixed__source_transition_trim_map__seed_none,FE_tilt_60__V_60__rear_700,60,60,cruise_flap_elevator_rear_fixed,NaN,exact_trim,802.872768925121,700,5.49927068276559,NaN,-6.5130475213132,NaN,0.0143929991044126,59.9999981074075,0.015072313266071,0.0143929991119976,1,
tilt_60__vinf_60__family_cruise_flap_elevator_rear_fixed__source_transition_trim_map__seed_none,FE_tilt_60__V_60__rear_200,60,60,cruise_flap_elevator_rear_fixed,NaN,exact_trim,813.397716903204,200,5.96412568974639,NaN,-4.53401361059055,NaN,0.000640715135966915,59.9999999962927,0.000670955319873228,0.00064071513452265,1,
tilt_60__vinf_60__family_cruise_flap_elevator_rear_fixed__source_transition_trim_map__seed_none,FE_tilt_60__V_60__rear_300,60,60,cruise_flap_elevator_rear_fixed,NaN,exact_trim,812.171762674239,300,5.90042615322777,NaN,-4.76397255436159,NaN,0.00936885646625839,59.999999337503,0.0098110434241911,0.00936885636704151,1,
tilt_60__vinf_60__family_cruise_flap_elevator_rear_fixed__source_transition_trim_map__seed_none,FE_tilt_60__V_60__rear_400,60,60,cruise_flap_elevator_rear_fixed,NaN,exact_trim,810.522184312057,400,5.84530321183053,NaN,-5.05017724918154,NaN,0.0012788812375918,59.9999999881148,0.00133924129995404,0.00127888123732395,1,
tilt_60__vinf_60__family_cruise_flap_elevator_rear_fixed__source_transition_trim_map__seed_none,FE_tilt_60__V_60__rear_500,60,60,cruise_flap_elevator_rear_fixed,NaN,exact_trim,808.399411202409,500,5.7842706973025,NaN,-5.40798103451373,NaN,-0.014954574303857,59.9999979562667,-0.0156603934123746,-0.0149545743038545,1,
tilt_60__vinf_60__family_cruise_flap_elevator_rear_fixed__source_transition_trim_map__seed_none,FE_tilt_60__V_60__rear_600,60,60,cruise_flap_elevator_rear_fixed,NaN,exact_trim,805.82387504228,600,5.65372982865246,NaN,-5.91444258293408,NaN,-0.00145782006836398,59.9999999805844,-0.00152662560551484,-0.00145782006836722,1,
tilt_60__vinf_60__family_cruise_flap_elevator_rear_fixed__source_transition_trim_map__seed_none,FE_tilt_60__V_60__rear_700,60,60,cruise_flap_elevator_rear_fixed,NaN,exact_trim,802.872768925121,700,5.49927068276559,NaN,-6.5130475213132,NaN,0.0143929991044126,59.9999981074075,0.015072313266071,0.0143929991119976,1,
tilt_60__vinf_65__family_cruise_flap_elevator_rear_fixed__source_transition_trim_map__seed_none,FE_tilt_60__V_65__rear_700,60,65,cruise_flap_elevator_rear_fixed,NaN,exact_trim,807.329259959351,700,3.03738483878857,NaN,-5.59037483324536,NaN,-0.00364443723365412,64.9999998688305,-0.00413448288889845,-0.00364443723325385,1,
tilt_60__vinf_65__family_cruise_flap_elevator_rear_fixed__source_transition_trim_map__seed_none,FE_tilt_60__V_65__rear_200,60,65,cruise_flap_elevator_rear_fixed,NaN,exact_trim,814.792447311441,200,3.40582509708861,NaN,-3.9697245945946,NaN,0.0111715319829302,64.9999987781568,0.0126737009060279,0.0111715319565281,1,
tilt_60__vinf_65__family_cruise_flap_elevator_rear_fixed__source_transition_trim_map__seed_none,FE_tilt_60__V_65__rear_300,60,65,cruise_flap_elevator_rear_fixed,NaN,exact_trim,813.956358829009,300,3.33990363294717,NaN,-4.17500891582766,NaN,0.0243339398764727,64.9999941378215,0.0276059782741741,0.0243339398767558,1,
tilt_60__vinf_65__family_cruise_flap_elevator_rear_fixed__source_transition_trim_map__seed_none,FE_tilt_60__V_65__rear_400,60,65,cruise_flap_elevator_rear_fixed,NaN,exact_trim,812.748573395792,400,3.3352226800598,NaN,-4.37318141328187,NaN,-0.00905977450896446,64.9999991874179,-0.010277988110753,-0.00905977450901011,1,
tilt_60__vinf_65__family_cruise_flap_elevator_rear_fixed__source_transition_trim_map__seed_none,FE_tilt_60__V_65__rear_600,60,65,cruise_flap_elevator_rear_fixed,NaN,exact_trim,809.354430964603,600,3.18256371737598,NaN,-5.08115138980989,NaN,-0.0221062735202015,64.9999951619714,-0.0250787711657907,-0.0221062735203743,1,
tilt_60__vinf_65__family_cruise_flap_elevator_rear_fixed__source_transition_trim_map__seed_none,FE_tilt_60__V_65__rear_700,60,65,cruise_flap_elevator_rear_fixed,NaN,exact_trim,807.329259959351,700,3.03738483878857,NaN,-5.59037483324536,NaN,-0.00364443723365412,64.9999998688305,-0.00413448288889845,-0.00364443723325385,1,
tilt_60__vinf_70__family_cruise_flap_elevator_rear_fixed__source_transition_trim_map__seed_none,FE_tilt_60__V_70__rear_700,60,70,cruise_flap_elevator_rear_fixed,NaN,exact_trim,819.90306475004,700,1.07918843847322,NaN,-5.02228004075123,NaN,0.00151082212228007,69.9999999756654,0.00184581743098741,0.00151082212227875,1,
tilt_60__vinf_70__family_cruise_flap_elevator_rear_fixed__source_transition_trim_map__seed_none,FE_tilt_60__V_70__rear_200,60,70,cruise_flap_elevator_rear_fixed,NaN,exact_trim,828.545197954551,200,1.41073218610416,NaN,-3.52912445143813,NaN,-0.000157218029370228,70.0000000000468,-0.000192078057918775,-0.000157218029368289,1,
tilt_60__vinf_70__family_cruise_flap_elevator_rear_fixed__source_transition_trim_map__seed_none,FE_tilt_60__V_70__rear_300,60,70,cruise_flap_elevator_rear_fixed,NaN,exact_trim,827.648590588355,300,1.35667944569717,NaN,-3.7350002549401,NaN,0.0104071168718164,69.9999988494962,0.0127146917698584,0.0104071168597768,1,
tilt_60__vinf_70__family_cruise_flap_elevator_rear_fixed__source_transition_trim_map__seed_none,FE_tilt_60__V_70__rear_400,60,70,cruise_flap_elevator_rear_fixed,NaN,exact_trim,826.180119706763,400,1.33396619665441,NaN,-3.93508407046953,NaN,-0.00622929925610527,69.999999999924,-0.00761052463121688,-0.00622929913616365,1,
tilt_60__vinf_70__family_cruise_flap_elevator_rear_fixed__source_transition_trim_map__seed_none,FE_tilt_60__V_70__rear_500,60,70,cruise_flap_elevator_rear_fixed,NaN,exact_trim,824.428333214103,500,1.26734815360133,NaN,-4.22900267507298,NaN,-0.00573789906599694,69.9999999998679,-0.00701016606509474,-0.00573789896962548,1,
tilt_60__vinf_70__family_cruise_flap_elevator_rear_fixed__source_transition_trim_map__seed_none,FE_tilt_60__V_70__rear_600,60,70,cruise_flap_elevator_rear_fixed,NaN,exact_trim,822.335056161931,600,1.18112004308006,NaN,-4.59272097053772,NaN,-0.00238504703786841,69.9999999393541,-0.00291388465296354,-0.00238504703787092,1,
tilt_60__vinf_70__family_cruise_flap_elevator_rear_fixed__source_transition_trim_map__seed_none,FE_tilt_60__V_70__rear_700,60,70,cruise_flap_elevator_rear_fixed,NaN,exact_trim,819.90306475004,700,1.07918843847322,NaN,-5.02228004075123,NaN,0.00151082212228007,69.9999999756654,0.00184581743098741,0.00151082212227875,1,
tilt_60__vinf_75__family_cruise_flap_elevator_rear_fixed__source_transition_trim_map__seed_none,FE_tilt_60__V_75__rear_600,60,75,cruise_flap_elevator_rear_fixed,NaN,exact_trim,839.553971245625,600,-0.675974506263213,NaN,-4.50971579680669,NaN,-0.00147226174885932,74.9999999779677,-0.00192718612259392,-0.00147226174891931,1,
tilt_60__vinf_75__family_cruise_flap_elevator_rear_fixed__source_transition_trim_map__seed_none,FE_tilt_60__V_75__rear_300,60,75,cruise_flap_elevator_rear_fixed,NaN,exact_trim,840.984533955105,300,-0.354449449734989,NaN,-3.64664675614292,NaN,-0.00991480137925615,74.999998877147,-0.0129784445899549,-0.00991480137812314,1,
tilt_60__vinf_75__family_cruise_flap_elevator_rear_fixed__source_transition_trim_map__seed_none,FE_tilt_60__V_75__rear_400,60,75,cruise_flap_elevator_rear_fixed,NaN,exact_trim,840.830773775032,400,-0.479325347106906,NaN,-3.91109595346087,NaN,0.0175648643168135,74.9999964756751,0.0229923532644068,0.0175648643167886,1,
tilt_60__vinf_75__family_cruise_flap_elevator_rear_fixed__source_transition_trim_map__seed_none,FE_tilt_60__V_75__rear_500,60,75,cruise_flap_elevator_rear_fixed,NaN,exact_trim,840.537844576901,500,-0.609159524528311,NaN,-4.22059149743221,NaN,0.0340085354291847,74.9999867884217,0.044517066143113,0.0340085354142532,1,
tilt_60__vinf_75__family_cruise_flap_elevator_rear_fixed__source_transition_trim_map__seed_none,FE_tilt_60__V_75__rear_600,60,75,cruise_flap_elevator_rear_fixed,NaN,exact_trim,839.553971245625,600,-0.675974506263213,NaN,-4.50971579680669,NaN,-0.00147226174885932,74.9999999779677,-0.00192718612259392,-0.00147226174891931,1,
tilt_62p5__vinf_15__family_front_rear_free_flap_elevator__source_transition_trim_lowmid_guidegrid_scored__seed_guide_v15_t62p5_f150_rm150,MidbandGuide_Tilt62p5_V15,62.5,15,front_rear_free_flap_elevator,5.77537286366162e-09,exact_trim,2273.08094905937,1185.30458030806,-16.8907297637514,0,-25.0000000001254,0,45.0622539428989,10.5950710022176,10.6181199127487,45.0622539429082,1,
tilt_62p5__vinf_17p5__family_front_rear_free_flap_elevator__source_transition_trim_lowmid_guidegrid_fast__seed_guide_v17p5_t62p5_f0_r80,MidbandGuide_Tilt62p5_V17p5,62.5,17.5,front_rear_free_flap_elevator,9.85691473360598e-08,exact_trim,2250.85402404996,1119.2089843669,-24.9999999997955,0,-15.7931453283609,0,44.6244992469408,12.4552005498587,12.2930053018354,44.6244992395079,1,
tilt_62p5__vinf_20__family_front_rear_free_flap_elevator__source_transition_trim_lowmid_guidegrid_fast__seed_guide_v20_t62p5_fm60_r0,MidbandGuide_Tilt62p5_V20,62.5,20,front_rear_free_flap_elevator,9.86776981424513e-10,exact_trim,2212.03151542313,1084.97249620233,13.023393152522,0,24.4094679811092,0,36.7405105700581,16.0270579460613,11.9638377455018,36.7405105701096,1,
tilt_62p5__vinf_22p5__family_front_rear_free_flap_elevator__source_transition_trim_lowmid_guidegrid_fast__seed_guide_v22p5_t62p5_fm60_rm80,MidbandGuide_Tilt62p5_V22p5,62.5,22.5,front_rear_free_flap_elevator,3.38189859254694e-13,exact_trim,2171.25099301842,990.849789306708,-3.5709816957324,0,6.88894539528663,0,38.107140150768,17.7043077308456,13.8855135940853,38.1071401507681,1,
tilt_62p5__vinf_25__family_front_rear_free_flap_elevator__source_transition_trim_lowmid_guidegrid_scored__seed_guide_v25_t62p5_blend,MidbandGuide_Tilt62p5_V25,62.5,25,front_rear_free_flap_elevator,2.43698991464972e-10,exact_trim,2163.14854924675,805.367200260188,-20.8628473664936,0,13.0201491417189,0,39.8133128223127,19.2033692929309,16.0072048716767,39.8133128223094,1,
tilt_62p5__vinf_27p5__family_front_rear_free_flap_elevator__source_transition_trim_lowmid_guidegrid_scored__seed_guide_v27p5_t62p5_f75_r150,MidbandGuide_Tilt62p5_V27p5,62.5,27.5,front_rear_free_flap_elevator,6.88249611510625e-06,exact_trim,2035.8903052357,1101.49781004804,25,0,-21.4592958421958,0,25.4922970314495,24.822686825465,11.835718084233,25.4922970336866,1,
tilt_62p5_v_30,MidbandGuide_Tilt62p5_V30,62.5,30,front_rear_free_flap_elevator,1.98773671077105e-06,exact_trim,2082.78206842653,558.401634890381,-18.9504111983255,0,9.79641425573586,0,36.2259645079087,24.2007778131654,17.729138500237,36.2259637761476,1,
tilt_65__vinf_15__family_front_rear_free_flap_elevator__source_transition_trim_lowmid_guidegrid_scored__seed_guide_v15_t65_f150_rm75,MidbandGuide_Tilt65_V15,65,15,front_rear_free_flap_elevator,3.27121331484814e-10,exact_trim,2305.16523626174,1123.0354770562,-11.9928632282904,0,-22.4836791731029,0,47.7191924746923,10.0914708021627,11.0978474061026,47.7191924745011,1,
tilt_65__vinf_17p5__family_front_rear_free_flap_elevator__source_transition_trim_lowmid_guidegrid_scored__seed_guide_v17p5_t65_f150_r150,MidbandGuide_Tilt65_V17p5,65,17.5,front_rear_free_flap_elevator,3.18572767036791e-13,exact_trim,2271.85687909045,1082.84704700969,-8.94266505597673,0,-24.6772610511848,0,45.7941457025216,12.2016711394006,12.544688972068,45.7941457025213,1,
tilt_65__vinf_20__family_front_rear_free_flap_elevator__source_transition_trim_lowmid_guidegrid_fast__seed_referencelinescored_tilt65_v22p5,MidbandGuide_Tilt65_V20,65,20,front_rear_free_flap_elevator,5.68545639936043e-10,exact_trim,2259.41068291603,910.393685570273,-14.6507492407436,0,21.3385869270767,0,44.5795666860693,14.2455281716128,14.0379815900135,44.5795666859483,1,
tilt_65__vinf_22p5__family_front_rear_free_flap_elevator__source_transition_trim_reference_line_scored__seed_interp_20_to_50_f50,ReferenceLineScored_Tilt65_V22p5,65,22.5,front_rear_free_flap_elevator,1.99117560244488e-08,exact_trim,2194.96387458005,946.727389360175,-12.4211226982722,0,-21.8624927165173,0,42.5917545695343,16.5643759961496,15.227325700068,42.5917545716297,1,
tilt_65__vinf_27p5__family_front_rear_free_flap_elevator__source_transition_trim_lowmid_guidegrid_fast__seed_guide_v27p5_t65_fm60_r0,MidbandGuide_Tilt65_V27p5,65,27.5,front_rear_free_flap_elevator,3.76714868510475e-13,exact_trim,2156.38742624315,507.835959807791,-22.7909403015665,0,13.193667907387,0,41.0354230400525,20.743355280535,18.0544512989319,41.0354230400527,1,
tilt_65__vinf_32p5__family_front_rear_free_flap_elevator__source_transition_trim_rearon_forever_scored__seed_history_14,ReferenceLineScored_Tilt65_V32p5,65,32.5,front_rear_free_flap_elevator,1.00535501671523e-09,exact_trim,2036.00074674495,456.128917958555,1.43751571684342,0,24.9118142383774,0,28.8020923599748,28.4793953119279,15.6580344459243,28.8020923600745,1,
tilt_65__vinf_35__family_front_rear_free_flap_elevator__source_transition_trim_reference_line_midband_scored__seed_history_16,ReferenceLineScored_Tilt65_V35,65,35,front_rear_free_flap_elevator,3.79997148513296e-11,exact_trim,1896.17522807101,686.195338158429,14.6807800009008,0,-13.3958842783143,0,22.3295999428123,32.3754746570736,13.2976930604226,22.3295999428123,1,
tilt_65_v_37p5,MidbandGuide_Tilt65_V37p5,65,37.5,front_rear_free_flap_elevator,5.72045381610822e-08,exact_trim,1889.14402309055,103.662516767125,-2.22065852769433,0,-10.9013721890239,0,27.1926392344761,33.3553158855302,17.1368872829393,27.1926392326311,1,
tilt_65__vinf_50__family_cruise_flap_elevator_rear_fixed__source_transition_trim_map__seed_none,FE_tilt_65__V_50__rear_500,65,50,cruise_flap_elevator_rear_fixed,NaN,exact_trim,861.402882705888,500,13.4752061992147,NaN,-7.94917173071784,NaN,-0.00569639408358559,49.9999999999961,-0.00497104154706685,-0.00569639398985405,1,
tilt_65__vinf_50__family_cruise_flap_elevator_rear_fixed__source_transition_trim_map__seed_none,FE_tilt_65__V_50__rear_200,65,50,cruise_flap_elevator_rear_fixed,NaN,exact_trim,869.164647463815,200,13.7550155997053,NaN,-6.50261523472589,NaN,0.0158355696700117,49.9999980904761,0.013819141303193,0.0158355696649125,1,
tilt_65__vinf_50__family_cruise_flap_elevator_rear_fixed__source_transition_trim_map__seed_none,FE_tilt_65__V_50__rear_300,65,50,cruise_flap_elevator_rear_fixed,NaN,exact_trim,867.43914087247,300,13.7180545665915,NaN,-6.77437869533697,NaN,-0.00710945094109102,49.9999996151009,-0.00620416633025895,-0.00710945094066125,1,
tilt_65__vinf_50__family_cruise_flap_elevator_rear_fixed__source_transition_trim_map__seed_none,FE_tilt_65__V_50__rear_400,65,50,cruise_flap_elevator_rear_fixed,NaN,exact_trim,864.77217519823,400,13.61591476381,NaN,-7.21227813026121,NaN,-0.00845247955336697,49.9999994559196,-0.00737617988163296,-0.00845247955359638,1,
tilt_65__vinf_50__family_cruise_flap_elevator_rear_fixed__source_transition_trim_map__seed_none,FE_tilt_65__V_50__rear_500,65,50,cruise_flap_elevator_rear_fixed,NaN,exact_trim,861.402882705888,500,13.4752061992147,NaN,-7.94917173071784,NaN,-0.00569639408358559,49.9999999999961,-0.00497104154706685,-0.00569639398985405,1,
tilt_65__vinf_55__family_cruise_flap_elevator_rear_fixed__source_transition_trim_map__seed_none,FE_tilt_65__V_55__rear_700,65,55,cruise_flap_elevator_rear_fixed,NaN,exact_trim,809.985564239561,700,8.94027074536384,NaN,-8.09111639076075,NaN,-0.000943107113930737,54.999999999976,-0.000905317838186462,-0.000943107113478724,1,
tilt_65__vinf_55__family_cruise_flap_elevator_rear_fixed__source_transition_trim_map__seed_none,FE_tilt_65__V_55__rear_200,65,55,cruise_flap_elevator_rear_fixed,NaN,exact_trim,823.868100650817,200,9.45054038612129,NaN,-5.53721947896302,NaN,-0.000896279802352567,54.9999999932708,-0.000860366846323747,-0.000896279802351667,1,
tilt_65__vinf_55__family_cruise_flap_elevator_rear_fixed__source_transition_trim_map__seed_none,FE_tilt_65__V_55__rear_300,65,55,cruise_flap_elevator_rear_fixed,NaN,exact_trim,822.306760114385,300,9.39824307509904,NaN,-5.79645222277823,NaN,-0.00210355322852447,54.9999999632343,-0.00201926614641094,-0.00210355323506089,1,
tilt_65__vinf_55__family_cruise_flap_elevator_rear_fixed__source_transition_trim_map__seed_none,FE_tilt_65__V_55__rear_400,65,55,cruise_flap_elevator_rear_fixed,NaN,exact_trim,820.057905423507,400,9.30296293950006,NaN,-6.18296616878427,NaN,0.00932894321194993,54.9999992709585,0.00895514257333789,0.00932894321194993,1,
tilt_65__vinf_55__family_cruise_flap_elevator_rear_fixed__source_transition_trim_map__seed_none,FE_tilt_65__V_55__rear_500,65,55,cruise_flap_elevator_rear_fixed,NaN,exact_trim,817.245859173588,500,9.19442538905845,NaN,-6.66446592501128,NaN,0.0156084907397946,54.9999979591574,0.0149830753220672,0.0156084907399861,1,
tilt_65__vinf_55__family_cruise_flap_elevator_rear_fixed__source_transition_trim_map__seed_none,FE_tilt_65__V_55__rear_600,65,55,cruise_flap_elevator_rear_fixed,NaN,exact_trim,813.920512930214,600,9.10399547331271,NaN,-7.20766315757001,NaN,-0.0018680496311666,54.9999999707673,-0.00179319891568013,-0.00186804963116564,1,
tilt_65__vinf_55__family_cruise_flap_elevator_rear_fixed__source_transition_trim_map__seed_none,FE_tilt_65__V_55__rear_700,65,55,cruise_flap_elevator_rear_fixed,NaN,exact_trim,809.985564239561,700,8.94027074536384,NaN,-8.09111639076075,NaN,-0.000943107113930737,54.999999999976,-0.000905317838186462,-0.000943107113478724,1,
tilt_65__vinf_60__family_cruise_flap_elevator_rear_fixed__source_transition_trim_map__seed_none,FE_tilt_65__V_60__rear_700,65,60,cruise_flap_elevator_rear_fixed,NaN,exact_trim,791.423428218923,700,5.76383350295828,NaN,-6.80374815994008,NaN,0.00252097538776102,59.9999999419936,0.00263995925191729,0.00252097538783331,1,
tilt_65__vinf_60__family_cruise_flap_elevator_rear_fixed__source_transition_trim_map__seed_none,FE_tilt_65__V_60__rear_200,65,60,cruise_flap_elevator_rear_fixed,NaN,exact_trim,801.883085321356,200,6.21822612835363,NaN,-4.84183583968039,NaN,-0.00155626365936127,60.0000000000547,-0.00162971549155882,-0.00155626365750601,1,
tilt_65__vinf_60__family_cruise_flap_elevator_rear_fixed__source_transition_trim_map__seed_none,FE_tilt_65__V_60__rear_300,65,60,cruise_flap_elevator_rear_fixed,NaN,exact_trim,800.682401528457,300,6.16473067835451,NaN,-5.05948321874531,NaN,0.000669091838727202,59.9999999977634,0.000700671335040141,0.000669091838721142,1,
tilt_65__vinf_60__family_cruise_flap_elevator_rear_fixed__source_transition_trim_map__seed_none,FE_tilt_65__V_60__rear_400,65,60,cruise_flap_elevator_rear_fixed,NaN,exact_trim,798.886010273058,400,6.01142765003246,NaN,-5.44578211577321,NaN,0.0503770385717749,59.9999768079425,0.0527547046766419,0.0503770386146036,1,
tilt_65__vinf_60__family_cruise_flap_elevator_rear_fixed__source_transition_trim_map__seed_none,FE_tilt_65__V_60__rear_500,65,60,cruise_flap_elevator_rear_fixed,NaN,exact_trim,797.205583431315,500,6.25654620944187,NaN,-5.48795251854893,NaN,-0.148357890250536,59.9997988606489,-0.155359845765393,-0.148357890250543,1,
tilt_65__vinf_60__family_cruise_flap_elevator_rear_fixed__source_transition_trim_map__seed_none,FE_tilt_65__V_60__rear_600,65,60,cruise_flap_elevator_rear_fixed,NaN,exact_trim,794.381273067073,600,5.76852840455016,NaN,-6.36418903315497,NaN,0.0762803292087651,59.9999474899021,0.0798805574034767,0.0762803350960255,1,
tilt_65__vinf_60__family_cruise_flap_elevator_rear_fixed__source_transition_trim_map__seed_none,FE_tilt_65__V_60__rear_700,65,60,cruise_flap_elevator_rear_fixed,NaN,exact_trim,791.423428218923,700,5.76383350295828,NaN,-6.80374815994008,NaN,0.00252097538776102,59.9999999419936,0.00263995925191729,0.00252097538783331,1,
tilt_65__vinf_65__family_cruise_flap_elevator_rear_fixed__source_transition_trim_map__seed_none,FE_tilt_65__V_65__rear_700,65,65,cruise_flap_elevator_rear_fixed,NaN,exact_trim,794.039238234938,700,3.24999068106102,NaN,-5.86577485619241,NaN,0.000270085779849694,65.0000000003535,0.000306402597868372,0.000270085779838098,1,
tilt_65__vinf_65__family_cruise_flap_elevator_rear_fixed__source_transition_trim_map__seed_none,FE_tilt_65__V_65__rear_200,65,65,cruise_flap_elevator_rear_fixed,NaN,exact_trim,801.445814116983,200,3.65372232103557,NaN,-4.2115097340873,NaN,-0.00351248498183274,64.9999998780755,-0.00398478780805204,-0.00351248498152016,1,
tilt_65__vinf_65__family_cruise_flap_elevator_rear_fixed__source_transition_trim_map__seed_none,FE_tilt_65__V_65__rear_300,65,65,cruise_flap_elevator_rear_fixed,NaN,exact_trim,800.562800656847,300,3.60937539470619,NaN,-4.39350489528773,NaN,-0.00346275520080272,64.9999998824523,-0.00392837116222281,-0.00346275520137338,1,
tilt_65__vinf_65__family_cruise_flap_elevator_rear_fixed__source_transition_trim_map__seed_none,FE_tilt_65__V_65__rear_400,65,65,cruise_flap_elevator_rear_fixed,NaN,exact_trim,799.38478536517,400,3.56756802010256,NaN,-4.62807763421417,NaN,-0.0152725766989288,64.9999976908582,-0.0173261884549182,-0.015272576696461,1,
tilt_65__vinf_65__family_cruise_flap_elevator_rear_fixed__source_transition_trim_map__seed_none,FE_tilt_65__V_65__rear_500,65,65,cruise_flap_elevator_rear_fixed,NaN,exact_trim,797.865945644696,500,3.4999125409056,NaN,-4.94386976065546,NaN,-0.0222230390122201,64.9999951107318,-0.0252112374044636,-0.0222230390122472,1,
tilt_65__vinf_65__family_cruise_flap_elevator_rear_fixed__source_transition_trim_map__seed_none,FE_tilt_65__V_65__rear_600,65,65,cruise_flap_elevator_rear_fixed,NaN,exact_trim,796.123567924013,600,3.35530255302616,NaN,-5.39224908596153,NaN,0.0057523358876613,64.9999996724114,0.00652581804887239,0.00575233588767423,1,
tilt_65__vinf_65__family_cruise_flap_elevator_rear_fixed__source_transition_trim_map__seed_none,FE_tilt_65__V_65__rear_700,65,65,cruise_flap_elevator_rear_fixed,NaN,exact_trim,794.039238234938,700,3.24999068106102,NaN,-5.86577485619241,NaN,0.000270085779849694,65.0000000003535,0.000306402597868372,0.000270085779838098,1,
tilt_65__vinf_70__family_cruise_flap_elevator_rear_fixed__source_transition_trim_map__seed_none,FE_tilt_65__V_70__rear_700,65,70,cruise_flap_elevator_rear_fixed,NaN,exact_trim,807.07985801781,700,1.26634166644901,NaN,-5.23040631035181,NaN,0.00284590877966872,69.9999999136497,0.00347693348774253,0.00284590877967518,1,
tilt_65__vinf_70__family_cruise_flap_elevator_rear_fixed__source_transition_trim_map__seed_none,FE_tilt_65__V_70__rear_200,65,70,cruise_flap_elevator_rear_fixed,NaN,exact_trim,815.653022219844,200,1.60412521552747,NaN,-3.76503281448721,NaN,0.000119758370260216,70.0000000053859,0.000146312450759764,0.00011975837025847,1,
tilt_65__vinf_70__family_cruise_flap_elevator_rear_fixed__source_transition_trim_map__seed_none,FE_tilt_65__V_70__rear_300,65,70,cruise_flap_elevator_rear_fixed,NaN,exact_trim,814.675936393671,300,1.56837347997869,NaN,-3.92622953807356,NaN,-0.000587307180973667,69.9999999963854,-0.000717531081995315,-0.000587307180978142,1,
tilt_65__vinf_70__family_cruise_flap_elevator_rear_fixed__source_transition_trim_map__seed_none,FE_tilt_65__V_70__rear_400,65,70,cruise_flap_elevator_rear_fixed,NaN,exact_trim,813.335195735902,400,1.51158252972665,NaN,-4.15850462515905,NaN,0.00236329779803532,69.9999999405028,0.00288731294390834,0.00236329779808903,1,
tilt_65__vinf_70__family_cruise_flap_elevator_rear_fixed__source_transition_trim_map__seed_none,FE_tilt_65__V_70__rear_500,65,70,cruise_flap_elevator_rear_fixed,NaN,exact_trim,811.60262487513,500,1.4463575133218,NaN,-4.44935334147953,NaN,0.0015597427908671,69.9999999744601,0.00190558530277951,0.00155974279091843,1,
tilt_65__vinf_70__family_cruise_flap_elevator_rear_fixed__source_transition_trim_map__seed_none,FE_tilt_65__V_70__rear_600,65,70,cruise_flap_elevator_rear_fixed,NaN,exact_trim,809.430685959314,600,1.38194639368929,NaN,-4.78974310934501,NaN,-0.00839994185746115,69.9999992494099,-0.0102624649251078,-0.00839994185288471,1,
tilt_65__vinf_70__family_cruise_flap_elevator_rear_fixed__source_transition_trim_map__seed_none,FE_tilt_65__V_70__rear_700,65,70,cruise_flap_elevator_rear_fixed,NaN,exact_trim,807.07985801781,700,1.26634166644901,NaN,-5.23040631035181,NaN,0.00284590877966872,69.9999999136497,0.00347693348774253,0.00284590877967518,1,
tilt_65__vinf_75__family_cruise_flap_elevator_rear_fixed__source_transition_trim_map__seed_none,FE_tilt_65__V_75__rear_700,65,75,cruise_flap_elevator_rear_fixed,NaN,exact_trim,822.177673574738,700,-0.521919777139938,NaN,-5.02546116777554,NaN,0.000982968555160378,75.0000000000071,0.00128670282940379,0.000982968554735188,1,
tilt_65__vinf_75__family_cruise_flap_elevator_rear_fixed__source_transition_trim_map__seed_none,FE_tilt_65__V_75__rear_200,65,75,cruise_flap_elevator_rear_fixed,NaN,exact_trim,824.770996534238,200,-0.00455302562558399,NaN,-3.59790599873375,NaN,-0.00121998393873413,74.9999999830015,-0.00159695524131304,-0.00121998393873924,1,
tilt_65__vinf_75__family_cruise_flap_elevator_rear_fixed__source_transition_trim_map__seed_none,FE_tilt_65__V_75__rear_300,65,75,cruise_flap_elevator_rear_fixed,NaN,exact_trim,824.462345970494,300,-0.0645040880523975,NaN,-3.76710673480257,NaN,0.000793678359548054,75.0000000168002,0.00103892254321347,0.000793678359333175,1,
tilt_65__vinf_75__family_cruise_flap_elevator_rear_fixed__source_transition_trim_map__seed_none,FE_tilt_65__V_75__rear_400,65,75,cruise_flap_elevator_rear_fixed,NaN,exact_trim,824.041732314698,400,-0.149153818017202,NaN,-3.99208311553849,NaN,0.00374031293869352,74.9999998412383,0.0048960581841872,0.00374031293866319,1,
tilt_65__vinf_75__family_cruise_flap_elevator_rear_fixed__source_transition_trim_map__seed_none,FE_tilt_65__V_75__rear_500,65,75,cruise_flap_elevator_rear_fixed,NaN,exact_trim,823.562761140448,500,-0.262381276656977,NaN,-4.28545597935017,NaN,0.0101252949794285,74.9999988288794,0.0132539800655105,0.0101252949794258,1,
tilt_65__vinf_75__family_cruise_flap_elevator_rear_fixed__source_transition_trim_map__seed_none,FE_tilt_65__V_75__rear_600,65,75,cruise_flap_elevator_rear_fixed,NaN,exact_trim,822.808948020833,600,-0.366644892756437,NaN,-4.61038900842319,NaN,-0.0029483031353145,74.9999999083334,-0.00385931977869974,-0.00294830313581266,1,
tilt_65__vinf_75__family_cruise_flap_elevator_rear_fixed__source_transition_trim_map__seed_none,FE_tilt_65__V_75__rear_700,65,75,cruise_flap_elevator_rear_fixed,NaN,exact_trim,822.177673574738,700,-0.521919777139938,NaN,-5.02546116777554,NaN,0.000982968555160378,75.0000000000071,0.00128670282940379,0.000982968554735188,1,
tilt_67p5__vinf_17p5__family_front_rear_free_flap_elevator__source_transition_trim_lowmid_guidegrid_scored__seed_guide_v17p5_t67p5_f0_r0,MidbandGuide_Tilt67p5_V17p5,67.5,17.5,front_rear_free_flap_elevator,9.35133032623475e-07,exact_trim,2307.99386353198,982.888316760205,4.7455083150806,0,5.08280299872137,0,46.3395891366838,12.0816975495013,12.6602763133253,46.3395891896045,1,
tilt_67p5__vinf_20__family_front_rear_free_flap_elevator__source_transition_trim_lowmid_guidegrid_scored__seed_guide_v20_t67p5_f75_rm75,MidbandGuide_Tilt67p5_V20,67.5,20,front_rear_free_flap_elevator,3.91369395913941e-10,exact_trim,2281.50068051431,832.609221123691,-23.8012828581037,0,-1.32344124571795,0,49.0649304175296,13.1040666719981,15.1090514812633,49.0649304174425,1,
tilt_67p5__vinf_25__family_front_rear_free_flap_elevator__source_transition_trim_lowmid_guidegrid_fast__seed_referencelinescored_tilt65_v20,MidbandGuide_Tilt67p5_V25,67.5,25,front_rear_free_flap_elevator,1.18981790958749e-09,exact_trim,2198.80042015596,822.586593609414,12.7787612712823,0,14.1721122585432,0,36.3656651603969,20.1312315660175,14.8234110661283,36.3656651603971,1,
tilt_67p5__vinf_27p5__family_front_rear_free_flap_elevator__source_transition_trim_lowmid_guidegrid_fast__seed_guide_v27p5_t67p5_blend,MidbandGuide_Tilt67p5_V27p5,67.5,27.5,front_rear_free_flap_elevator,9.80203500983187e-08,exact_trim,2149.53373181257,543.122147185773,-17.7923504782396,0,-4.60140292964881,0,42.2866940766314,20.3441526868559,18.5031200563028,42.2866940713239,1,
tilt_67p5__vinf_30__family_front_rear_free_flap_elevator__source_transition_trim_uppermid_bridge_fast__seed_entry_midbandguide_tilt65_v25,MidbandGuide_Tilt67p5_V30,67.5,30,front_rear_free_flap_elevator,3.03670197249566e-10,exact_trim,2113.73496175752,267.438756839905,-21.5349554300316,0,-3.50913395171433,0,41.3684697562495,22.5142464088271,19.8269692248549,41.368469756244,1,
tilt_70__vinf_20__family_front_rear_free_flap_elevator__source_transition_trim_lowmid_guidegrid_scored__seed_guide_v20_t70_fm150_rm150,MidbandGuide_Tilt70_V20,70,20,front_rear_free_flap_elevator,1.50345648771076e-11,exact_trim,2315.0990617467,983.023381715982,24.9999938076412,0,-16.2010801174523,0,42.7960093205997,14.6755437229244,13.5878039593061,42.7960093205997,1,
tilt_70__vinf_25__family_front_rear_free_flap_elevator__source_transition_trim_reference_line_midband_scored__seed_history_16,ReferenceLineScored_Tilt70_V25,70,25,front_rear_free_flap_elevator,7.234423855236e-09,exact_trim,2258.14722948316,3.96898275014057,-20.1269954944401,0,25.0000000000154,0,47.4698036070186,16.8994669629042,18.4230295125915,47.4698036042336,1,
tilt_70__vinf_50__family_cruise_flap_elevator_rear_fixed__source_transition_trim_map__seed_none,FE_tilt_70__V_50__rear_700,70,50,cruise_flap_elevator_rear_fixed,NaN,exact_trim,850.666582785245,700,13.7532881547427,NaN,-10.4653889762772,NaN,-0.151757021096301,49.9998246151515,-0.132432829212493,-0.151757021096306,1,
tilt_70__vinf_50__family_cruise_flap_elevator_rear_fixed__source_transition_trim_map__seed_none,FE_tilt_70__V_50__rear_200,70,50,cruise_flap_elevator_rear_fixed,NaN,exact_trim,865.525848922839,200,14.2069365228984,NaN,-6.99364527649083,NaN,-0.000848527027550778,49.999999994517,-0.000740479521119044,-0.000848527027550806,1,
tilt_70__vinf_50__family_cruise_flap_elevator_rear_fixed__source_transition_trim_map__seed_none,FE_tilt_70__V_50__rear_300,70,50,cruise_flap_elevator_rear_fixed,NaN,exact_trim,863.897793600412,300,14.1836326352997,NaN,-7.25094726645592,NaN,-0.0331612832340928,49.9999916257162,-0.0289386772559185,-0.033161283280371,1,
tilt_70__vinf_50__family_cruise_flap_elevator_rear_fixed__source_transition_trim_map__seed_none,FE_tilt_70__V_50__rear_400,70,50,cruise_flap_elevator_rear_fixed,NaN,exact_trim,860.866084854512,400,13.9940383031689,NaN,-7.92895470603322,NaN,0.0161642871669123,49.9999980344833,0.0141060013583293,0.0161642870793372,1,
tilt_70__vinf_50__family_cruise_flap_elevator_rear_fixed__source_transition_trim_map__seed_none,FE_tilt_70__V_50__rear_500,70,50,cruise_flap_elevator_rear_fixed,NaN,exact_trim,857.734402593195,500,13.8975489402712,NaN,-8.61757794498121,NaN,-0.00997207800010489,49.999999999998,-0.00870227937011628,-0.009972077500338,1,
tilt_70__vinf_50__family_cruise_flap_elevator_rear_fixed__source_transition_trim_map__seed_none,FE_tilt_70__V_50__rear_700,70,50,cruise_flap_elevator_rear_fixed,NaN,exact_trim,850.666582785245,700,13.7532881547427,NaN,-10.4653889762772,NaN,-0.151757021096301,49.9998246151515,-0.132432829212493,-0.151757021096306,1,
tilt_70__vinf_55__family_cruise_flap_elevator_rear_fixed__source_transition_trim_map__seed_none,FE_tilt_70__V_55__rear_700,70,55,cruise_flap_elevator_rear_fixed,NaN,exact_trim,804.193376058961,700,9.23289171355227,NaN,-8.56124585695454,NaN,-0.00529467010694365,54.9999997653737,-0.00508251843291717,-0.00529467010758085,1,
tilt_70__vinf_55__family_cruise_flap_elevator_rear_fixed__source_transition_trim_map__seed_none,FE_tilt_70__V_55__rear_200,70,55,cruise_flap_elevator_rear_fixed,NaN,exact_trim,817.741081713317,200,9.70730058213068,NaN,-5.93857383242523,NaN,0.0112685026187502,54.9999989369935,0.0108169858860506,0.0112685025874707,1,
tilt_70__vinf_55__family_cruise_flap_elevator_rear_fixed__source_transition_trim_map__seed_none,FE_tilt_70__V_55__rear_300,70,55,cruise_flap_elevator_rear_fixed,NaN,exact_trim,816.247831328083,300,9.66648951695618,NaN,-6.18281938026172,NaN,0.00257758367117069,54.9999999443868,0.00247430269820525,0.00257758367077639,1,
tilt_70__vinf_55__family_cruise_flap_elevator_rear_fixed__source_transition_trim_map__seed_none,FE_tilt_70__V_55__rear_400,70,55,cruise_flap_elevator_rear_fixed,NaN,exact_trim,814.690202479136,400,9.7531607867619,NaN,-6.37044324005665,NaN,-0.0952219940681699,54.9999240441722,-0.0914065103200149,-0.0952219940406541,1,
tilt_70__vinf_55__family_cruise_flap_elevator_rear_fixed__source_transition_trim_map__seed_none,FE_tilt_70__V_55__rear_500,70,55,cruise_flap_elevator_rear_fixed,NaN,exact_trim,811.09698560301,500,9.42396639728058,NaN,-7.08394627864604,NaN,0.0412938383252993,54.9999857167199,0.0396392356588636,0.0412938382355283,1,
tilt_70__vinf_55__family_cruise_flap_elevator_rear_fixed__source_transition_trim_map__seed_none,FE_tilt_70__V_55__rear_600,70,55,cruise_flap_elevator_rear_fixed,NaN,exact_trim,807.96573550995,600,9.36068140738675,NaN,-7.69147459436178,NaN,0.0057919708084864,54.9999997280069,0.00555989282772533,0.00579197080116329,1,
tilt_70__vinf_55__family_cruise_flap_elevator_rear_fixed__source_transition_trim_map__seed_none,FE_tilt_70__V_55__rear_700,70,55,cruise_flap_elevator_rear_fixed,NaN,exact_trim,804.193376058961,700,9.23289171355227,NaN,-8.56124585695454,NaN,-0.00529467010694365,54.9999997653737,-0.00508251843291717,-0.00529467010758085,1,
tilt_70__vinf_60__family_cruise_flap_elevator_rear_fixed__source_transition_trim_map__seed_none,FE_tilt_70__V_60__rear_700,70,60,cruise_flap_elevator_rear_fixed,NaN,exact_trim,783.451731841527,700,5.99955447339528,NaN,-7.09661482135368,NaN,0.000627350681854299,59.9999999964276,0.000656960097764125,0.000627350681852054,1,
tilt_70__vinf_60__family_cruise_flap_elevator_rear_fixed__source_transition_trim_map__seed_none,FE_tilt_70__V_60__rear_200,70,60,cruise_flap_elevator_rear_fixed,NaN,exact_trim,794.140927741349,200,6.54465902990895,NaN,-5.04586088017875,NaN,-0.0541148036599632,59.999973238642,-0.0566688814509196,-0.0541148036598914,1,
tilt_70__vinf_60__family_cruise_flap_elevator_rear_fixed__source_transition_trim_map__seed_none,FE_tilt_70__V_60__rear_300,70,60,cruise_flap_elevator_rear_fixed,NaN,exact_trim,793.019195637407,300,6.5276887134868,NaN,-5.22386926810937,NaN,-0.0740140285122102,59.999949938539,-0.0775072878506617,-0.0740140285071539,1,
tilt_70__vinf_60__family_cruise_flap_elevator_rear_fixed__source_transition_trim_map__seed_none,FE_tilt_70__V_60__rear_400,70,60,cruise_flap_elevator_rear_fixed,NaN,exact_trim,791.011580660387,400,6.33130792072672,NaN,-5.6586235129153,NaN,0.000991816282410456,59.99999999101,0.00103862758212486,0.000991816282410071,1,
tilt_70__vinf_60__family_cruise_flap_elevator_rear_fixed__source_transition_trim_map__seed_none,FE_tilt_70__V_60__rear_500,70,60,cruise_flap_elevator_rear_fixed,NaN,exact_trim,788.903263365516,500,6.22720035593703,NaN,-6.06528516468651,NaN,0.00903902728376744,59.9999992533733,0.00946564719701222,0.0090390272833011,1,
tilt_70__vinf_60__family_cruise_flap_elevator_rear_fixed__source_transition_trim_map__seed_none,FE_tilt_70__V_60__rear_600,70,60,cruise_flap_elevator_rear_fixed,NaN,exact_trim,786.411386466052,600,6.14795061628893,NaN,-6.51199724319123,NaN,-0.00965760492549642,59.9999991476713,-0.0101134201799864,-0.00965760492498959,1,
tilt_70__vinf_60__family_cruise_flap_elevator_rear_fixed__source_transition_trim_map__seed_none,FE_tilt_70__V_60__rear_700,70,60,cruise_flap_elevator_rear_fixed,NaN,exact_trim,783.451731841527,700,5.99955447339528,NaN,-7.09661482135368,NaN,0.000627350681854299,59.9999999964276,0.000656960097764125,0.000627350681852054,1,
tilt_70__vinf_65__family_cruise_flap_elevator_rear_fixed__source_transition_trim_map__seed_none,FE_tilt_70__V_65__rear_700,70,65,cruise_flap_elevator_rear_fixed,NaN,exact_trim,784.279744953904,700,3.4753449578801,NaN,-6.10031848621509,NaN,-0.0106688708016853,64.999998873125,-0.0121034499219968,-0.010668870801321,1,
tilt_70__vinf_65__family_cruise_flap_elevator_rear_fixed__source_transition_trim_map__seed_none,FE_tilt_70__V_65__rear_200,70,65,cruise_flap_elevator_rear_fixed,NaN,exact_trim,792.492660084604,200,3.94554657316956,NaN,-4.3874979459484,NaN,-0.0498011486750814,64.9999754463189,-0.0564976039025913,-0.0498011486741618,1,
tilt_70__vinf_65__family_cruise_flap_elevator_rear_fixed__source_transition_trim_map__seed_none,FE_tilt_70__V_65__rear_300,70,65,cruise_flap_elevator_rear_fixed,NaN,exact_trim,791.402843649758,300,3.81633891773728,NaN,-4.65464948426729,NaN,9.02751539979952e-05,64.9999999999612,0.000102413913550535,9.02751539978768e-05,1,
tilt_70__vinf_65__family_cruise_flap_elevator_rear_fixed__source_transition_trim_map__seed_none,FE_tilt_70__V_65__rear_400,70,65,cruise_flap_elevator_rear_fixed,NaN,exact_trim,790.027536457678,400,3.76173245797147,NaN,-4.89842119773526,NaN,-0.00516455301164609,64.9999997359392,-0.0058589995311206,-0.00516455301164499,1,
tilt_70__vinf_65__family_cruise_flap_elevator_rear_fixed__source_transition_trim_map__seed_none,FE_tilt_70__V_65__rear_500,70,65,cruise_flap_elevator_rear_fixed,NaN,exact_trim,788.212711092863,500,3.79237927772352,NaN,-5.10877047348319,NaN,-0.0716776116096011,64.9999491366349,-0.0813156497557202,-0.0716776116095642,1,
tilt_70__vinf_65__family_cruise_flap_elevator_rear_fixed__source_transition_trim_map__seed_none,FE_tilt_70__V_65__rear_600,70,65,cruise_flap_elevator_rear_fixed,NaN,exact_trim,786.37772325105,600,3.57078749333811,NaN,-5.63735559730246,NaN,0.0012055233444143,64.9999999874681,0.00136762285179503,0.00120552334426224,1,
tilt_70__vinf_65__family_cruise_flap_elevator_rear_fixed__source_transition_trim_map__seed_none,FE_tilt_70__V_65__rear_700,70,65,cruise_flap_elevator_rear_fixed,NaN,exact_trim,784.279744953904,700,3.4753449578801,NaN,-6.10031848621509,NaN,-0.0106688708016853,64.999998873125,-0.0121034499219968,-0.010668870801321,1,
tilt_70__vinf_70__family_cruise_flap_elevator_rear_fixed__source_transition_trim_map__seed_none,FE_tilt_70__V_70__rear_700,70,70,cruise_flap_elevator_rear_fixed,NaN,exact_trim,797.811837602692,700,1.44901975020993,NaN,-5.42187797509456,NaN,0.000847047928620328,69.9999999999945,0.0010348642690557,0.000847047928306682,1,
tilt_70__vinf_70__family_cruise_flap_elevator_rear_fixed__source_transition_trim_map__seed_none,FE_tilt_70__V_70__rear_200,70,70,cruise_flap_elevator_rear_fixed,NaN,exact_trim,806.229315582148,200,1.87227273906709,NaN,-3.87915514476482,NaN,-0.0500264454672129,69.9999733177586,-0.0611188252867788,-0.0500264454667095,1,
tilt_70__vinf_70__family_cruise_flap_elevator_rear_fixed__source_transition_trim_map__seed_none,FE_tilt_70__V_70__rear_300,70,70,cruise_flap_elevator_rear_fixed,NaN,exact_trim,805.378848535421,300,1.75324477507164,NaN,-4.12238422859018,NaN,-0.00193591165673211,70.0000000003155,-0.00236516226712506,-0.00193591165310971,1,
tilt_70__vinf_70__family_cruise_flap_elevator_rear_fixed__source_transition_trim_map__seed_none,FE_tilt_70__V_70__rear_400,70,70,cruise_flap_elevator_rear_fixed,NaN,exact_trim,804.025009977849,400,1.70265818735888,NaN,-4.34730091575442,NaN,-0.00297469241257321,69.9999999092067,-0.00363427237554876,-0.00297469241147024,1,
tilt_70__vinf_70__family_cruise_flap_elevator_rear_fixed__source_transition_trim_map__seed_none,FE_tilt_70__V_70__rear_500,70,70,cruise_flap_elevator_rear_fixed,NaN,exact_trim,802.2846876637,500,1.6406974457049,NaN,-4.63337280413915,NaN,-0.0061341480295323,69.9999996000734,-0.00749427558226974,-0.00613414803120921,1,
tilt_70__vinf_70__family_cruise_flap_elevator_rear_fixed__source_transition_trim_map__seed_none,FE_tilt_70__V_70__rear_600,70,70,cruise_flap_elevator_rear_fixed,NaN,exact_trim,800.238252333129,600,1.54732149418159,NaN,-5.00030877974139,NaN,0.000328493420110556,69.999999999989,0.000401330422628245,0.000328493420093596,1,
tilt_70__vinf_70__family_cruise_flap_elevator_rear_fixed__source_transition_trim_map__seed_none,FE_tilt_70__V_70__rear_700,70,70,cruise_flap_elevator_rear_fixed,NaN,exact_trim,797.811837602692,700,1.44901975020993,NaN,-5.42187797509456,NaN,0.000847047928620328,69.9999999999945,0.0010348642690557,0.000847047928306682,1,
tilt_70__vinf_75__family_cruise_flap_elevator_rear_fixed__source_transition_trim_map__seed_none,FE_tilt_70__V_75__rear_700,70,75,cruise_flap_elevator_rear_fixed,NaN,exact_trim,809.466229930874,700,-0.236819549550888,NaN,-5.1210806991652,NaN,0.000942850504634255,74.9999999930824,0.00123418842397734,0.00094285050423925,1,
tilt_70__vinf_75__family_cruise_flap_elevator_rear_fixed__source_transition_trim_map__seed_none,FE_tilt_70__V_75__rear_200,70,75,cruise_flap_elevator_rear_fixed,NaN,exact_trim,814.9771713886,200,0.139338030797044,NaN,-3.80515873067916,NaN,0.0122045225977008,74.9999991216831,0.0159756827188425,0.0122045225534045,1,
tilt_70__vinf_75__family_cruise_flap_elevator_rear_fixed__source_transition_trim_map__seed_none,FE_tilt_70__V_75__rear_300,70,75,cruise_flap_elevator_rear_fixed,NaN,exact_trim,814.095693695709,300,0.109590479240733,NaN,-3.94313124361705,NaN,0.0104682505864169,74.9999992946637,0.0137029079712055,0.0104682505660506,1,
tilt_70__vinf_75__family_cruise_flap_elevator_rear_fixed__source_transition_trim_map__seed_none,FE_tilt_70__V_75__rear_400,70,75,cruise_flap_elevator_rear_fixed,NaN,exact_trim,812.825047364534,400,0.0757664423456741,NaN,-4.12863117705638,NaN,0.00345384289727929,74.9999998805474,0.00452106977957,0.00345384289803079,1,
tilt_70__vinf_75__family_cruise_flap_elevator_rear_fixed__source_transition_trim_map__seed_none,FE_tilt_70__V_75__rear_500,70,75,cruise_flap_elevator_rear_fixed,NaN,exact_trim,811.262335476825,500,0.0185094238695869,NaN,-4.38056293735517,NaN,0.00248959931347171,74.9999999364303,0.00325887788034051,0.00248959931377069,1,
tilt_70__vinf_75__family_cruise_flap_elevator_rear_fixed__source_transition_trim_map__seed_none,FE_tilt_70__V_75__rear_600,70,75,cruise_flap_elevator_rear_fixed,NaN,exact_trim,810.259150478217,600,-0.0984715934467975,NaN,-4.7229986413611,NaN,0.00751922297633073,74.9999993541495,0.00984263983139075,0.00751922297633083,1,
tilt_70__vinf_75__family_cruise_flap_elevator_rear_fixed__source_transition_trim_map__seed_none,FE_tilt_70__V_75__rear_700,70,75,cruise_flap_elevator_rear_fixed,NaN,exact_trim,809.466229930874,700,-0.236819549550888,NaN,-5.1210806991652,NaN,0.000942850504634255,74.9999999930824,0.00123418842397734,0.00094285050423925,1,
tilt_72p5__vinf_20__family_front_rear_free_flap_elevator__source_transition_trim_lowmid_guidegrid_scored__seed_guide_v20_t72p5_f0_r75,MidbandGuide_Tilt72p5_V20,72.5,20,front_rear_free_flap_elevator,1.2541467265438e-12,exact_trim,2366.02499471227,854.510474575841,23.7021151822493,0,-7.51933490360973,0,46.6893494737767,13.7190724878039,14.5529052107955,46.6893494737757,1,
tilt_72p5__vinf_22p5__family_front_rear_free_flap_elevator__source_transition_trim_lowmid_guidegrid_scored__seed_guide_v22p5_t72p5_f75_r150,MidbandGuide_Tilt72p5_V22p5,72.5,22.5,front_rear_free_flap_elevator,1.73327639105713e-08,exact_trim,2293.20487293624,520.421218720129,-15.8813547010978,0,-11.5402697159535,0,51.8983767447462,13.8838088207254,17.705644660651,51.8983767440306,1,
tilt_72p5__vinf_25__family_front_rear_free_flap_elevator__source_transition_trim_lowmid_guidegrid_fast__seed_guide_v25_t72p5_f0_rm80,MidbandGuide_Tilt72p5_V25,72.5,25,front_rear_free_flap_elevator,3.28051069158721e-11,exact_trim,2256.01166159425,389.448625891743,-7.74839625664521,0,-3.863463236898,0,47.5838166206182,16.8627734949458,18.4566213067075,47.5838166206137,1,
tilt_75_v_40,MidbandGuide_Tilt75_V40,75,40,front_rear_free_flap_elevator,6.22070474925696e-11,exact_trim,1961.10424045146,314.119679933609,21.4396018317585,0,17.7832438423952,0,17.0808925853662,38.2356408144743,11.7488625623484,17.0808925853569,1,
tilt_75__vinf_50__family_cruise_flap_elevator_rear_fixed__source_transition_trim_map__seed_none,FE_tilt_75__V_50__rear_400,75,50,cruise_flap_elevator_rear_fixed,NaN,exact_trim,861.080584263775,400,14.5011803426668,NaN,-8.48935975565249,NaN,-0.040197883472527,49.9999876945238,-0.0350792680436564,-0.0401978834438464,1,
tilt_75__vinf_50__family_cruise_flap_elevator_rear_fixed__source_transition_trim_map__seed_none,FE_tilt_75__V_50__rear_200,75,50,cruise_flap_elevator_rear_fixed,NaN,exact_trim,865.912262389426,200,14.6353110981679,NaN,-7.58528856680853,NaN,0.00513688074587443,49.9999999999086,0.00448277406620669,0.00513688067633263,1,
tilt_75__vinf_50__family_cruise_flap_elevator_rear_fixed__source_transition_trim_map__seed_none,FE_tilt_75__V_50__rear_300,75,50,cruise_flap_elevator_rear_fixed,NaN,exact_trim,863.326027089866,300,14.5432916684318,NaN,-8.00081651958277,NaN,0.00148992176504184,49.9999999831065,0.00130020201969448,0.00148992176502515,1,
tilt_75__vinf_50__family_cruise_flap_elevator_rear_fixed__source_transition_trim_map__seed_none,FE_tilt_75__V_50__rear_400,75,50,cruise_flap_elevator_rear_fixed,NaN,exact_trim,861.080584263775,400,14.5011803426668,NaN,-8.48935975565249,NaN,-0.040197883472527,49.9999876945238,-0.0350792680436564,-0.0401978834438464,1,
tilt_75__vinf_55__family_cruise_flap_elevator_rear_fixed__source_transition_trim_map__seed_none,FE_tilt_75__V_55__rear_600,75,55,cruise_flap_elevator_rear_fixed,NaN,exact_trim,806.197008597966,600,9.95378268860085,NaN,-7.78911222653375,NaN,-0.189319001391443,54.9996997837628,-0.181732857563506,-0.189318994167192,1,
tilt_75__vinf_55__family_cruise_flap_elevator_rear_fixed__source_transition_trim_map__seed_none,FE_tilt_75__V_55__rear_200,75,55,cruise_flap_elevator_rear_fixed,NaN,exact_trim,815.056271414576,200,9.99672793824167,NaN,-6.2896449275625,NaN,0.000285489244034395,55.0000000000093,0.000274050000798098,0.000285489244021005,1,
tilt_75__vinf_55__family_cruise_flap_elevator_rear_fixed__source_transition_trim_map__seed_none,FE_tilt_75__V_55__rear_300,75,55,cruise_flap_elevator_rear_fixed,NaN,exact_trim,813.867824989538,300,10.018277116568,NaN,-6.46459750694336,NaN,-0.0460995908222714,54.9999821974765,-0.0442524256273179,-0.0460995908222714,1,
tilt_75__vinf_55__family_cruise_flap_elevator_rear_fixed__source_transition_trim_map__seed_none,FE_tilt_75__V_55__rear_400,75,55,cruise_flap_elevator_rear_fixed,NaN,exact_trim,811.704111112348,400,9.95156936493265,NaN,-6.81366950960556,NaN,-0.0533429347084305,54.9999761639154,-0.0512055339933828,-0.0533429347154753,1,
tilt_75__vinf_55__family_cruise_flap_elevator_rear_fixed__source_transition_trim_map__seed_none,FE_tilt_75__V_55__rear_500,75,55,cruise_flap_elevator_rear_fixed,NaN,exact_trim,808.571147147485,500,9.76371847484044,NaN,-7.40323316683206,NaN,-0.00224792775817299,54.9999999593258,-0.00215785573969933,-0.00224792775837905,1,
tilt_75__vinf_55__family_cruise_flap_elevator_rear_fixed__source_transition_trim_map__seed_none,FE_tilt_75__V_55__rear_600,75,55,cruise_flap_elevator_rear_fixed,NaN,exact_trim,806.197008597966,600,9.95378268860085,NaN,-7.78911222653375,NaN,-0.189319001391443,54.9996997837628,-0.181732857563506,-0.189318994167192,1,
tilt_75__vinf_60__family_cruise_flap_elevator_rear_fixed__source_transition_trim_map__seed_none,FE_tilt_75__V_60__rear_700,75,60,cruise_flap_elevator_rear_fixed,NaN,exact_trim,778.72150736722,700,6.2246264347672,NaN,-7.41771686205447,NaN,0.00034655430328197,59.9999999989513,0.000362910817752593,0.000346554303282914,1,
tilt_75__vinf_60__family_cruise_flap_elevator_rear_fixed__source_transition_trim_map__seed_none,FE_tilt_75__V_60__rear_200,75,60,cruise_flap_elevator_rear_fixed,NaN,exact_trim,789.038433731003,200,6.67905737895318,NaN,-5.43379206074714,NaN,0.00323801478456472,59.9999999041993,0.0033908411512754,0.0032380147845122,1,
tilt_75__vinf_60__family_cruise_flap_elevator_rear_fixed__source_transition_trim_map__seed_none,FE_tilt_75__V_60__rear_300,75,60,cruise_flap_elevator_rear_fixed,NaN,exact_trim,788.052846382998,300,6.68343391092161,NaN,-5.59219230693669,NaN,-0.0297028006339523,59.9999919375,-0.0311046986947269,-0.0297028006343304,1,
tilt_75__vinf_60__family_cruise_flap_elevator_rear_fixed__source_transition_trim_map__seed_none,FE_tilt_75__V_60__rear_400,75,60,cruise_flap_elevator_rear_fixed,NaN,exact_trim,786.26440098791,400,6.5682723754367,NaN,-5.94251368666348,NaN,-0.00360003731451415,59.9999998815615,-0.00376995025749112,-0.00360003731451048,1,
tilt_75__vinf_60__family_cruise_flap_elevator_rear_fixed__source_transition_trim_map__seed_none,FE_tilt_75__V_60__rear_500,75,60,cruise_flap_elevator_rear_fixed,NaN,exact_trim,784.114051207405,500,6.44795667042337,NaN,-6.36338058200287,NaN,0.0133679574369441,59.999998367076,0.0139988921618219,0.0133679574334351,1,
tilt_75__vinf_60__family_cruise_flap_elevator_rear_fixed__source_transition_trim_map__seed_none,FE_tilt_75__V_60__rear_600,75,60,cruise_flap_elevator_rear_fixed,NaN,exact_trim,781.64731481456,600,6.36601019659297,NaN,-6.80950831862809,NaN,-0.00459341563313411,59.9999998071837,-0.00481021359747909,-0.00459341563312027,1,
tilt_75__vinf_60__family_cruise_flap_elevator_rear_fixed__source_transition_trim_map__seed_none,FE_tilt_75__V_60__rear_700,75,60,cruise_flap_elevator_rear_fixed,NaN,exact_trim,778.72150736722,700,6.2246264347672,NaN,-7.41771686205447,NaN,0.00034655430328197,59.9999999989513,0.000362910817752593,0.000346554303282914,1,
tilt_75__vinf_65__family_cruise_flap_elevator_rear_fixed__source_transition_trim_map__seed_none,FE_tilt_75__V_65__rear_700,75,65,cruise_flap_elevator_rear_fixed,NaN,exact_trim,777.973235935231,700,3.65457582374795,NaN,-6.36354068932668,NaN,0.000809149053255997,64.9999999935006,0.000917950482689089,0.00080914905325914,1,
tilt_75__vinf_65__family_cruise_flap_elevator_rear_fixed__source_transition_trim_map__seed_none,FE_tilt_75__V_65__rear_200,75,65,cruise_flap_elevator_rear_fixed,NaN,exact_trim,786.620047096962,200,4.05810498331841,NaN,-4.73057668617022,NaN,0.00577959354801206,64.9999996693025,0.00655674088348071,0.0057795935480218,1,
tilt_75__vinf_65__family_cruise_flap_elevator_rear_fixed__source_transition_trim_map__seed_none,FE_tilt_75__V_65__rear_300,75,65,cruise_flap_elevator_rear_fixed,NaN,exact_trim,785.702291199883,300,4.06275718549206,NaN,-4.85862161242106,NaN,-0.0242182066158117,64.9999941933991,-0.0274746830662048,-0.0242182066158188,1,
tilt_75__vinf_65__family_cruise_flap_elevator_rear_fixed__source_transition_trim_map__seed_none,FE_tilt_75__V_65__rear_400,75,65,cruise_flap_elevator_rear_fixed,NaN,exact_trim,784.269091000121,400,3.95351362504443,NaN,-5.1570362079279,NaN,0.00256847435697497,64.9999999999632,0.00291384172080418,0.00256847434860734,1,
tilt_75__vinf_65__family_cruise_flap_elevator_rear_fixed__source_transition_trim_map__seed_none,FE_tilt_75__V_65__rear_500,75,65,cruise_flap_elevator_rear_fixed,NaN,exact_trim,782.52024494092,500,3.88155487471903,NaN,-5.4706832656325,NaN,-0.00369262447440932,64.9999998659267,-0.00418914958042841,-0.00369262447492789,1,
tilt_75__vinf_65__family_cruise_flap_elevator_rear_fixed__source_transition_trim_map__seed_none,FE_tilt_75__V_65__rear_600,75,65,cruise_flap_elevator_rear_fixed,NaN,exact_trim,780.420227114808,600,3.77329618834557,NaN,-5.88435891718894,NaN,0.00089896256837336,64.9999999920083,0.00101984068352341,0.000898962568369509,1,
tilt_75__vinf_65__family_cruise_flap_elevator_rear_fixed__source_transition_trim_map__seed_none,FE_tilt_75__V_65__rear_700,75,65,cruise_flap_elevator_rear_fixed,NaN,exact_trim,777.973235935231,700,3.65457582374795,NaN,-6.36354068932668,NaN,0.000809149053255997,64.9999999935006,0.000917950482689089,0.00080914905325914,1,
tilt_75__vinf_70__family_cruise_flap_elevator_rear_fixed__source_transition_trim_map__seed_none,FE_tilt_75__V_70__rear_700,75,70,cruise_flap_elevator_rear_fixed,NaN,exact_trim,791.783335632016,700,1.64362012276377,NaN,-5.59132205810136,NaN,-0.0120428024902188,69.9999984537613,-0.0147130587151179,-0.012042802490163,1,
tilt_75__vinf_70__family_cruise_flap_elevator_rear_fixed__source_transition_trim_map__seed_none,FE_tilt_75__V_70__rear_200,75,70,cruise_flap_elevator_rear_fixed,NaN,exact_trim,799.462761485836,200,1.9427858714442,NaN,-4.20156665292693,NaN,0.0147320345237473,69.9999976861343,0.0179985753566771,0.0147320345221127,1,
tilt_75__vinf_70__family_cruise_flap_elevator_rear_fixed__source_transition_trim_map__seed_none,FE_tilt_75__V_70__rear_300,75,70,cruise_flap_elevator_rear_fixed,NaN,exact_trim,798.729902244477,300,1.9299708283925,NaN,-4.33113854485969,NaN,-0.000684886221008494,69.999999996329,-0.000836746369000512,-0.000684886220955091,1,
tilt_75__vinf_70__family_cruise_flap_elevator_rear_fixed__source_transition_trim_map__seed_none,FE_tilt_75__V_70__rear_400,75,70,cruise_flap_elevator_rear_fixed,NaN,exact_trim,797.782737030792,400,1.83833903893852,NaN,-4.58685967007817,NaN,0.0212358561837541,69.9999953680396,0.0259444916877172,0.0212358557944918,1,
tilt_75__vinf_70__family_cruise_flap_elevator_rear_fixed__source_transition_trim_map__seed_none,FE_tilt_75__V_70__rear_500,75,70,cruise_flap_elevator_rear_fixed,NaN,exact_trim,796.454056833209,500,1.77282030886044,NaN,-4.86480220600322,NaN,0.0187220622513439,69.9999962629405,0.022873313626404,0.0187220622513405,1,
tilt_75__vinf_70__family_cruise_flap_elevator_rear_fixed__source_transition_trim_map__seed_none,FE_tilt_75__V_70__rear_600,75,70,cruise_flap_elevator_rear_fixed,NaN,exact_trim,794.32301418776,600,1.71302564488096,NaN,-5.1965878667651,NaN,0.00491483298315534,69.9999997439922,0.00600460123620199,0.00491483298439729,1,
tilt_75__vinf_70__family_cruise_flap_elevator_rear_fixed__source_transition_trim_map__seed_none,FE_tilt_75__V_70__rear_700,75,70,cruise_flap_elevator_rear_fixed,NaN,exact_trim,791.783335632016,700,1.64362012276377,NaN,-5.59132205810136,NaN,-0.0120428024902188,69.9999984537613,-0.0147130587151179,-0.012042802490163,1,
tilt_75__vinf_75__family_cruise_flap_elevator_rear_fixed__source_transition_trim_map__seed_none,FE_tilt_75__V_75__rear_700,75,75,cruise_flap_elevator_rear_fixed,NaN,exact_trim,800.733800169601,700,0.0199705323391457,NaN,-5.21999735111609,NaN,-6.77857258941433e-05,74.9999999999475,-8.87313077030177e-05,-6.77857258941434e-05,1,
tilt_75__vinf_75__family_cruise_flap_elevator_rear_fixed__source_transition_trim_map__seed_none,FE_tilt_75__V_75__rear_200,75,75,cruise_flap_elevator_rear_fixed,NaN,exact_trim,808.548358281139,200,0.291198177973313,NaN,-3.98148981938427,NaN,0.0153815945579936,74.9999975408784,0.0201344601109017,0.0153815946298722,1,
tilt_75__vinf_75__family_cruise_flap_elevator_rear_fixed__source_transition_trim_map__seed_none,FE_tilt_75__V_75__rear_300,75,75,cruise_flap_elevator_rear_fixed,NaN,exact_trim,807.594380044071,300,0.281493687361281,NaN,-4.0990319972051,NaN,0.00167604280753067,74.9999999933793,0.00219393490260503,0.00167604280561274,1,
tilt_75__vinf_75__family_cruise_flap_elevator_rear_fixed__source_transition_trim_map__seed_none,FE_tilt_75__V_75__rear_400,75,75,cruise_flap_elevator_rear_fixed,NaN,exact_trim,806.390870282555,400,0.23254373504929,NaN,-4.29840079971882,NaN,0.00325660707443642,74.9999998859002,0.00426288868780527,0.00325660707271814,1,
tilt_75__vinf_75__family_cruise_flap_elevator_rear_fixed__source_transition_trim_map__seed_none,FE_tilt_75__V_75__rear_500,75,75,cruise_flap_elevator_rear_fixed,NaN,exact_trim,804.906829504009,500,0.160298409324117,NaN,-4.56379435591394,NaN,0.0107316304489532,74.9999989115069,0.0140476711761696,0.0107316303020158,1,
tilt_75__vinf_75__family_cruise_flap_elevator_rear_fixed__source_transition_trim_map__seed_none,FE_tilt_75__V_75__rear_600,75,75,cruise_flap_elevator_rear_fixed,NaN,exact_trim,802.927507210059,600,0.106692913049387,NaN,-4.85410538267639,NaN,-0.000485803803473767,75.0000000013457,-0.000635915691699827,-0.000485803803453541,1,
tilt_75__vinf_75__family_cruise_flap_elevator_rear_fixed__source_transition_trim_map__seed_none,FE_tilt_75__V_75__rear_700,75,75,cruise_flap_elevator_rear_fixed,NaN,exact_trim,800.733800169601,700,0.0199705323391457,NaN,-5.21999735111609,NaN,-6.77857258941433e-05,74.9999999999475,-8.87313077030177e-05,-6.77857258941434e-05,1,
tilt_77p5__vinf_47p5__family_front_rear_free_flap_elevator__source_transition_trim_rearon_forever_scored__seed_entry_referencelinescored_tilt82p5_v47p5,ReferenceLineScored_Tilt77p5_V47p5,77.5,47.5,front_rear_free_flap_elevator,6.56489527369269e-11,exact_trim,921.422061766739,974.326882444421,16.3234606977156,0,-21.6030341570383,0,-0.00563983432025954,47.4999997698944,-0.00467559970483757,-0.00563983432025989,1,
tilt_80__vinf_47p5__family_front_rear_free_flap_elevator__source_transition_trim_reference_line_scored__seed_parent_history_538,ReferenceLineScored_Tilt80_V47p5,80,47.5,front_rear_free_flap_elevator,2.24966935474559e-11,exact_trim,969.404805330661,131.550490853675,21.4393645475117,0,-6.16412366457369,0,-1.00433247509855,47.4927026993404,-0.83258051422611,-1.00433247509507,1,
tilt_80__vinf_50__family_cruise_flap_elevator_rear_fixed__source_transition_trim_map__seed_none,FE_tilt_80__V_50__rear_300,80,50,cruise_flap_elevator_rear_fixed,NaN,exact_trim,876.337810387565,300,16.0264354320089,NaN,-7.42994819341292,NaN,-0.591659408496388,49.9973341579304,-0.51631106013471,-0.59165940840637,1,
tilt_80__vinf_50__family_cruise_flap_elevator_rear_fixed__source_transition_trim_map__seed_none,FE_tilt_80__V_50__rear_200,80,50,cruise_flap_elevator_rear_fixed,NaN,exact_trim,877.326257811307,200,15.826527245321,NaN,-7.38144447773269,NaN,-0.406187131637708,49.9987435429503,-0.354463048805155,-0.406188136193487,1,
tilt_80__vinf_50__family_cruise_flap_elevator_rear_fixed__source_transition_trim_map__seed_none,FE_tilt_80__V_50__rear_300,80,50,cruise_flap_elevator_rear_fixed,NaN,exact_trim,876.337810387565,300,16.0264354320089,NaN,-7.42994819341292,NaN,-0.591659408496388,49.9973341579304,-0.51631106013471,-0.59165940840637,1,
tilt_80__vinf_55__family_cruise_flap_elevator_rear_fixed__source_transition_trim_map__seed_none,FE_tilt_80__V_55__rear_400,80,55,cruise_flap_elevator_rear_fixed,NaN,exact_trim,812.111644711877,400,10.2089140394356,NaN,-7.18945338370393,NaN,-0.0475737837870558,54.9999810408538,-0.0456675488165571,-0.0475737837917018,1,
tilt_80__vinf_55__family_cruise_flap_elevator_rear_fixed__source_transition_trim_map__seed_none,FE_tilt_80__V_55__rear_200,80,55,cruise_flap_elevator_rear_fixed,NaN,exact_trim,815.499050186613,200,10.2703274010392,NaN,-6.65360895059772,NaN,-0.00226292629027295,54.9999999570975,-0.00217225329668655,-0.00226292629028889,1,
tilt_80__vinf_55__family_cruise_flap_elevator_rear_fixed__source_transition_trim_map__seed_none,FE_tilt_80__V_55__rear_300,80,55,cruise_flap_elevator_rear_fixed,NaN,exact_trim,813.67981697479,300,10.1651230366819,NaN,-6.96172712176696,NaN,0.0260957192568853,54.9999943002343,0.0250500911789199,0.0260957190993737,1,
tilt_80__vinf_55__family_cruise_flap_elevator_rear_fixed__source_transition_trim_map__seed_none,FE_tilt_80__V_55__rear_400,80,55,cruise_flap_elevator_rear_fixed,NaN,exact_trim,812.111644711877,400,10.2089140394356,NaN,-7.18945338370393,NaN,-0.0475737837870558,54.9999810408538,-0.0456675488165571,-0.0475737837917018,1,
tilt_80__vinf_60__family_cruise_flap_elevator_rear_fixed__source_transition_trim_map__seed_none,FE_tilt_80__V_60__rear_700,80,60,cruise_flap_elevator_rear_fixed,NaN,exact_trim,777.143149514459,700,6.48805535925199,NaN,-7.74128800839839,NaN,-0.0251441701961714,59.9999942223586,-0.0263309126111726,-0.0251441701962108,1,
tilt_80__vinf_60__family_cruise_flap_elevator_rear_fixed__source_transition_trim_map__seed_none,FE_tilt_80__V_60__rear_200,80,60,cruise_flap_elevator_rear_fixed,NaN,exact_trim,787.211301738992,200,6.86753769466697,NaN,-5.76275186756483,NaN,0.0261316617125853,59.9999937596354,0.0273650112052969,0.0261316617124789,1,
tilt_80__vinf_60__family_cruise_flap_elevator_rear_fixed__source_transition_trim_map__seed_none,FE_tilt_80__V_60__rear_300,80,60,cruise_flap_elevator_rear_fixed,NaN,exact_trim,786.229922777988,300,6.86200753256324,NaN,-5.93076344640699,NaN,-0.00126402138409007,59.9999999853986,-0.00132368009797129,-0.00126402138408951,1,
tilt_80__vinf_60__family_cruise_flap_elevator_rear_fixed__source_transition_trim_map__seed_none,FE_tilt_80__V_60__rear_400,80,60,cruise_flap_elevator_rear_fixed,NaN,exact_trim,784.67238376043,400,6.81440904107595,NaN,-6.20790481671293,NaN,-0.0159076267577833,59.999997687524,-0.0166584275720439,-0.0159076267577324,1,
tilt_80__vinf_60__family_cruise_flap_elevator_rear_fixed__source_transition_trim_map__seed_none,FE_tilt_80__V_60__rear_500,80,60,cruise_flap_elevator_rear_fixed,NaN,exact_trim,782.55691948539,500,6.71972357218026,NaN,-6.59926947121961,NaN,-0.0148520955118084,59.9999979841953,-0.0155530778762079,-0.0148520955120752,1,
tilt_80__vinf_60__family_cruise_flap_elevator_rear_fixed__source_transition_trim_map__seed_none,FE_tilt_80__V_60__rear_600,80,60,cruise_flap_elevator_rear_fixed,NaN,exact_trim,779.989197513159,600,6.59767069685352,NaN,-7.08402625365552,NaN,-0.00984720819477553,59.9999991138576,-0.0103119722567879,-0.00984720819464393,1,
tilt_80__vinf_60__family_cruise_flap_elevator_rear_fixed__source_transition_trim_map__seed_none,FE_tilt_80__V_60__rear_700,80,60,cruise_flap_elevator_rear_fixed,NaN,exact_trim,777.143149514459,700,6.48805535925199,NaN,-7.74128800839839,NaN,-0.0251441701961714,59.9999942223586,-0.0263309126111726,-0.0251441701962108,1,
tilt_80__vinf_65__family_cruise_flap_elevator_rear_fixed__source_transition_trim_map__seed_none,FE_tilt_80__V_65__rear_700,80,65,cruise_flap_elevator_rear_fixed,NaN,exact_trim,775.317445913772,700,3.86100682194178,NaN,-6.59635005212413,NaN,-0.00449531954516365,64.9999997999424,-0.00509977824933833,-0.00449531954522262,1,
tilt_80__vinf_65__family_cruise_flap_elevator_rear_fixed__source_transition_trim_map__seed_none,FE_tilt_80__V_65__rear_200,80,65,cruise_flap_elevator_rear_fixed,NaN,exact_trim,784.010544193726,200,4.2706011627127,NaN,-4.96068511473549,NaN,-0.000709919762090153,65.0000000000113,-0.000805378422607754,-0.000709919761907053,1,
tilt_80__vinf_65__family_cruise_flap_elevator_rear_fixed__source_transition_trim_map__seed_none,FE_tilt_80__V_65__rear_300,80,65,cruise_flap_elevator_rear_fixed,NaN,exact_trim,782.994229679216,300,4.21136092366333,NaN,-5.15341450735382,NaN,0.00696722082512843,64.9999996072005,0.00790406124542653,0.00696722078277565,1,
tilt_80__vinf_65__family_cruise_flap_elevator_rear_fixed__source_transition_trim_map__seed_none,FE_tilt_80__V_65__rear_400,80,65,cruise_flap_elevator_rear_fixed,NaN,exact_trim,781.606643995884,400,4.13503366934141,NaN,-5.41634408833964,NaN,0.0137690277376229,64.9999981230848,0.0156204663229462,0.0137690277376229,1,
tilt_80__vinf_65__family_cruise_flap_elevator_rear_fixed__source_transition_trim_map__seed_none,FE_tilt_80__V_65__rear_500,80,65,cruise_flap_elevator_rear_fixed,NaN,exact_trim,779.929296078314,500,4.13857727495059,NaN,-5.65640290932717,NaN,-0.0376714216200842,64.9999859504595,-0.0427368690973879,-0.0376714216200842,1,
tilt_80__vinf_65__family_cruise_flap_elevator_rear_fixed__source_transition_trim_map__seed_none,FE_tilt_80__V_65__rear_600,80,65,cruise_flap_elevator_rear_fixed,NaN,exact_trim,777.780010850402,600,3.98311881953789,NaN,-6.11642592152382,NaN,-0.00569301557427769,64.9999996792757,-0.00645852128906391,-0.00569301557487459,1,
tilt_80__vinf_65__family_cruise_flap_elevator_rear_fixed__source_transition_trim_map__seed_none,FE_tilt_80__V_65__rear_700,80,65,cruise_flap_elevator_rear_fixed,NaN,exact_trim,775.317445913772,700,3.86100682194178,NaN,-6.59635005212413,NaN,-0.00449531954516365,64.9999997999424,-0.00509977824933833,-0.00449531954522262,1,
tilt_80__vinf_70__family_cruise_flap_elevator_rear_fixed__source_transition_trim_map__seed_none,FE_tilt_80__V_70__rear_700,80,70,cruise_flap_elevator_rear_fixed,NaN,exact_trim,789.148562508897,700,1.77649511754218,NaN,-5.81484444409591,NaN,0.00908064916790326,69.9999991208641,0.0110941057878071,0.0090806491682006,1,
tilt_80__vinf_70__family_cruise_flap_elevator_rear_fixed__source_transition_trim_map__seed_none,FE_tilt_80__V_70__rear_200,80,70,cruise_flap_elevator_rear_fixed,NaN,exact_trim,795.566235884164,200,2.17070788660088,NaN,-4.36067386437306,NaN,-0.0157345492822319,69.9999973609357,-0.0192233781595216,-0.0157345492908694,1,
tilt_80__vinf_70__family_cruise_flap_elevator_rear_fixed__source_transition_trim_map__seed_none,FE_tilt_80__V_70__rear_300,80,70,cruise_flap_elevator_rear_fixed,NaN,exact_trim,796.210726450361,300,0.950131468198781,NaN,-5.70781804245257,NaN,0.68175426070247,69.9950446610989,0.832900303331792,0.681754260701654,1,
tilt_80__vinf_70__family_cruise_flap_elevator_rear_fixed__source_transition_trim_map__seed_none,FE_tilt_80__V_70__rear_400,80,70,cruise_flap_elevator_rear_fixed,NaN,exact_trim,793.807175962929,400,2.08882532387443,NaN,-4.72172497208883,NaN,-0.0229563147383228,69.999994382169,-0.0280464285642925,-0.0229563147160825,1,
tilt_80__vinf_70__family_cruise_flap_elevator_rear_fixed__source_transition_trim_map__seed_none,FE_tilt_80__V_70__rear_500,80,70,cruise_flap_elevator_rear_fixed,NaN,exact_trim,792.584403741025,500,1.96615432740409,NaN,-5.05421997574959,NaN,0.00777970217940989,69.9999993553811,0.0095046992182648,0.00777970217737259,1,
tilt_80__vinf_70__family_cruise_flap_elevator_rear_fixed__source_transition_trim_map__seed_none,FE_tilt_80__V_70__rear_600,80,70,cruise_flap_elevator_rear_fixed,NaN,exact_trim,791.024939550204,600,1.89422760163005,NaN,-5.38182905524279,NaN,-0.000732941461642858,69.999999996022,-0.000895456921102145,-0.000732941461643559,1,
tilt_80__vinf_70__family_cruise_flap_elevator_rear_fixed__source_transition_trim_map__seed_none,FE_tilt_80__V_70__rear_700,80,70,cruise_flap_elevator_rear_fixed,NaN,exact_trim,789.148562508897,700,1.77649511754218,NaN,-5.81484444409591,NaN,0.00908064916790326,69.9999991208641,0.0110941057878071,0.0090806491682006,1,
tilt_80__vinf_75__family_cruise_flap_elevator_rear_fixed__source_transition_trim_map__seed_none,FE_tilt_80__V_75__rear_700,80,75,cruise_flap_elevator_rear_fixed,NaN,exact_trim,797.551217113275,700,0.163339454065262,NaN,-5.39076415637012,NaN,0.00415804235139619,74.9999998573339,0.005442864709675,0.00415804235161088,1,
tilt_80__vinf_75__family_cruise_flap_elevator_rear_fixed__source_transition_trim_map__seed_none,FE_tilt_80__V_75__rear_200,80,75,cruise_flap_elevator_rear_fixed,NaN,exact_trim,805.257572657638,200,0.463837175566738,NaN,-4.12947624131111,NaN,0.00412336996820976,74.9999998110784,0.00539747866402491,0.00412336996940855,1,
tilt_80__vinf_75__family_cruise_flap_elevator_rear_fixed__source_transition_trim_map__seed_none,FE_tilt_80__V_75__rear_300,80,75,cruise_flap_elevator_rear_fixed,NaN,exact_trim,804.436857636879,300,0.414789027343533,NaN,-4.28514240176271,NaN,0.0133513590651015,74.9999979839038,0.0174768880330765,0.0133513590948118,1,
tilt_80__vinf_75__family_cruise_flap_elevator_rear_fixed__source_transition_trim_map__seed_none,FE_tilt_80__V_75__rear_400,80,75,cruise_flap_elevator_rear_fixed,NaN,exact_trim,803.156557564072,400,0.387534914956025,NaN,-4.46214200951299,NaN,0.00190391916811476,74.9999999589313,0.00249222436257204,0.00190391916800924,1,
tilt_80__vinf_75__family_cruise_flap_elevator_rear_fixed__source_transition_trim_map__seed_none,FE_tilt_80__V_75__rear_500,80,75,cruise_flap_elevator_rear_fixed,NaN,exact_trim,801.532879290689,500,0.343231881666462,NaN,-4.69887413340836,NaN,-0.00736344205172566,74.9999993806695,-0.00963872307932599,-0.0073634420514757,1,
tilt_80__vinf_75__family_cruise_flap_elevator_rear_fixed__source_transition_trim_map__seed_none,FE_tilt_80__V_75__rear_600,80,75,cruise_flap_elevator_rear_fixed,NaN,exact_trim,799.671534828322,600,0.263714507411885,NaN,-5.01316648797894,NaN,-0.00379141083260524,74.9999998357971,-0.00496294517072323,-0.00379141083259718,1,
tilt_80__vinf_75__family_cruise_flap_elevator_rear_fixed__source_transition_trim_map__seed_none,FE_tilt_80__V_75__rear_700,80,75,cruise_flap_elevator_rear_fixed,NaN,exact_trim,797.551217113275,700,0.163339454065262,NaN,-5.39076415637012,NaN,0.00415804235139619,74.9999998573339,0.005442864709675,0.00415804235161088,1,
tilt_82p5_v_47p5,MidbandGuide_Tilt82p5_V47p5,82.5,47.5,front_rear_free_flap_elevator,1.09718138895884e-08,exact_trim,948.699772343658,943.979344524683,17.2954371432618,0,-22.391472826397,0,-0.00139681875732816,47.5,-0.00115800660274944,-0.0013968187573196,1,
tilt_82p5__vinf_50__family_front_rear_free_flap_elevator__source_transition_trim_rearon_connector_forever__seed_parent_history_475,ReferenceLineScored_Tilt82p5_V50,82.5,50,front_rear_free_flap_elevator,9.51308712749659e-09,exact_trim,883.637976886432,100.000019002195,16.0621645144595,0,-7.57371270224583,0,-0.345515823667705,49.9990908634711,-0.301517605899741,-0.345515819479914,1,
tilt_82p5__vinf_52p5__family_front_rear_free_flap_elevator__source_transition_trim_rearon_connector_forever__seed_parent_history_478,ReferenceLineScored_Tilt82p5_V52p5,82.5,52.5,front_rear_free_flap_elevator,5.42020969191371e-13,exact_trim,844.637846853546,100.13586904954,12.7807042980377,0,-7.2643079230562,0,-0.0156220948232403,52.499998048527,-0.0143144918356111,-0.0156220948231814,1,
tilt_82p5__vinf_55__family_front_rear_free_flap_elevator__source_transition_trim_rearon_connector_forever__seed_parent_history_478,ReferenceLineScored_Tilt82p5_V55,82.5,55,front_rear_free_flap_elevator,7.57831458498392e-11,exact_trim,817.839810250868,100.000000080753,10.4385557868815,0,-6.6869347781619,0,-0.00115056933849737,54.9999999889103,-0.00110446727753525,-0.00115056933849686,1,
tilt_82p5__vinf_57p5__family_front_rear_free_flap_elevator__source_transition_trim_rearon_forever_scored__seed_entry_referencelinescored_tilt82p5_v55,ReferenceLineScored_Tilt82p5_V57p5,82.5,57.5,front_rear_free_flap_elevator,5.00206324151909e-10,exact_trim,811.833051345889,100.000000068234,10.3051905356958,0,-4.46872792636292,0,-0.951572481424342,57.4920701248384,-0.954920289768431,-0.951572481424931,1,
tilt_82p5__vinf_57p5__family_rear_fixed_flap_elevator__source_transition_trim_rearon_connector_forever__seed_nudged_parent_history_482,ReferenceLineScored_Tilt82p5_V57p5,82.5,57.5,rear_fixed_flap_elevator,2.92858311122662e-09,exact_trim,802.231509182294,125.308605097629,8.78469772046697,0,-6.11138191438051,0,-0.0447243310193752,57.499982482178,-0.0448837382842608,-0.0447243310193971,1,
tilt_82p5__vinf_60__family_front_rear_free_flap_elevator__source_transition_trim_rearon_forever_scored__seed_parent_history_482,ReferenceLineScored_Tilt82p5_V60,82.5,60,front_rear_free_flap_elevator,7.0553799809614e-11,exact_trim,788.459707526112,100.000000275582,7.06149007767515,0,-5.72518661700622,0,-0.00336450598806853,59.9999998965471,-0.00352330242968614,-0.00336450598808733,1,
tilt_85__vinf_50__family_cruise_flap_elevator_rear_fixed__source_transition_trim_map__seed_none,FE_tilt_85__V_50__rear_200,85,50,cruise_flap_elevator_rear_fixed,NaN,exact_trim,884.813575251261,200,15.8133069088397,NaN,-8.7247553492314,NaN,-0.0593210264453184,49.9999732141096,-0.0517673540011664,-0.0593210285995911,1,
tilt_85__vinf_50__family_cruise_flap_elevator_rear_fixed__source_transition_trim_map__seed_none,FE_tilt_85__V_50__rear_200,85,50,cruise_flap_elevator_rear_fixed,NaN,exact_trim,884.813575251261,200,15.8133069088397,NaN,-8.7247553492314,NaN,-0.0593210264453184,49.9999732141096,-0.0517673540011664,-0.0593210285995911,1,
tilt_85__vinf_55__family_cruise_flap_elevator_rear_fixed__source_transition_trim_map__seed_none,FE_tilt_85__V_55__rear_200,85,55,cruise_flap_elevator_rear_fixed,NaN,exact_trim,818.885061395263,200,10.5044193338219,NaN,-7.0656758122552,NaN,0.0200910773196337,54.9999966186211,0.0192860493272922,0.0200910773196389,1,
tilt_85__vinf_55__family_cruise_flap_elevator_rear_fixed__source_transition_trim_map__seed_none,FE_tilt_85__V_55__rear_200,85,55,cruise_flap_elevator_rear_fixed,NaN,exact_trim,818.885061395263,200,10.5044193338219,NaN,-7.0656758122552,NaN,0.0200910773196337,54.9999966186211,0.0192860493272922,0.0200910773196389,1,
tilt_85__vinf_60__family_cruise_flap_elevator_rear_fixed__source_transition_trim_map__seed_none,FE_tilt_85__V_60__rear_700,85,60,cruise_flap_elevator_rear_fixed,NaN,exact_trim,778.542347514145,700,6.6695497311344,NaN,-8.15636899369013,NaN,-0.00230577882393072,59.999999951427,-0.0024146059376167,-0.00230577882416631,1,
tilt_85__vinf_60__family_cruise_flap_elevator_rear_fixed__source_transition_trim_map__seed_none,FE_tilt_85__V_60__rear_200,85,60,cruise_flap_elevator_rear_fixed,NaN,exact_trim,788.864020583404,200,7.14957099718811,NaN,-5.99355083988021,NaN,-0.00671269255798974,59.9999995882163,-0.00702951519258136,-0.00671269255798992,1,
tilt_85__vinf_60__family_cruise_flap_elevator_rear_fixed__source_transition_trim_map__seed_none,FE_tilt_85__V_60__rear_600,85,60,cruise_flap_elevator_rear_fixed,NaN,exact_trim,781.370914085918,600,6.81358551632461,NaN,-7.40904560316163,NaN,-0.00610235296707607,59.9999996597816,-0.00639036907088496,-0.0061023529664055,1,
tilt_85__vinf_60__family_cruise_flap_elevator_rear_fixed__source_transition_trim_map__seed_none,FE_tilt_85__V_60__rear_700,85,60,cruise_flap_elevator_rear_fixed,NaN,exact_trim,778.542347514145,700,6.6695497311344,NaN,-8.15636899369013,NaN,-0.00230577882393072,59.999999951427,-0.0024146059376167,-0.00230577882416631,1,
tilt_85__vinf_65__family_cruise_flap_elevator_rear_fixed__source_transition_trim_map__seed_none,FE_tilt_85__V_65__rear_700,85,65,cruise_flap_elevator_rear_fixed,NaN,exact_trim,775.712304845505,700,4.03991413178362,NaN,-6.85462337411382,NaN,0.00577389041330133,64.9999996813843,0.00655027088753913,0.00577389041680956,1,
tilt_85__vinf_65__family_cruise_flap_elevator_rear_fixed__source_transition_trim_map__seed_none,FE_tilt_85__V_65__rear_200,85,65,cruise_flap_elevator_rear_fixed,NaN,exact_trim,784.228998919351,200,4.39702425933331,NaN,-5.27666307708087,NaN,0.0432084128859057,64.9999815169213,0.0490183848673342,0.0432084128869829,1,
tilt_85__vinf_65__family_cruise_flap_elevator_rear_fixed__source_transition_trim_map__seed_none,FE_tilt_85__V_65__rear_300,85,65,cruise_flap_elevator_rear_fixed,NaN,exact_trim,783.496684652246,300,4.44849632889134,NaN,-5.35441705838578,NaN,-0.0151536645192044,64.9999977266124,-0.0171912868737565,-0.0151536645192044,1,
tilt_85__vinf_65__family_cruise_flap_elevator_rear_fixed__source_transition_trim_map__seed_none,FE_tilt_85__V_65__rear_400,85,65,cruise_flap_elevator_rear_fixed,NaN,exact_trim,782.035545801187,400,4.34833290743046,NaN,-5.64495411257447,NaN,0.00550103144964172,64.999999700807,0.00624072221040117,0.00550103145102632,1,
tilt_85__vinf_65__family_cruise_flap_elevator_rear_fixed__source_transition_trim_map__seed_none,FE_tilt_85__V_65__rear_500,85,65,cruise_flap_elevator_rear_fixed,NaN,exact_trim,780.360957311607,500,4.32782551618974,NaN,-5.90933179124609,NaN,-0.0321423360731713,64.9999897719479,-0.0364643216860237,-0.0321423360769385,1,
tilt_85__vinf_65__family_cruise_flap_elevator_rear_fixed__source_transition_trim_map__seed_none,FE_tilt_85__V_65__rear_600,85,65,cruise_flap_elevator_rear_fixed,NaN,exact_trim,778.176190629417,600,4.17163991067692,NaN,-6.36765270845468,NaN,-0.000377974065871228,64.9999999985907,-0.000428797975876243,-0.000377974065871346,1,
tilt_85__vinf_65__family_cruise_flap_elevator_rear_fixed__source_transition_trim_map__seed_none,FE_tilt_85__V_65__rear_700,85,65,cruise_flap_elevator_rear_fixed,NaN,exact_trim,775.712304845505,700,4.03991413178362,NaN,-6.85462337411382,NaN,0.00577389041330133,64.9999996813843,0.00655027088753913,0.00577389041680956,1,
tilt_85__vinf_70__family_cruise_flap_elevator_rear_fixed__source_transition_trim_map__seed_none,FE_tilt_85__V_70__rear_700,85,70,cruise_flap_elevator_rear_fixed,NaN,exact_trim,788.362755279061,700,1.99164124834547,NaN,-5.97718224567267,NaN,-0.0168996436066958,69.9999969550678,-0.0206468093350522,-0.0168996436066077,1,
tilt_85__vinf_70__family_cruise_flap_elevator_rear_fixed__source_transition_trim_map__seed_none,FE_tilt_85__V_70__rear_200,85,70,cruise_flap_elevator_rear_fixed,NaN,exact_trim,794.783291161633,200,2.32412356296551,NaN,-4.59051192777104,NaN,-0.00340026825965351,69.9999998767321,-0.0041542113583023,-0.00340026825965351,1,
tilt_85__vinf_70__family_cruise_flap_elevator_rear_fixed__source_transition_trim_map__seed_none,FE_tilt_85__V_70__rear_300,85,70,cruise_flap_elevator_rear_fixed,NaN,exact_trim,794.052968126459,300,2.27803680910192,NaN,-4.75234294468954,NaN,0.000475371308603617,70.0000000027051,0.000580775615322977,0.000475371308572436,1,
tilt_85__vinf_70__family_cruise_flap_elevator_rear_fixed__source_transition_trim_map__seed_none,FE_tilt_85__V_70__rear_400,85,70,cruise_flap_elevator_rear_fixed,NaN,exact_trim,793.039837803038,400,2.24309495339903,NaN,-4.9489617057149,NaN,-0.0115878037835324,69.9999985698958,-0.0141571729318708,-0.0115878037763619,1,
tilt_85__vinf_70__family_cruise_flap_elevator_rear_fixed__source_transition_trim_map__seed_none,FE_tilt_85__V_70__rear_500,85,70,cruise_flap_elevator_rear_fixed,NaN,exact_trim,791.734372101285,500,2.18156852920399,NaN,-5.21854900649257,NaN,-0.0172852302634965,69.9999968145193,-0.0211178922792005,-0.0172852302594882,1,
tilt_85__vinf_70__family_cruise_flap_elevator_rear_fixed__source_transition_trim_map__seed_none,FE_tilt_85__V_70__rear_600,85,70,cruise_flap_elevator_rear_fixed,NaN,exact_trim,790.196265587109,600,2.07964951877637,NaN,-5.57836768075668,NaN,-0.00839415118996618,69.9999992487757,-0.0102553902961221,-0.00839415119041592,1,
tilt_85__vinf_70__family_cruise_flap_elevator_rear_fixed__source_transition_trim_map__seed_none,FE_tilt_85__V_70__rear_700,85,70,cruise_flap_elevator_rear_fixed,NaN,exact_trim,788.362755279061,700,1.99164124834547,NaN,-5.97718224567267,NaN,-0.0168996436066958,69.9999969550678,-0.0206468093350522,-0.0168996436066077,1,
tilt_85__vinf_75__family_cruise_flap_elevator_rear_fixed__source_transition_trim_map__seed_none,FE_tilt_85__V_75__rear_700,85,75,cruise_flap_elevator_rear_fixed,NaN,exact_trim,797.338082609814,700,0.326371152255212,NaN,-5.54184411559993,NaN,-0.00386508161112268,74.9999998294053,-0.00505937999386589,-0.00386508161094784,1,
tilt_85__vinf_75__family_cruise_flap_elevator_rear_fixed__source_transition_trim_map__seed_none,FE_tilt_85__V_75__rear_200,85,75,cruise_flap_elevator_rear_fixed,NaN,exact_trim,805.158563583032,200,0.615999480669563,NaN,-4.2949415572245,NaN,0.00413392154273518,74.9999998048734,0.00541129064101997,0.004133921542903,1,
tilt_85__vinf_75__family_cruise_flap_elevator_rear_fixed__source_transition_trim_map__seed_none,FE_tilt_85__V_75__rear_300,85,75,cruise_flap_elevator_rear_fixed,NaN,exact_trim,804.277131764581,300,0.584116753135424,NaN,-4.43296120380172,NaN,0.00306928816998241,74.9999998924848,0.00401768881736535,0.00306928816988989,1,
tilt_85__vinf_75__family_cruise_flap_elevator_rear_fixed__source_transition_trim_map__seed_none,FE_tilt_85__V_75__rear_400,85,75,cruise_flap_elevator_rear_fixed,NaN,exact_trim,803.040130885677,400,0.541713365877838,NaN,-4.62396718646749,NaN,0.000261718741019437,75.0000000658792,0.000342589029651083,0.000261718739854812,1,
tilt_85__vinf_75__family_cruise_flap_elevator_rear_fixed__source_transition_trim_map__seed_none,FE_tilt_85__V_75__rear_500,85,75,cruise_flap_elevator_rear_fixed,NaN,exact_trim,801.533903872895,500,0.466834470042217,NaN,-4.8896675379661,NaN,0.00863451825911937,74.99999915935,0.0113025579127342,0.00863451824610755,1,
tilt_85__vinf_75__family_cruise_flap_elevator_rear_fixed__source_transition_trim_map__seed_none,FE_tilt_85__V_75__rear_600,85,75,cruise_flap_elevator_rear_fixed,NaN,exact_trim,799.573823105142,600,0.409318885333886,NaN,-5.18075036385816,NaN,-0.00115619906773718,74.9999999847188,-0.00151346104042859,-0.00115619906773246,1,
tilt_85__vinf_75__family_cruise_flap_elevator_rear_fixed__source_transition_trim_map__seed_none,FE_tilt_85__V_75__rear_700,85,75,cruise_flap_elevator_rear_fixed,NaN,exact_trim,797.338082609814,700,0.326371152255212,NaN,-5.54184411559993,NaN,-0.00386508161112268,74.9999998294053,-0.00505937999386589,-0.00386508161094784,1,
tilt_87p5__vinf_55__family_front_rear_free_flap_elevator__source_transition_trim_rearon_connector_forever__seed_nudged_parent_history_512,ReferenceLineScored_Tilt87p5_V55,87.5,55,front_rear_free_flap_elevator,6.22305143363497e-08,exact_trim,823.096091470951,126.575317253496,10.7348798575372,0,-7.06497707912706,0,-0.0176778387194655,54.9999974046815,-0.0169695067640777,-0.0176778387823264,1,
tilt_87p5__vinf_57p5__family_front_rear_free_flap_elevator__source_transition_trim_rearon_connector_forever__seed_parent_history_514,ReferenceLineScored_Tilt87p5_V57p5,87.5,57.5,front_rear_free_flap_elevator,8.54013986040195e-07,exact_trim,807.263131674858,123.683243074475,9.07067063780826,0,-6.42498587235811,0,-0.050081950827203,57.4999780338002,-0.0502604525208271,-0.0500819508272046,1,
tilt_87p5__vinf_60__family_front_rear_free_flap_elevator__source_transition_trim_rearon_connector_forever__seed_parent_history_514,ReferenceLineScored_Tilt87p5_V60,87.5,60,front_rear_free_flap_elevator,6.7826814617721e-09,exact_trim,791.512690812837,100.000000005443,7.2951520771254,0,-6.01137984665218,0,-0.00598528967274605,59.9999996726322,-0.00626778067725994,-0.0059852896728957,1,
tilt_87p5__vinf_62p5__family_front_rear_free_flap_elevator__source_transition_trim_rearon_connector_forever__seed_parent_history_518,ReferenceLineScored_Tilt87p5_V62p5,87.5,62.5,front_rear_free_flap_elevator,3.28144449477446e-12,exact_trim,787.351965524434,100.009469711814,5.89799880051148,0,-5.57663256981627,0,-0.0102666601773027,62.4999989966251,-0.0111991888949017,-0.0102666601773027,1,
tilt_87p5__vinf_65__family_front_rear_free_flap_elevator__source_transition_trim_rearon_connector_forever__seed_parent_history_518,ReferenceLineScored_Tilt87p5_V65,87.5,65,front_rear_free_flap_elevator,1.49626127848589e-10,exact_trim,786.39423660665,100,4.59868011543702,0,-5.21539050186869,0,5.14186286724612e-05,64.9999999999739,5.83325838676517e-05,5.14186286724584e-05,1,
tilt_87p5__vinf_67p5__family_front_rear_free_flap_elevator__source_transition_trim_rearon_connector_forever__seed_entry_referencelinescored_tilt87p5_v65,ReferenceLineScored_Tilt87p5_V67p5,87.5,67.5,front_rear_free_flap_elevator,1.07334891090861e-07,exact_trim,787.163247090782,100.001941369289,2.56083985594092,0,-5.7802417016128,0,0.522342376863794,67.4971950512053,0.615361594084111,0.522342378860376,1,
tilt_87p5__vinf_70__family_front_rear_free_flap_elevator__source_rear_on_cruise_anchor__seed_none,RearOnAnchor_V70_Tilt87p5_R450_front_rear_free_flap_elevator,87.5,70,front_rear_free_flap_elevator,1.84956458056341e-11,exact_trim,793.196989101574,450.023826344716,2.25277715481186,NaN,-5.22859536441373,NaN,0.014048871260433,NaN,NaN,NaN,1,
tilt_87p5__vinf_70__family_front_rear_free_flap_elevator__source_transition_trim_rearon_connector_forever__seed_parent_history_525,ReferenceLineScored_Tilt87p5_V70,87.5,70,front_rear_free_flap_elevator,2.58012070448636e-12,exact_trim,795.986982836676,100.004962126547,2.43296270521816,0,-4.60415173394216,0,-0.00211165844039939,69.9999999524583,-0.00257987747179022,-0.00211165844039893,1,
tilt_87p5__vinf_70__family_rear_fixed_flap_elevator__source_rear_on_cruise_anchor__seed_none,RearOnAnchor_V70_Tilt87p5_R450_rear_fixed_flap_elevator,87.5,70,rear_fixed_flap_elevator,1.95325973990869e-11,exact_trim,793.195987413059,450,2.2566359385011,NaN,-5.22464633496784,NaN,0.011778700705766,NaN,NaN,NaN,1,
tilt_87p5__vinf_72p5__family_front_rear_free_flap_elevator__source_rear_on_cruise_anchor__seed_none,RearOnAnchor_V72p5_Tilt87p5_R550_front_rear_free_flap_elevator,87.5,72.5,front_rear_free_flap_elevator,1.68992477665626e-07,exact_trim,797.266637611171,550.315778788416,1.33556994699243,NaN,-5.25248035395776,NaN,-0.0138271134067181,NaN,NaN,NaN,1,
tilt_87p5__vinf_72p5__family_front_rear_free_flap_elevator__source_transition_trim_rearon_connector_forever__seed_parent_history_532,ReferenceLineScored_Tilt87p5_V72p5,87.5,72.5,front_rear_free_flap_elevator,5.02120856923555e-07,exact_trim,802.729587126293,100.00000299744,1.51267225278003,0,-4.41208562026513,0,0.0068355348920924,72.4999994843656,0.00864943775604119,0.00683553489318215,1,
tilt_87p5__vinf_72p5__family_rear_fixed_flap_elevator__source_rear_on_cruise_anchor__seed_none,RearOnAnchor_V72p5_Tilt87p5_R550_rear_fixed_flap_elevator,87.5,72.5,rear_fixed_flap_elevator,1.67956544510845e-07,exact_trim,797.273180317383,550,1.33576134218224,NaN,-5.25150189868198,NaN,-0.0137915481067135,NaN,NaN,NaN,1,
tilt_87p5__vinf_75__family_front_rear_free_flap_elevator__source_rear_on_cruise_anchor__seed_none,RearOnAnchor_V75_Tilt87p5_R550_front_rear_free_flap_elevator,87.5,75,front_rear_free_flap_elevator,6.66637862536915e-08,exact_trim,801.507356351243,550.338630902552,0.560431429767485,NaN,-5.06633685712618,NaN,-0.0230238397148623,NaN,NaN,NaN,1,
tilt_87p5__vinf_75__family_front_rear_free_flap_elevator__source_transition_trim_rearon_connector_forever__seed_parent_history_532,ReferenceLineScored_Tilt87p5_V75,87.5,75,front_rear_free_flap_elevator,6.58121274432281e-11,exact_trim,806.792258013322,100.039484539958,0.720672241118731,0,-4.28622061765753,0,-0.000593169187918799,74.9999999959809,-0.000776456651278387,-0.000593169187918764,1,
tilt_87p5__vinf_75__family_rear_fixed_flap_elevator__source_rear_on_cruise_anchor__seed_none,RearOnAnchor_V75_Tilt87p5_R550_rear_fixed_flap_elevator,87.5,75,rear_fixed_flap_elevator,6.54104764347999e-08,exact_trim,801.513090533525,550,0.560888166036092,NaN,-5.06509397209741,NaN,-0.0231442433594788,NaN,NaN,NaN,1,
tilt_90__vinf_55__family_cruise_flap_elevator_rear_fixed__source_transition_trim_map__seed_none,FE_tilt_90__V_55__rear_100,90,55,cruise_flap_elevator_rear_fixed,NaN,exact_trim,828.879419070453,100,11.118958740148,NaN,-6.97947332837626,NaN,-0.156640181638434,54.9997944613429,-0.150363592771898,-0.156640181638674,1,
tilt_90__vinf_60__family_cruise_flap_elevator_rear_fixed__source_transition_trim_map__seed_none,FE_tilt_90__V_60__rear_600,90,60,cruise_flap_elevator_rear_fixed,NaN,exact_trim,786.21435624474,600,7.15019822075827,NaN,-7.66373838641473,NaN,-0.071989155444279,59.9999526402342,-0.0753868474588702,-0.0719891554441698,1,
tilt_90__vinf_60__family_cruise_flap_elevator_rear_fixed__source_transition_trim_map__seed_none,FE_tilt_90__V_60__rear_200,90,60,cruise_flap_elevator_rear_fixed,NaN,exact_trim,794.638429228954,200,7.51457541771772,NaN,-6.15275851339989,NaN,-0.0825918166719038,59.9999376624208,-0.086489918211564,-0.0825918166690927,1,
tilt_90__vinf_60__family_cruise_flap_elevator_rear_fixed__source_transition_trim_map__seed_none,FE_tilt_90__V_60__rear_600,90,60,cruise_flap_elevator_rear_fixed,NaN,exact_trim,786.21435624474,600,7.15019822075827,NaN,-7.66373838641473,NaN,-0.071989155444279,59.9999526402342,-0.0753868474588702,-0.0719891554441698,1,
tilt_90__vinf_65__family_cruise_flap_elevator_rear_fixed__source_transition_trim_map__seed_none,FE_tilt_90__V_65__rear_700,90,65,cruise_flap_elevator_rear_fixed,NaN,exact_trim,779.113447872605,700,4.23577089690653,NaN,-7.0997325741176,NaN,0.00712226363157098,64.9999995347203,0.00807995177864465,0.00712226363869055,1,
tilt_90__vinf_65__family_cruise_flap_elevator_rear_fixed__source_transition_trim_map__seed_none,FE_tilt_90__V_65__rear_200,90,65,cruise_flap_elevator_rear_fixed,NaN,exact_trim,788.026372228857,200,4.70240099805134,NaN,-5.41304812025198,NaN,-0.0179385473058449,64.9999968143283,-0.0203506360410922,-0.0179385473016794,1,
tilt_90__vinf_65__family_cruise_flap_elevator_rear_fixed__source_transition_trim_map__seed_none,FE_tilt_90__V_65__rear_300,90,65,cruise_flap_elevator_rear_fixed,NaN,exact_trim,786.917158702436,300,4.62400740160029,NaN,-5.62747088906876,NaN,0.000583649745859341,64.999999997433,0.000662129627995385,0.000583649741152136,1,
tilt_90__vinf_65__family_cruise_flap_elevator_rear_fixed__source_transition_trim_map__seed_none,FE_tilt_90__V_65__rear_400,90,65,cruise_flap_elevator_rear_fixed,NaN,exact_trim,785.525133973671,400,4.5580316084036,NaN,-5.88314205754082,NaN,0.000570105909283736,64.9999999967882,0.000646764638123622,0.00057010590928304,1,
tilt_90__vinf_65__family_cruise_flap_elevator_rear_fixed__source_transition_trim_map__seed_none,FE_tilt_90__V_65__rear_500,90,65,cruise_flap_elevator_rear_fixed,NaN,exact_trim,783.680150456541,500,4.43088116636012,NaN,-6.25542443040005,NaN,0.0256367939261514,64.9999934932299,0.0290840191678605,0.0256367939261573,1,
tilt_90__vinf_65__family_cruise_flap_elevator_rear_fixed__source_transition_trim_map__seed_none,FE_tilt_90__V_65__rear_600,90,65,cruise_flap_elevator_rear_fixed,NaN,exact_trim,781.61225633762,600,4.37446602088286,NaN,-6.60844619043496,NaN,-0.00241012447960771,64.999999942514,-0.00273419949004698,-0.00241012447957944,1,
tilt_90__vinf_65__family_cruise_flap_elevator_rear_fixed__source_transition_trim_map__seed_none,FE_tilt_90__V_65__rear_700,90,65,cruise_flap_elevator_rear_fixed,NaN,exact_trim,779.113447872605,700,4.23577089690653,NaN,-7.0997325741176,NaN,0.00712226363157098,64.9999995347203,0.00807995177864465,0.00712226363869055,1,
tilt_90__vinf_70__family_cruise_flap_elevator_rear_fixed__source_transition_trim_map__seed_none,FE_tilt_90__V_70__rear_700,90,70,cruise_flap_elevator_rear_fixed,NaN,exact_trim,790.687145100266,700,2.13719467903036,NaN,-6.21555899710478,NaN,-0.00108534709861336,69.9999999874482,-0.00132600162776648,-0.00108534709861475,1,
tilt_90__vinf_70__family_cruise_flap_elevator_rear_fixed__source_transition_trim_map__seed_none,FE_tilt_90__V_70__rear_200,90,70,cruise_flap_elevator_rear_fixed,NaN,exact_trim,797.101689789001,200,2.5093279833658,NaN,-4.78956242607962,NaN,-0.00948342258810177,69.9999990411342,-0.0115861863435136,-0.00948342258809456,1,
tilt_90__vinf_70__family_cruise_flap_elevator_rear_fixed__source_transition_trim_map__seed_none,FE_tilt_90__V_70__rear_300,90,70,cruise_flap_elevator_rear_fixed,NaN,exact_trim,796.421057885125,300,2.53134423592301,NaN,-4.8817781472609,NaN,-0.0460516715960778,69.9999773893583,-0.056262724603054,-0.0460516715820964,1,
tilt_90__vinf_70__family_cruise_flap_elevator_rear_fixed__source_transition_trim_map__seed_none,FE_tilt_90__V_70__rear_400,90,70,cruise_flap_elevator_rear_fixed,NaN,exact_trim,795.372368864712,400,2.50481581738057,NaN,-5.06894803254591,NaN,-0.0633439009697152,69.9999572244894,-0.0773891580761233,-0.0633439005838203,1,
tilt_90__vinf_70__family_cruise_flap_elevator_rear_fixed__source_transition_trim_map__seed_none,FE_tilt_90__V_70__rear_500,90,70,cruise_flap_elevator_rear_fixed,NaN,exact_trim,794.018467208004,500,2.36593791678618,NaN,-5.41549617736774,NaN,-0.0236641026934507,69.9999940298779,-0.0289111546197507,-0.0236641026807163,1,
tilt_90__vinf_70__family_cruise_flap_elevator_rear_fixed__source_transition_trim_map__seed_none,FE_tilt_90__V_70__rear_600,90,70,cruise_flap_elevator_rear_fixed,NaN,exact_trim,792.455288088042,600,2.26318702927264,NaN,-5.77998680108458,NaN,-0.0145479526953222,69.999997743564,-0.0177736769844286,-0.0145479526939795,1,
tilt_90__vinf_70__family_cruise_flap_elevator_rear_fixed__source_transition_trim_map__seed_none,FE_tilt_90__V_70__rear_700,90,70,cruise_flap_elevator_rear_fixed,NaN,exact_trim,790.687145100266,700,2.13719467903036,NaN,-6.21555899710478,NaN,-0.00108534709861336,69.9999999874482,-0.00132600162776648,-0.00108534709861475,1,
tilt_90__vinf_70__family_front_rear_free_flap_elevator__source_rear_on_cruise_anchor__seed_none,RearOnAnchor_V70_Tilt90_R650_front_rear_free_flap_elevator,90,70,front_rear_free_flap_elevator,1.82433726722589e-11,exact_trim,791.49101238239,652.187747584629,2.23648429568793,NaN,-5.9617559825975,NaN,-0.0294233178464062,NaN,NaN,NaN,1,
tilt_90__vinf_70__family_front_rear_free_flap_elevator__source_rear_on_cruise_anchor__seed_none,RearOnAnchor_V70_Tilt90_R450_front_rear_free_flap_elevator,90,70,front_rear_free_flap_elevator,3.94704649885496e-11,exact_trim,794.735074032392,448.741829526151,2.29867952605653,NaN,-5.37209400184037,NaN,0.0389881339454822,NaN,NaN,NaN,1,
tilt_90__vinf_70__family_front_rear_free_flap_elevator__source_rear_on_cruise_anchor__seed_none,RearOnAnchor_V70_Tilt90_R650_front_rear_free_flap_elevator,90,70,front_rear_free_flap_elevator,1.82433726722589e-11,exact_trim,791.49101238239,652.187747584629,2.23648429568793,NaN,-5.9617559825975,NaN,-0.0294233178464062,NaN,NaN,NaN,1,
tilt_90__vinf_70__family_rear_fixed_flap_elevator__source_rear_on_cruise_anchor__seed_none,RearOnAnchor_V70_Tilt90_R650_rear_fixed_flap_elevator,90,70,rear_fixed_flap_elevator,1.18935257962713e-11,exact_trim,791.554539656318,650,2.2254514640424,NaN,-5.96621763866342,NaN,-0.0215679821678117,NaN,NaN,NaN,1,
tilt_90__vinf_70__family_rear_fixed_flap_elevator__source_rear_on_cruise_anchor__seed_none,RearOnAnchor_V70_Tilt90_R450_rear_fixed_flap_elevator,90,70,rear_fixed_flap_elevator,2.48654175715567e-11,exact_trim,794.718641575978,450,2.30414385418219,NaN,-5.36916039165725,NaN,0.0352264013754535,NaN,NaN,NaN,1,
tilt_90__vinf_70__family_rear_fixed_flap_elevator__source_rear_on_cruise_anchor__seed_none,RearOnAnchor_V70_Tilt90_R650_rear_fixed_flap_elevator,90,70,rear_fixed_flap_elevator,1.18935257962713e-11,exact_trim,791.554539656318,650,2.2254514640424,NaN,-5.96621763866342,NaN,-0.0215679821678117,NaN,NaN,NaN,1,
tilt_90__vinf_72p5__family_front_rear_free_flap_elevator__source_rear_on_cruise_anchor__seed_none,RearOnAnchor_V72p5_Tilt90_R550_front_rear_free_flap_elevator,90,72.5,front_rear_free_flap_elevator,4.05476899842421e-13,exact_trim,798.930038395275,551.250781150098,1.53907796943858,NaN,-5.21983431689573,NaN,-0.0868233819898157,NaN,NaN,NaN,1,
tilt_90__vinf_72p5__family_front_rear_free_flap_elevator__source_transition_trim_rearon_connector_forever__seed_nudged_parent_history_557,ReferenceLineScored_Tilt90_V72p5,90,72.5,front_rear_free_flap_elevator,3.07830036425537e-07,exact_trim,804.600773987882,128.50390721517,1.60647256505078,0,-4.50327356033354,0,-0.00317235126523537,72.4999999341322,-0.00401417815897427,-0.00317235126478277,1,
tilt_90__vinf_72p5__family_rear_fixed_flap_elevator__source_rear_on_cruise_anchor__seed_none,RearOnAnchor_V72p5_Tilt90_R550_rear_fixed_flap_elevator,90,72.5,rear_fixed_flap_elevator,7.63985364251057e-13,exact_trim,798.982389768051,550,1.52891943779432,NaN,-5.22682950562214,NaN,-0.0802413408577298,NaN,NaN,NaN,1,
tilt_90__vinf_72p5__family_rear_fixed_flap_elevator__source_transition_trim_rearon_forever_scored__seed_nudged_parent_history_557,ReferenceLineScored_Tilt90_V72p5,90,72.5,rear_fixed_flap_elevator,6.4749425647501e-07,exact_trim,804.636895302695,120.714285714286,1.60974291011662,0,-4.49562714934443,0,-0.0042678273085664,72.4999998209759,-0.00540035377515782,-0.00426782730187407,1,
tilt_90__vinf_75__family_cruise_flap_elevator_rear_fixed__source_transition_trim_map__seed_none,FE_tilt_90__V_75__rear_600,90,75,cruise_flap_elevator_rear_fixed,NaN,exact_trim,802.541299783604,600,0.562931117481958,NaN,-5.3426115937518,NaN,-0.0026101907168864,74.9999999221724,-0.00341673165741997,-0.00261019071688825,1,
tilt_90__vinf_75__family_cruise_flap_elevator_rear_fixed__source_transition_trim_map__seed_none,FE_tilt_90__V_75__rear_200,90,75,cruise_flap_elevator_rear_fixed,NaN,exact_trim,808.170536573566,200,0.775771123779272,NaN,-4.45509486540784,NaN,0.000297407253700447,74.9999999989912,0.000389305184727232,0.000297407253700413,1,
tilt_90__vinf_75__family_cruise_flap_elevator_rear_fixed__source_transition_trim_map__seed_none,FE_tilt_90__V_75__rear_300,90,75,cruise_flap_elevator_rear_fixed,NaN,exact_trim,807.284099298259,300,0.741456869116605,NaN,-4.59483257339722,NaN,0.000468903785342811,74.9999999974945,0.000613793619690931,0.000468903785343174,1,
tilt_90__vinf_75__family_cruise_flap_elevator_rear_fixed__source_transition_trim_map__seed_none,FE_tilt_90__V_75__rear_400,90,75,cruise_flap_elevator_rear_fixed,NaN,exact_trim,806.050907944006,400,0.693128548309237,NaN,-4.79074257392908,NaN,0.000877625931006187,74.9999999912007,0.00114880965722451,0.000877625931005462,1,
tilt_90__vinf_75__family_cruise_flap_elevator_rear_fixed__source_transition_trim_map__seed_none,FE_tilt_90__V_75__rear_500,90,75,cruise_flap_elevator_rear_fixed,NaN,exact_trim,804.571719015154,500,0.603490352935673,NaN,-5.06989193812138,NaN,0.0176126890729726,74.9999969367471,0.0230549551547601,0.0176126885276766,1,
tilt_90__vinf_75__family_cruise_flap_elevator_rear_fixed__source_transition_trim_map__seed_none,FE_tilt_90__V_75__rear_600,90,75,cruise_flap_elevator_rear_fixed,NaN,exact_trim,802.541299783604,600,0.562931117481958,NaN,-5.3426115937518,NaN,-0.0026101907168864,74.9999999221724,-0.00341673165741997,-0.00261019071688825,1,
tilt_90__vinf_75__family_front_rear_free_flap_elevator__source_rear_on_cruise_anchor__seed_none,RearOnAnchor_V75_Tilt90_R550_front_rear_free_flap_elevator,90,75,front_rear_free_flap_elevator,1.9214909197718e-07,exact_trim,803.512091553333,550.393646475808,0.606946368217773,NaN,-5.17834323636269,NaN,-0.00566075137694236,NaN,NaN,NaN,1,
tilt_90__vinf_75__family_front_rear_free_flap_elevator__source_rear_on_cruise_anchor__seed_none,RearOnAnchor_V75_Tilt90_R550_front_rear_free_flap_elevator,90,75,front_rear_free_flap_elevator,1.9214909197718e-07,exact_trim,803.512091553333,550.393646475808,0.606946368217773,NaN,-5.17834323636269,NaN,-0.00566075137694236,NaN,NaN,NaN,1,
tilt_90__vinf_75__family_rear_fixed_flap_elevator__source_rear_on_cruise_anchor__seed_none,RearOnAnchor_V75_Tilt90_R550_rear_fixed_flap_elevator,90,75,rear_fixed_flap_elevator,1.91172084554019e-07,exact_trim,803.519076456436,550,0.607391951458888,NaN,-5.17698576168078,NaN,-0.00574962784966352,NaN,NaN,NaN,1,
tilt_90__vinf_75__family_rear_fixed_flap_elevator__source_rear_on_cruise_anchor__seed_none,RearOnAnchor_V75_Tilt90_R550_rear_fixed_flap_elevator,90,75,rear_fixed_flap_elevator,1.91172084554019e-07,exact_trim,803.519076456436,550,0.607391951458888,NaN,-5.17698576168078,NaN,-0.00574962784966352,NaN,NaN,NaN,1,
