Derivative,Value
CDffd01,0.002136
CLa,4.535371
CLb,0.000000
CLd01,0.043563
CYb,-0.237284
CYd04,-0.004435
Clb,-0.058831
Cld02,0.011678
Cma,-1.799272
Cmd03,-0.020238
Cnb,0.230735
Cnd04,0.001289
